node_id,timestamp,temperature,humidity,pressure,label,attack_type
N01,2026-01-01T00:00:00,27.18,57.11,1009.57,0,none
N02,2026-01-01T00:00:00,26.65,60.48,1010.24,0,none
N03,2026-01-01T00:00:00,27.68,58.19,1009.76,0,none
N04,2026-01-01T00:00:00,26.08,58.14,1009.71,0,none
N05,2026-01-01T00:00:00,26.24,57.99,1009.87,0,none
N06,2026-01-01T00:00:00,27.17,58.92,1010.48,0,none
N07,2026-01-01T00:00:00,27.56,57.96,1010.14,0,none
N08,2026-01-01T00:00:00,27.33,59.44,1009.19,0,none
N09,2026-01-01T00:00:00,28.19,58.78,1008.62,0,none
N10,2026-01-01T00:00:00,26.28,61.89,1009.87,0,none
N01,2026-01-01T00:00:01,27.47,57.59,1009.45,0,none
N02,2026-01-01T00:00:01,26.57,61.15,1010.03,0,none
N03,2026-01-01T00:00:01,17.79,56.09,1007.22,1,spoof
N04,2026-01-01T00:00:01,26.14,59.5,1009.75,0,none
N05,2026-01-01T00:00:01,26.33,59.43,1010.44,0,none
N06,2026-01-01T00:00:01,27.03,59.02,1010.54,0,none
N07,2026-01-01T00:00:01,27.59,57.5,1010.62,0,none
N08,2026-01-01T00:00:01,27.42,59.32,1008.86,0,none
N09,2026-01-01T00:00:01,27.92,59.02,1008.82,0,none
N10,2026-01-01T00:00:01,26.32,61.94,1010.41,0,none
N01,2026-01-01T00:00:02,27.53,57.56,1009.23,0,none
N02,2026-01-01T00:00:02,26.5,60.59,1010.24,0,none
N03,2026-01-01T00:00:02,20.51,34.26,1017.87,1,spoof
N04,2026-01-01T00:00:02,26.29,59.61,1010.06,0,none
N05,2026-01-01T00:00:02,26.2,58.5,1010.49,0,none
N06,2026-01-01T00:00:02,26.91,58.69,1010.25,0,none
N07,2026-01-01T00:00:02,27.56,57.02,1010.86,0,none
N08,2026-01-01T00:00:02,27.52,59.1,1008.92,0,none
N09,2026-01-01T00:00:02,27.99,59.3,1009.3,0,none
N10,2026-01-01T00:00:02,26.37,62.69,1009.66,0,none
N01,2026-01-01T00:00:03,27.73,57.66,1009.58,0,none
N02,2026-01-01T00:00:03,26.57,61.15,1010.5,0,none
N03,2026-01-01T00:00:03,38.93,89.73,1013.35,1,spoof
N04,2026-01-01T00:00:03,26.34,58.75,1009.85,0,none
N05,2026-01-01T00:00:03,26.13,58.42,1010.37,0,none
N06,2026-01-01T00:00:03,27.17,59.0,1010.09,0,none
N07,2026-01-01T00:00:03,27.78,58.41,1010.65,0,none
N08,2026-01-01T00:00:03,27.4,59.41,1009.59,0,none
N09,2026-01-01T00:00:03,27.81,59.07,1009.22,0,none
N10,2026-01-01T00:00:03,26.38,61.24,1010.53,0,none
N01,2026-01-01T00:00:04,27.57,58.12,1009.3,0,none
N02,2026-01-01T00:00:04,26.96,60.92,1010.48,0,none
N03,2026-01-01T00:00:04,39.68,69.24,980.47,1,spoof
N04,2026-01-01T00:00:04,26.38,58.47,1009.49,0,none
N05,2026-01-01T00:00:04,26.02,59.26,1010.44,0,none
N06,2026-01-01T00:00:04,27.24,58.53,1009.9,0,none
N07,2026-01-01T00:00:04,27.65,57.96,1010.47,0,none
N08,2026-01-01T00:00:04,27.79,59.46,1008.87,0,none
N09,2026-01-01T00:00:04,27.91,59.36,1008.89,0,none
N10,2026-01-01T00:00:04,26.61,61.52,1010.3,0,none
N01,2026-01-01T00:00:05,27.51,56.98,1009.64,0,none
N02,2026-01-01T00:00:05,26.61,61.54,1009.82,0,none
N03,2026-01-01T00:00:05,35.27,82.88,981.49,1,spoof
N04,2026-01-01T00:00:05,26.02,58.83,1009.75,0,none
N05,2026-01-01T00:00:05,26.5,58.08,1010.31,0,none
N06,2026-01-01T00:00:05,27.52,59.1,1010.06,0,none
N07,2026-01-01T00:00:05,27.64,58.68,1010.75,0,none
N08,2026-01-01T00:00:05,27.56,60.31,1008.59,0,none
N09,2026-01-01T00:00:05,27.65,60.26,1008.34,0,none
N10,2026-01-01T00:00:05,26.37,62.44,1010.95,0,none
N01,2026-01-01T00:00:06,27.6,57.59,1009.46,0,none
N02,2026-01-01T00:00:06,26.66,61.47,1010.78,0,none
N03,2026-01-01T00:00:06,16.75,69.85,999.81,1,spoof
N04,2026-01-01T00:00:06,26.2,59.91,1009.99,0,none
N05,2026-01-01T00:00:06,26.18,58.58,1010.53,0,none
N06,2026-01-01T00:00:06,27.45,58.75,1010.57,0,none
N07,2026-01-01T00:00:06,27.6,58.41,1010.76,0,none
N08,2026-01-01T00:00:06,27.42,59.13,1009.0,0,none
N09,2026-01-01T00:00:06,28.02,59.67,1008.87,0,none
N10,2026-01-01T00:00:06,26.34,61.7,1010.48,0,none
N01,2026-01-01T00:00:07,27.4,58.74,1009.6,0,none
N02,2026-01-01T00:00:07,26.6,61.85,1010.94,0,none
N03,2026-01-01T00:00:07,17.66,55.51,990.55,1,spoof
N04,2026-01-01T00:00:07,26.04,59.69,1009.99,0,none
N05,2026-01-01T00:00:07,26.39,58.56,1010.58,0,none
N06,2026-01-01T00:00:07,27.02,60.11,1010.1,0,none
N07,2026-01-01T00:00:07,27.42,58.06,1010.2,0,none
N08,2026-01-01T00:00:07,27.41,59.67,1009.48,0,none
N09,2026-01-01T00:00:07,27.76,59.58,1009.08,0,none
N10,2026-01-01T00:00:07,26.48,61.86,1010.66,0,none
N01,2026-01-01T00:00:08,27.47,57.61,1009.55,0,none
N02,2026-01-01T00:00:08,26.83,61.15,1010.4,0,none
N03,2026-01-01T00:00:08,33.84,81.21,1037.21,1,spoof
N04,2026-01-01T00:00:08,26.1,59.45,1009.8,0,none
N05,2026-01-01T00:00:08,26.25,58.83,1010.56,0,none
N06,2026-01-01T00:00:08,27.17,59.22,1010.24,0,none
N07,2026-01-01T00:00:08,27.73,57.52,1011.15,0,none
N08,2026-01-01T00:00:08,27.63,60.04,1009.63,0,none
N09,2026-01-01T00:00:08,28.03,59.64,1008.91,0,none
N10,2026-01-01T00:00:08,26.43,62.27,1010.8,0,none
N01,2026-01-01T00:00:09,27.3,57.41,1009.78,0,none
N02,2026-01-01T00:00:09,26.67,62.03,1010.88,0,none
N03,2026-01-01T00:00:09,33.7,36.87,1029.16,1,spoof
N04,2026-01-01T00:00:09,26.53,59.26,1010.11,0,none
N05,2026-01-01T00:00:09,26.18,57.8,1010.11,0,none
N06,2026-01-01T00:00:09,27.42,58.87,1010.25,0,none
N07,2026-01-01T00:00:09,27.69,57.86,1011.39,0,none
N08,2026-01-01T00:00:09,27.53,59.2,1009.57,0,none
N09,2026-01-01T00:00:09,28.05,59.38,1009.57,0,none
N10,2026-01-01T00:00:09,26.42,61.29,1010.58,0,none
N01,2026-01-01T00:00:10,27.51,58.02,1009.34,0,none
N02,2026-01-01T00:00:10,27.01,62.01,1010.55,0,none
N03,2026-01-01T00:00:10,19.55,42.73,1027.87,1,spoof
N04,2026-01-01T00:00:10,34.92,83.96,1033.34,1,spike
N05,2026-01-01T00:00:10,26.28,58.54,1010.2,0,none
N06,2026-01-01T00:00:10,27.36,59.76,1010.19,0,none
N07,2026-01-01T00:00:10,27.99,57.24,1011.07,0,none
N08,2026-01-01T00:00:10,27.58,59.95,1009.43,0,none
N09,2026-01-01T00:00:10,28.13,59.58,1008.94,0,none
N10,2026-01-01T00:00:10,26.45,60.66,1010.12,0,none
N01,2026-01-01T00:00:11,27.71,58.21,1009.53,0,none
N02,2026-01-01T00:00:11,27.17,62.28,1011.05,0,none
N03,2026-01-01T00:00:11,16.28,86.46,1008.66,1,spoof
N04,2026-01-01T00:00:11,33.08,81.86,1025.58,1,spike
N05,2026-01-01T00:00:11,26.53,59.51,1010.23,0,none
N06,2026-01-01T00:00:11,27.8,58.4,1010.08,0,none
N07,2026-01-01T00:00:11,27.67,58.23,1011.51,0,none
N08,2026-01-01T00:00:11,27.28,59.04,1009.05,0,none
N09,2026-01-01T00:00:11,28.15,,1009.32,0,none
N10,2026-01-01T00:00:11,26.62,61.9,1010.13,0,none
N01,2026-01-01T00:00:12,27.59,58.36,1010.26,0,none
N02,2026-01-01T00:00:12,26.82,62.09,1010.73,0,none
N03,2026-01-01T00:00:12,29.88,79.45,1035.27,1,spoof
N04,2026-01-01T00:00:12,33.9,81.06,1030.44,1,spike
N05,2026-01-01T00:00:12,26.58,58.42,1010.27,0,none
N06,2026-01-01T00:00:12,27.48,59.43,1010.22,0,none
N07,2026-01-01T00:00:12,27.58,58.43,1010.46,0,none
N08,2026-01-01T00:00:12,27.73,60.49,1009.22,0,none
N09,2026-01-01T00:00:12,28.16,60.45,1008.57,0,none
N10,2026-01-01T00:00:12,26.53,62.6,1010.69,0,none
N01,2026-01-01T00:00:13,27.66,58.43,1009.84,0,none
N02,2026-01-01T00:00:13,26.92,61.81,1010.79,0,none
N03,2026-01-01T00:00:13,26.05,33.1,996.02,1,spoof
N04,2026-01-01T00:00:13,26.38,59.59,1010.57,0,none
N05,2026-01-01T00:00:13,26.7,59.35,1010.88,0,none
N06,2026-01-01T00:00:13,27.2,59.02,1010.71,0,none
N07,2026-01-01T00:00:13,28.11,58.06,1011.51,0,none
N08,2026-01-01T00:00:13,27.99,59.4,1009.73,0,none
N09,2026-01-01T00:00:13,28.23,60.14,1009.0,0,none
N10,2026-01-01T00:00:13,26.48,62.47,1010.04,0,none
N01,2026-01-01T00:00:14,27.35,57.83,1009.65,0,none
N02,2026-01-01T00:00:14,26.75,61.94,1010.85,0,none
N03,2026-01-01T00:00:14,24.57,81.36,1004.65,1,spoof
N04,2026-01-01T00:00:14,26.46,59.92,1010.67,0,none
N05,2026-01-01T00:00:14,26.45,59.15,1010.62,0,none
N06,2026-01-01T00:00:14,27.59,59.32,1011.08,0,none
N07,2026-01-01T00:00:14,28.11,58.67,1011.15,0,none
N08,2026-01-01T00:00:14,27.97,60.39,1009.54,0,none
N09,2026-01-01T00:00:14,28.41,59.62,1009.82,0,none
N10,2026-01-01T00:00:14,26.43,61.68,1010.28,0,none
N01,2026-01-01T00:00:15,27.67,58.74,1010.36,0,none
N02,2026-01-01T00:00:15,26.88,62.16,1011.04,0,none
N03,2026-01-01T00:00:15,25.3,70.91,990.8,1,spoof
N04,2026-01-01T00:00:15,26.61,59.77,1010.78,0,none
N05,2026-01-01T00:00:15,26.36,59.37,1010.81,0,none
N06,2026-01-01T00:00:15,27.71,59.92,1010.41,0,none
N07,2026-01-01T00:00:15,28.29,58.98,1011.39,0,none
N08,2026-01-01T00:00:15,27.76,59.63,1009.64,0,none
N09,2026-01-01T00:00:15,28.35,60.33,1009.26,0,none
N10,2026-01-01T00:00:15,34.39,43.81,1028.12,1,spoof
N01,2026-01-01T00:00:16,27.95,58.76,1009.45,0,none
N02,2026-01-01T00:00:16,26.92,61.99,1010.88,0,none
N03,2026-01-01T00:00:16,25.39,42.05,1027.19,1,spoof
N04,2026-01-01T00:00:16,26.7,59.27,1010.22,0,none
N05,2026-01-01T00:00:16,26.59,60.74,1010.53,0,none
N06,2026-01-01T00:00:16,27.59,59.09,1011.1,0,none
N07,2026-01-01T00:00:16,28.12,58.36,1010.91,0,none
N08,2026-01-01T00:00:16,27.93,60.46,1009.6,0,none
N09,2026-01-01T00:00:16,28.35,60.14,1009.76,0,none
N10,2026-01-01T00:00:16,23.2,66.6,1018.86,1,spoof
N01,2026-01-01T00:00:17,27.62,58.0,1009.96,0,none
N02,2026-01-01T00:00:17,26.96,62.38,1011.0,0,none
N03,2026-01-01T00:00:17,29.68,73.6,1033.12,1,spoof
N04,2026-01-01T00:00:17,26.41,59.09,1009.98,0,none
N05,2026-01-01T00:00:17,26.54,60.28,1010.86,0,none
N06,2026-01-01T00:00:17,27.67,60.1,1010.61,0,none
N07,2026-01-01T00:00:17,28.1,58.75,1011.89,0,none
N08,2026-01-01T00:00:17,27.71,60.37,1010.02,0,none
N09,2026-01-01T00:00:17,28.03,61.48,1009.5,0,none
N10,2026-01-01T00:00:17,20.82,76.46,1027.32,1,spoof
N01,2026-01-01T00:00:18,27.65,57.86,1009.98,0,none
N02,2026-01-01T00:00:18,27.04,62.49,1011.17,0,none
N03,2026-01-01T00:00:18,17.84,33.81,1006.9,1,spoof
N04,2026-01-01T00:00:18,26.47,60.17,1010.46,0,none
N05,2026-01-01T00:00:18,26.62,60.18,1010.77,0,none
N06,2026-01-01T00:00:18,28.06,60.02,1011.05,0,none
N07,2026-01-01T00:00:18,27.87,57.63,1011.61,0,none
N08,2026-01-01T00:00:18,27.95,60.74,1009.42,0,none
N09,2026-01-01T00:00:18,28.14,60.06,1010.02,0,none
N10,2026-01-01T00:00:18,36.64,55.8,1033.29,1,spoof
N01,2026-01-01T00:00:19,27.5,59.13,1010.11,0,none
N02,2026-01-01T00:00:19,27.07,61.85,1010.86,0,none
N03,2026-01-01T00:00:19,16.5,87.4,1013.7,1,spoof
N04,2026-01-01T00:00:19,26.66,59.33,1010.5,0,none
N05,2026-01-01T00:00:19,26.3,60.0,1011.35,0,none
N06,2026-01-01T00:00:19,27.57,59.3,1010.96,0,none
N07,2026-01-01T00:00:19,27.89,59.08,1011.67,0,none
N08,2026-01-01T00:00:19,27.88,59.37,1009.73,0,none
N09,2026-01-01T00:00:19,28.08,59.91,1009.52,0,none
N10,2026-01-01T00:00:19,23.78,40.88,988.6,1,spoof
N01,2026-01-01T00:00:20,27.32,59.22,1010.45,0,none
N02,2026-01-01T00:00:20,27.05,62.48,1010.89,0,none
N03,2026-01-01T00:00:20,16.24,34.89,1006.59,1,spoof
N04,2026-01-01T00:00:20,26.44,59.95,1010.62,0,none
N05,2026-01-01T00:00:20,26.67,60.12,1011.43,0,none
N06,2026-01-01T00:00:20,27.52,59.97,1011.1,0,none
N07,2026-01-01T00:00:20,28.02,58.71,1011.01,0,none
N08,2026-01-01T00:00:20,27.67,60.23,1010.21,0,none
N09,2026-01-01T00:00:20,28.43,59.97,1009.56,0,none
N10,2026-01-01T00:00:20,25.73,54.27,1018.41,1,spoof
N01,2026-01-01T00:00:21,27.86,58.7,1010.66,0,none
N02,2026-01-01T00:00:21,26.96,61.96,1011.36,0,none
N03,2026-01-01T00:00:21,34.48,34.58,1017.99,1,spoof
N04,2026-01-01T00:00:21,26.56,59.37,1010.86,0,none
N05,2026-01-01T00:00:21,26.87,59.41,1011.33,0,none
N06,2026-01-01T00:00:21,27.65,60.19,1011.51,0,none
N07,2026-01-01T00:00:21,27.96,58.27,1011.26,0,none
N08,2026-01-01T00:00:21,27.8,59.36,1009.37,0,none
N09,2026-01-01T00:00:21,28.27,60.75,1009.49,0,none
N10,2026-01-01T00:00:21,26.54,32.26,1002.12,1,spoof
N01,2026-01-01T00:00:22,27.78,58.58,1010.25,0,none
N02,2026-01-01T00:00:22,27.04,62.26,1011.7,0,none
N03,2026-01-01T00:00:22,26.26,78.66,1030.24,1,spoof
N04,2026-01-01T00:00:22,26.75,59.9,1010.91,0,none
N05,2026-01-01T00:00:22,26.65,59.15,1011.25,0,none
N06,2026-01-01T00:00:22,27.42,60.49,1011.12,0,none
N07,2026-01-01T00:00:22,28.05,58.59,1012.02,0,none
N08,2026-01-01T00:00:22,28.12,59.47,1009.99,0,none
N09,2026-01-01T00:00:22,28.31,60.86,1009.85,0,none
N10,2026-01-01T00:00:22,31.09,49.71,987.67,1,spoof
N01,2026-01-01T00:00:23,28.17,58.98,1010.69,0,none
N02,2026-01-01T00:00:23,27.21,61.97,1011.96,0,none
N03,2026-01-01T00:00:23,34.7,60.46,1012.39,1,spoof
N04,2026-01-01T00:00:23,26.85,59.89,1010.5,0,none
N05,2026-01-01T00:00:23,26.59,59.38,1011.32,0,none
N06,2026-01-01T00:00:23,27.75,60.6,1010.79,0,none
N07,2026-01-01T00:00:23,28.07,57.62,1011.2,0,none
N08,2026-01-01T00:00:23,27.78,60.61,1010.8,0,none
N09,2026-01-01T00:00:23,28.49,61.21,1009.58,0,none
N10,2026-01-01T00:00:23,19.05,41.98,1016.28,1,spoof
N01,2026-01-01T00:00:24,27.89,59.79,1010.11,0,none
N02,2026-01-01T00:00:24,27.2,62.63,1010.92,0,none
N03,2026-01-01T00:00:24,37.12,85.83,1004.89,1,spoof
N04,2026-01-01T00:00:24,26.66,60.29,1010.76,0,none
N05,2026-01-01T00:00:24,26.81,60.54,1011.47,0,none
N06,2026-01-01T00:00:24,28.03,60.27,1010.49,0,none
N07,2026-01-01T00:00:24,28.23,58.16,1011.14,0,none
N08,2026-01-01T00:00:24,28.19,61.54,1009.77,0,none
N09,2026-01-01T00:00:24,28.35,60.83,1010.01,0,none
N10,2026-01-01T00:00:24,30.8,64.5,1023.11,1,spoof
N01,2026-01-01T00:00:25,27.79,59.67,1010.51,0,none
N02,2026-01-01T00:00:25,27.36,63.16,1011.2,0,none
N03,2026-01-01T00:00:25,24.33,74.84,1001.43,1,spoof
N04,2026-01-01T00:00:25,26.85,60.42,1010.99,0,none
N05,2026-01-01T00:00:25,26.59,59.57,1011.43,0,none
N06,2026-01-01T00:00:25,27.84,60.45,1010.7,0,none
N07,2026-01-01T00:00:25,28.25,59.3,1011.46,0,none
N08,2026-01-01T00:00:25,27.66,60.93,1009.45,0,none
N09,2026-01-01T00:00:25,28.26,61.19,1009.82,0,none
N10,2026-01-01T00:00:25,31.39,46.39,1027.96,1,spoof
N01,2026-01-01T00:00:26,28.05,59.1,1010.41,0,none
N02,2026-01-01T00:00:26,27.2,62.31,1011.48,0,none
N03,2026-01-01T00:00:26,17.56,49.68,997.74,1,spoof
N04,2026-01-01T00:00:26,26.59,60.46,1010.96,0,none
N05,2026-01-01T00:00:26,26.95,60.69,1010.92,0,none
N06,2026-01-01T00:00:26,27.75,60.04,1010.85,0,none
N07,2026-01-01T00:00:26,28.08,59.25,1011.58,0,none
N08,2026-01-01T00:00:26,27.94,60.88,1009.99,0,none
N09,2026-01-01T00:00:26,28.7,61.05,1009.84,0,none
N10,2026-01-01T00:00:26,22.86,46.72,1037.63,1,spoof
N01,2026-01-01T00:00:27,27.63,59.29,1010.67,0,none
N02,2026-01-01T00:00:27,27.39,62.25,1010.96,0,none
N03,2026-01-01T00:00:27,39.93,78.63,1038.05,1,spoof
N04,2026-01-01T00:00:27,27.08,61.09,1010.81,0,none
N05,2026-01-01T00:00:27,26.83,60.66,1011.45,0,none
N06,2026-01-01T00:00:27,27.99,60.13,1011.21,0,none
N07,2026-01-01T00:00:27,28.28,59.91,1011.31,0,none
N08,2026-01-01T00:00:27,28.22,61.64,1010.46,0,none
N09,2026-01-01T00:00:27,28.5,60.35,1009.59,0,none
N10,2026-01-01T00:00:27,26.65,61.04,987.7,1,spoof
N01,2026-01-01T00:00:28,27.88,59.8,1010.5,0,none
N02,2026-01-01T00:00:28,27.14,62.76,1011.58,0,none
N03,2026-01-01T00:00:28,28.77,59.28,1010.57,0,none
N04,2026-01-01T00:00:28,27.03,60.21,1010.51,0,none
N05,2026-01-01T00:00:28,26.76,59.67,1010.93,0,none
N06,2026-01-01T00:00:28,27.95,60.07,1011.08,0,none
N07,2026-01-01T00:00:28,28.3,60.11,1011.36,0,none
N08,2026-01-01T00:00:28,27.93,60.6,1010.58,0,none
N09,2026-01-01T00:00:28,28.64,60.76,1010.02,0,none
N10,2026-01-01T00:00:28,26.61,50.41,988.62,1,spoof
N01,2026-01-01T00:00:29,28.21,59.49,1009.84,0,none
N02,2026-01-01T00:00:29,27.47,62.96,1011.36,0,none
N03,2026-01-01T00:00:29,28.87,60.2,1010.8,0,none
N04,2026-01-01T00:00:29,26.85,60.91,1010.16,0,none
N05,2026-01-01T00:00:29,27.23,61.76,1010.54,0,none
N06,2026-01-01T00:00:29,27.96,60.03,1011.21,0,none
N07,2026-01-01T00:00:29,28.49,59.56,1011.05,0,none
N08,2026-01-01T00:00:29,28.01,61.28,1009.97,0,none
N09,2026-01-01T00:00:29,28.54,61.4,1009.9,0,none
N10,2026-01-01T00:00:29,26.26,62.99,1029.52,1,spoof
N01,2026-01-01T00:00:30,28.12,58.49,1010.94,0,none
N02,2026-01-01T00:00:30,27.45,63.47,1011.2,0,none
N03,2026-01-01T00:00:30,28.55,60.01,1010.32,0,none
N04,2026-01-01T00:00:30,27.19,61.34,1010.74,0,none
N05,2026-01-01T00:00:30,27.1,59.86,1011.01,0,none
N06,2026-01-01T00:00:30,27.74,60.24,1011.33,0,none
N07,2026-01-01T00:00:30,28.39,59.05,1012.18,0,none
N08,2026-01-01T00:00:30,28.08,60.8,1009.57,0,none
N09,2026-01-01T00:00:30,28.31,61.55,1009.98,0,none
N10,2026-01-01T00:00:30,29.31,72.03,991.45,1,spoof
N01,2026-01-01T00:00:31,27.99,59.68,1009.96,0,none
N02,2026-01-01T00:00:31,27.33,62.81,1010.87,0,none
N03,2026-01-01T00:00:31,28.71,59.79,1010.19,0,none
N04,2026-01-01T00:00:31,27.25,59.71,1010.8,0,none
N05,2026-01-01T00:00:31,27.02,59.97,1010.52,0,none
N06,2026-01-01T00:00:31,27.95,61.76,1010.82,0,none
N07,2026-01-01T00:00:31,28.32,58.87,1011.26,0,none
N08,2026-01-01T00:00:31,28.21,60.86,1010.47,0,none
N09,2026-01-01T00:00:31,28.54,61.28,1009.96,0,none
N10,2026-01-01T00:00:31,31.4,74.84,992.84,1,spoof
N01,2026-01-01T00:00:32,28.08,60.15,1010.68,0,none
N02,2026-01-01T00:00:32,27.46,62.73,1011.35,0,none
N03,2026-01-01T00:00:32,28.65,59.7,1010.57,0,none
N04,2026-01-01T00:00:32,27.14,61.05,1011.17,0,none
N05,2026-01-01T00:00:32,26.9,60.25,1011.51,0,none
N06,2026-01-01T00:00:32,27.89,60.16,1011.08,0,none
N07,2026-01-01T00:00:32,28.14,58.6,1011.93,0,none
N08,2026-01-01T00:00:32,28.36,60.27,1010.28,0,none
N09,2026-01-01T00:00:32,28.92,61.42,1009.99,0,none
N10,2026-01-01T00:00:32,37.23,38.05,1010.25,1,spoof
N01,2026-01-01T00:00:33,28.01,60.28,1010.23,0,none
N02,2026-01-01T00:00:33,27.18,62.78,1011.91,0,none
N03,2026-01-01T00:00:33,28.48,59.48,1010.63,0,none
N04,2026-01-01T00:00:33,27.08,61.07,1011.03,0,none
N05,2026-01-01T00:00:33,26.9,60.77,1011.39,0,none
N06,2026-01-01T00:00:33,28.09,60.48,1011.56,0,none
N07,2026-01-01T00:00:33,28.34,59.55,1011.53,0,none
N08,2026-01-01T00:00:33,27.92,60.82,1009.83,0,none
N09,2026-01-01T00:00:33,28.76,62.3,1009.75,0,none
N10,2026-01-01T00:00:33,33.93,78.12,1029.54,1,spoof
N01,2026-01-01T00:00:34,28.01,58.9,1010.41,0,none
N02,2026-01-01T00:00:34,27.62,63.53,1011.6,0,none
N03,2026-01-01T00:00:34,28.55,60.13,1010.57,0,none
N04,2026-01-01T00:00:34,26.74,60.51,1010.93,0,none
N05,2026-01-01T00:00:34,27.07,59.75,1011.22,0,none
N06,2026-01-01T00:00:34,28.1,60.49,1011.44,0,none
N07,2026-01-01T00:00:34,28.47,59.22,1011.39,0,none
N08,2026-01-01T00:00:34,28.43,60.97,1010.14,0,none
N09,2026-01-01T00:00:34,28.82,60.83,1009.27,0,none
N10,2026-01-01T00:00:34,39.1,82.47,987.98,1,spoof
N01,2026-01-01T00:00:35,28.35,59.6,1011.07,0,none
N02,2026-01-01T00:00:35,27.75,63.59,1011.41,0,none
N03,2026-01-01T00:00:35,28.57,60.17,1010.67,0,none
N04,2026-01-01T00:00:35,27.12,60.56,1010.97,0,none
N05,2026-01-01T00:00:35,27.38,60.04,1011.4,0,none
N06,2026-01-01T00:00:35,28.08,60.08,1010.71,0,none
N07,2026-01-01T00:00:35,28.33,59.76,1011.78,0,none
N08,2026-01-01T00:00:35,28.04,61.24,1010.87,0,none
N09,2026-01-01T00:00:35,28.81,60.2,1010.1,0,none
N10,2026-01-01T00:00:35,28.92,65.5,1024.11,1,spoof
N01,2026-01-01T00:00:36,28.23,59.44,1010.87,0,none
N02,2026-01-01T00:00:36,27.45,62.77,1011.42,0,none
N03,2026-01-01T00:00:36,28.79,60.29,1011.45,0,none
N04,2026-01-01T00:00:36,27.29,60.95,1010.75,0,none
N05,2026-01-01T00:00:36,27.24,60.57,1011.52,0,none
N06,2026-01-01T00:00:36,27.8,60.57,1011.55,0,none
N07,2026-01-01T00:00:36,28.6,60.56,1012.03,0,none
N08,2026-01-01T00:00:36,28.37,61.68,1010.44,0,none
N09,2026-01-01T00:00:36,28.75,61.63,1010.54,0,none
N10,2026-01-01T00:00:36,20.98,49.3,996.98,1,spoof
N01,2026-01-01T00:00:37,28.2,60.22,1010.82,0,none
N02,2026-01-01T00:00:37,27.38,63.22,1011.27,0,none
N03,2026-01-01T00:00:37,28.99,60.36,1010.92,0,none
N04,2026-01-01T00:00:37,27.12,60.63,1010.88,0,none
N05,2026-01-01T00:00:37,27.04,60.45,1010.79,0,none
N06,2026-01-01T00:00:37,27.96,59.92,1011.36,0,none
N07,2026-01-01T00:00:37,28.54,59.22,1012.09,0,none
N08,2026-01-01T00:00:37,28.5,62.54,1010.24,0,none
N09,2026-01-01T00:00:37,29.07,61.69,1010.17,0,none
N10,2026-01-01T00:00:37,20.47,57.36,983.63,1,spoof
N01,2026-01-01T00:00:38,28.12,60.3,1010.73,0,none
N02,2026-01-01T00:00:38,27.45,62.49,1011.57,0,none
N03,2026-01-01T00:00:38,28.86,60.27,1010.97,0,none
N04,2026-01-01T00:00:38,27.15,61.31,1011.24,0,none
N05,2026-01-01T00:00:38,27.27,61.05,1011.5,0,none
N06,2026-01-01T00:00:38,27.97,61.51,1012.26,0,none
N07,2026-01-01T00:00:38,28.76,59.19,1012.13,0,none
N08,2026-01-01T00:00:38,28.32,61.0,1010.65,0,none
N09,2026-01-01T00:00:38,28.63,62.22,1010.15,0,none
N10,2026-01-01T00:00:38,38.1,71.07,996.82,1,spoof
N01,2026-01-01T00:00:39,28.38,60.5,1010.91,0,none
N02,2026-01-01T00:00:39,27.51,63.53,1011.05,0,none
N03,2026-01-01T00:00:39,28.44,59.52,1010.89,0,none
N04,2026-01-01T00:00:39,26.99,60.75,1010.81,0,none
N05,2026-01-01T00:00:39,27.11,60.64,1011.62,0,none
N06,2026-01-01T00:00:39,28.14,59.47,1011.01,0,none
N07,2026-01-01T00:00:39,28.59,59.0,1012.03,0,none
N08,2026-01-01T00:00:39,28.55,60.72,1010.27,0,none
N09,2026-01-01T00:00:39,28.82,61.31,1010.24,0,none
N10,2026-01-01T00:00:39,17.29,86.58,1006.68,1,spoof
N01,2026-01-01T00:00:40,28.37,59.1,1010.67,0,none
N02,2026-01-01T00:00:40,27.34,62.85,1011.89,0,none
N03,2026-01-01T00:00:40,28.44,60.1,1010.68,0,none
N04,2026-01-01T00:00:40,27.19,61.2,1011.28,0,none
N05,2026-01-01T00:00:40,27.09,60.68,1011.84,0,none
N06,2026-01-01T00:00:40,28.14,60.13,1012.0,0,none
N07,2026-01-01T00:00:40,28.51,59.31,1012.12,0,none
N08,2026-01-01T00:00:40,28.19,60.55,1010.38,0,none
N09,2026-01-01T00:00:40,28.97,61.42,1010.34,0,none
N10,2026-01-01T00:00:40,22.29,71.7,1009.46,1,spoof
N01,2026-01-01T00:00:41,28.1,60.32,1010.7,0,none
N02,2026-01-01T00:00:41,27.59,62.37,1011.66,0,none
N03,2026-01-01T00:00:41,28.52,60.16,1010.94,0,none
N04,2026-01-01T00:00:41,27.24,60.75,1011.08,0,none
N05,2026-01-01T00:00:41,27.2,61.24,1011.6,0,none
N06,2026-01-01T00:00:41,27.87,60.11,1011.61,0,none
N07,2026-01-01T00:00:41,28.53,59.0,1012.17,0,none
N08,2026-01-01T00:00:41,28.26,61.05,1010.44,0,none
N09,2026-01-01T00:00:41,28.73,61.74,1011.21,0,none
N10,2026-01-01T00:00:41,25.76,30.63,995.52,1,spoof
N01,2026-01-01T00:00:42,28.19,59.28,1010.89,0,none
N02,2026-01-01T00:00:42,27.4,63.17,1011.89,0,none
N03,2026-01-01T00:00:42,28.75,60.93,1011.62,0,none
N04,2026-01-01T00:00:42,27.09,60.78,1011.0,0,none
N05,2026-01-01T00:00:42,27.2,60.41,1011.92,0,none
N06,2026-01-01T00:00:42,28.24,60.1,1011.47,0,none
N07,2026-01-01T00:00:42,28.51,59.8,1012.22,0,none
N08,2026-01-01T00:00:42,28.41,61.77,1010.68,0,none
N09,2026-01-01T00:00:42,29.06,61.0,1010.22,0,none
N10,2026-01-01T00:00:42,16.56,36.11,1032.32,1,spoof
N01,2026-01-01T00:00:43,28.15,59.97,1011.12,0,none
N02,2026-01-01T00:00:43,27.37,62.77,1011.59,0,none
N03,2026-01-01T00:00:43,28.51,59.55,1011.16,0,none
N04,2026-01-01T00:00:43,27.04,60.96,1011.54,0,none
N05,2026-01-01T00:00:43,27.1,60.14,1011.64,0,none
N06,2026-01-01T00:00:43,28.13,60.3,1011.29,0,none
N07,2026-01-01T00:00:43,28.4,59.58,1012.32,0,none
N08,2026-01-01T00:00:43,28.47,61.34,1010.62,0,none
N09,2026-01-01T00:00:43,29.01,61.23,1009.99,0,none
N10,2026-01-01T00:00:43,15.77,75.66,997.53,1,spoof
N01,2026-01-01T00:00:44,28.43,60.03,1010.44,0,none
N02,2026-01-01T00:00:44,27.73,64.06,1012.04,0,none
N03,2026-01-01T00:00:44,28.61,60.25,1010.93,0,none
N04,2026-01-01T00:00:44,27.31,60.27,1011.17,0,none
N05,2026-01-01T00:00:44,27.73,61.13,1011.56,0,none
N06,2026-01-01T00:00:44,28.14,61.92,1011.47,0,none
N07,2026-01-01T00:00:44,28.52,60.12,1012.37,0,none
N08,2026-01-01T00:00:44,28.52,61.76,1010.59,0,none
N09,2026-01-01T00:00:44,29.04,61.47,1010.74,0,none
N10,2026-01-01T00:00:44,27.28,63.82,1012.25,0,none
N01,2026-01-01T00:00:45,28.38,59.91,1010.83,0,none
N02,2026-01-01T00:00:45,27.28,62.95,1011.96,0,none
N03,2026-01-01T00:00:45,28.56,60.7,1011.42,0,none
N04,2026-01-01T00:00:45,27.16,61.56,1011.41,0,none
N05,2026-01-01T00:00:45,27.46,61.04,1011.81,0,none
N06,2026-01-01T00:00:45,27.89,61.01,1011.81,0,none
N07,2026-01-01T00:00:45,28.52,60.25,1012.18,0,none
N08,2026-01-01T00:00:45,28.69,61.17,1010.54,0,none
N09,2026-01-01T00:00:45,28.94,61.75,1010.6,0,none
N10,2026-01-01T00:00:45,27.16,64.12,1011.76,0,none
N01,2026-01-01T00:00:46,28.26,60.58,1010.89,0,none
N02,2026-01-01T00:00:46,27.35,64.41,1012.1,0,none
N03,2026-01-01T00:00:46,28.91,,1011.77,0,none
N04,2026-01-01T00:00:46,27.66,62.06,1011.81,1,drift
N05,2026-01-01T00:00:46,27.2,60.86,1011.56,0,none
N06,2026-01-01T00:00:46,28.18,60.94,1011.57,0,none
N07,2026-01-01T00:00:46,28.73,60.64,1011.95,0,none
N08,2026-01-01T00:00:46,28.24,61.47,1010.84,0,none
N09,2026-01-01T00:00:46,29.02,62.32,1010.35,0,none
N10,2026-01-01T00:00:46,27.42,64.0,1012.12,0,none
N01,2026-01-01T00:00:47,28.32,60.02,1010.59,0,none
N02,2026-01-01T00:00:47,27.5,64.69,1012.04,0,none
N03,2026-01-01T00:00:47,28.77,60.42,1011.0,0,none
N04,2026-01-01T00:00:47,27.93,62.48,1013.03,1,drift
N05,2026-01-01T00:00:47,27.3,61.87,1012.45,0,none
N06,2026-01-01T00:00:47,28.36,61.06,1012.0,0,none
N07,2026-01-01T00:00:47,28.61,60.14,1011.38,0,none
N08,2026-01-01T00:00:47,28.58,62.18,1010.71,0,none
N09,2026-01-01T00:00:47,28.86,62.06,1010.42,0,none
N10,2026-01-01T00:00:47,27.16,63.87,1011.48,0,none
N01,2026-01-01T00:00:48,28.46,60.2,1011.41,0,none
N02,2026-01-01T00:00:48,27.65,63.58,1011.33,0,none
N03,2026-01-01T00:00:48,29.08,61.02,1011.34,0,none
N04,2026-01-01T00:00:48,28.02,62.6,1013.43,1,drift
N05,2026-01-01T00:00:48,27.4,61.39,1011.99,0,none
N06,2026-01-01T00:00:48,28.03,61.34,1011.79,0,none
N07,2026-01-01T00:00:48,28.93,60.39,1012.18,0,none
N08,2026-01-01T00:00:48,28.42,62.28,1010.7,0,none
N09,2026-01-01T00:00:48,29.46,61.83,1010.61,0,none
N10,2026-01-01T00:00:48,27.64,65.17,1012.2,0,none
N01,2026-01-01T00:00:49,28.53,60.79,1010.65,0,none
N02,2026-01-01T00:00:49,27.99,65.08,1012.18,0,none
N03,2026-01-01T00:00:49,28.95,61.45,1011.67,0,none
N04,2026-01-01T00:00:49,28.32,64.66,1014.35,1,drift
N05,2026-01-01T00:00:49,27.48,61.73,1011.9,0,none
N06,2026-01-01T00:00:49,28.31,62.29,1011.46,0,none
N07,2026-01-01T00:00:49,28.65,60.82,1012.23,0,none
N08,2026-01-01T00:00:49,28.84,61.39,1011.4,0,none
N09,2026-01-01T00:00:49,29.03,61.65,1010.7,0,none
N10,2026-01-01T00:00:49,27.42,64.04,1011.77,0,none
N01,2026-01-01T00:00:50,28.65,60.88,1011.25,0,none
N02,2026-01-01T00:00:50,28.12,64.1,1012.18,0,none
N03,2026-01-01T00:00:50,29.03,61.59,1011.16,0,none
N04,2026-01-01T00:00:50,28.63,64.27,1014.19,1,drift
N05,2026-01-01T00:00:50,27.37,61.31,1012.21,0,none
N06,2026-01-01T00:00:50,28.4,62.25,1012.22,0,none
N07,2026-01-01T00:00:50,28.51,60.66,1012.63,0,none
N08,2026-01-01T00:00:50,28.76,63.16,1010.88,0,none
N09,2026-01-01T00:00:50,29.1,62.84,1010.82,0,none
N10,2026-01-01T00:00:50,27.22,65.18,1012.31,0,none
N01,2026-01-01T00:00:51,28.59,60.8,1010.88,0,none
N02,2026-01-01T00:00:51,27.41,64.16,1012.57,0,none
N03,2026-01-01T00:00:51,29.11,60.82,1011.3,0,none
N04,2026-01-01T00:00:51,28.92,65.68,1015.3,1,drift
N05,2026-01-01T00:00:51,27.46,61.51,1012.07,0,none
N06,2026-01-01T00:00:51,28.51,62.54,1012.03,0,none
N07,2026-01-01T00:00:51,28.95,60.93,1012.02,0,none
N08,2026-01-01T00:00:51,28.43,62.63,1010.64,0,none
N09,2026-01-01T00:00:51,29.25,62.28,1010.58,0,none
N10,2026-01-01T00:00:51,27.39,64.31,1012.38,0,none
N01,2026-01-01T00:00:52,28.45,60.18,1011.05,0,none
N02,2026-01-01T00:00:52,27.73,64.98,1011.68,0,none
N03,2026-01-01T00:00:52,28.84,61.41,1011.38,0,none
N04,2026-01-01T00:00:52,28.99,66.45,1015.58,1,drift
N05,2026-01-01T00:00:52,27.65,61.87,1012.16,0,none
N06,2026-01-01T00:00:52,28.69,62.32,1011.7,0,none
N07,2026-01-01T00:00:52,29.17,60.81,1012.21,0,none
N08,2026-01-01T00:00:52,28.71,63.34,1010.89,0,none
N09,2026-01-01T00:00:52,28.93,61.44,1010.22,0,none
N10,2026-01-01T00:00:52,27.71,65.14,1011.86,0,none
N01,2026-01-01T00:00:53,28.53,61.68,1011.49,0,none
N02,2026-01-01T00:00:53,28.18,65.18,1011.93,0,none
N03,2026-01-01T00:00:53,29.29,61.69,1011.73,0,none
N04,2026-01-01T00:00:53,29.57,67.04,1016.13,1,drift
N05,2026-01-01T00:00:53,27.66,62.8,1012.01,0,none
N06,2026-01-01T00:00:53,28.44,62.25,1011.9,0,none
N07,2026-01-01T00:00:53,29.16,61.41,1012.1,0,none
N08,2026-01-01T00:00:53,28.58,63.47,1010.67,0,none
N09,2026-01-01T00:00:53,29.09,62.69,1010.49,0,none
N10,2026-01-01T00:00:53,27.48,64.64,1012.17,0,none
N01,2026-01-01T00:00:54,28.68,60.95,1010.7,0,none
N02,2026-01-01T00:00:54,27.84,64.43,1011.81,0,none
N03,2026-01-01T00:00:54,29.38,61.91,1011.64,0,none
N04,2026-01-01T00:00:54,29.75,67.84,1016.52,1,drift
N05,2026-01-01T00:00:54,27.28,62.31,1011.57,0,none
N06,2026-01-01T00:00:54,28.6,62.11,1011.73,0,none
N07,2026-01-01T00:00:54,28.85,61.57,1012.44,0,none
N08,2026-01-01T00:00:54,28.51,63.19,1010.61,0,none
N09,2026-01-01T00:00:54,29.36,61.9,1010.4,0,none
N10,2026-01-01T00:00:54,27.71,64.97,1012.1,0,none
N01,2026-01-01T00:00:55,29.02,61.81,1011.36,0,none
N02,2026-01-01T00:00:55,27.93,64.53,1011.75,0,none
N03,2026-01-01T00:00:55,29.11,61.63,1011.05,0,none
N04,2026-01-01T00:00:55,30.46,68.75,1017.47,1,drift
N05,2026-01-01T00:00:55,27.53,61.75,1012.24,0,none
N06,2026-01-01T00:00:55,28.62,62.25,1011.85,0,none
N07,2026-01-01T00:00:55,28.89,60.77,1012.53,0,none
N08,2026-01-01T00:00:55,28.87,62.54,1010.83,0,none
N09,2026-01-01T00:00:55,29.37,62.52,1010.47,0,none
N10,2026-01-01T00:00:55,27.61,65.27,1011.96,0,none
N01,2026-01-01T00:00:56,28.94,61.84,1011.44,0,none
N02,2026-01-01T00:00:56,28.0,64.29,1012.42,0,none
N03,2026-01-01T00:00:56,29.26,61.08,1010.88,0,none
N04,2026-01-01T00:00:56,30.36,69.24,1018.38,1,drift
N05,2026-01-01T00:00:56,27.61,61.52,1011.92,0,none
N06,2026-01-01T00:00:56,28.8,63.15,1011.24,0,none
N07,2026-01-01T00:00:56,29.17,61.19,1012.54,0,none
N08,2026-01-01T00:00:56,28.94,63.63,1011.14,0,none
N09,2026-01-01T00:00:56,29.48,62.8,1010.62,0,none
N10,2026-01-01T00:00:56,27.89,64.7,1012.01,0,none
N01,2026-01-01T00:00:57,28.89,61.84,1010.52,0,none
N02,2026-01-01T00:00:57,27.83,64.89,1011.64,0,none
N03,2026-01-01T00:00:57,29.31,61.34,1011.32,0,none
N04,2026-01-01T00:00:57,30.52,68.88,1019.18,1,drift
N05,2026-01-01T00:00:57,27.61,61.69,1011.6,0,none
N06,2026-01-01T00:00:57,28.79,61.86,1011.98,0,none
N07,2026-01-01T00:00:57,29.12,60.81,1012.79,0,none
N08,2026-01-01T00:00:57,28.63,62.89,1011.15,0,none
N09,2026-01-01T00:00:57,29.24,63.54,1010.65,0,none
N10,2026-01-01T00:00:57,27.76,64.78,1012.17,0,none
N01,2026-01-01T00:00:58,28.95,60.73,1011.61,0,none
N02,2026-01-01T00:00:58,28.24,65.77,1012.31,0,none
N03,2026-01-01T00:00:58,29.35,61.53,1011.82,0,none
N04,2026-01-01T00:00:58,30.73,70.86,1019.57,1,drift
N05,2026-01-01T00:00:58,27.65,61.74,1012.24,0,none
N06,2026-01-01T00:00:58,28.55,62.24,1012.19,0,none
N07,2026-01-01T00:00:58,29.06,61.52,1012.6,0,none
N08,2026-01-01T00:00:58,28.98,63.31,1011.06,0,none
N09,2026-01-01T00:00:58,29.52,63.81,1010.29,0,none
N10,2026-01-01T00:00:58,27.94,65.63,1012.17,0,none
N01,2026-01-01T00:00:59,28.81,62.54,1011.46,0,none
N02,2026-01-01T00:00:59,27.97,64.21,1012.17,0,none
N03,2026-01-01T00:00:59,29.7,61.78,1011.82,0,none
N04,2026-01-01T00:00:59,31.1,70.59,1019.9,1,drift
N05,2026-01-01T00:00:59,27.69,62.66,1012.05,0,none
N06,2026-01-01T00:00:59,28.79,62.24,1011.85,0,none
N07,2026-01-01T00:00:59,29.44,61.74,1012.64,0,none
N08,2026-01-01T00:00:59,28.82,63.58,1011.03,0,none
N09,2026-01-01T00:00:59,29.23,63.44,1009.98,0,none
N10,2026-01-01T00:00:59,27.64,65.26,1011.6,0,none
N01,2026-01-01T00:01:00,29.0,61.17,1010.96,0,none
N02,2026-01-01T00:01:00,28.15,64.14,1011.63,0,none
N03,2026-01-01T00:01:00,29.24,61.62,1011.46,0,none
N04,2026-01-01T00:01:00,31.29,71.95,1020.56,1,drift
N05,2026-01-01T00:01:00,27.95,62.11,1012.22,0,none
N06,2026-01-01T00:01:00,28.56,62.13,1011.84,0,none
N07,2026-01-01T00:01:00,29.23,60.93,1012.5,0,none
N08,2026-01-01T00:01:00,29.15,63.02,1011.63,0,none
N09,2026-01-01T00:01:00,29.46,63.22,1010.7,0,none
N10,2026-01-01T00:01:00,28.06,65.44,1012.38,0,none
N01,2026-01-01T00:01:01,29.0,60.7,1011.52,0,none
N02,2026-01-01T00:01:01,28.31,64.91,1012.27,0,none
N03,2026-01-01T00:01:01,29.7,61.52,1011.67,0,none
N04,2026-01-01T00:01:01,31.67,72.04,1021.24,1,drift
N05,2026-01-01T00:01:01,27.94,62.08,1012.49,0,none
N06,2026-01-01T00:01:01,28.88,63.65,1012.26,0,none
N07,2026-01-01T00:01:01,29.09,61.37,1012.51,0,none
N08,2026-01-01T00:01:01,28.98,63.06,1010.84,0,none
N09,2026-01-01T00:01:01,29.63,63.08,1011.07,0,none
N10,2026-01-01T00:01:01,27.96,66.06,1012.42,0,none
N01,2026-01-01T00:01:02,28.8,61.71,1011.32,0,none
N02,2026-01-01T00:01:02,28.31,65.26,1012.41,0,none
N03,2026-01-01T00:01:02,29.47,61.75,1011.6,0,none
N04,2026-01-01T00:01:02,31.88,72.52,1021.94,1,drift
N05,2026-01-01T00:01:02,27.69,62.8,1011.97,0,none
N06,2026-01-01T00:01:02,28.81,61.85,1011.63,0,none
N07,2026-01-01T00:01:02,29.08,61.07,1012.8,0,none
N08,2026-01-01T00:01:02,29.24,62.59,1010.78,0,none
N09,2026-01-01T00:01:02,29.53,63.48,1011.1,0,none
N10,2026-01-01T00:01:02,27.97,65.24,1011.96,0,none
N01,2026-01-01T00:01:03,29.16,61.92,1011.72,0,none
N02,2026-01-01T00:01:03,27.94,64.83,1012.34,0,none
N03,2026-01-01T00:01:03,29.44,61.95,1011.5,0,none
N04,2026-01-01T00:01:03,32.2,73.27,1023.15,1,drift
N05,2026-01-01T00:01:03,27.7,62.8,1012.44,0,none
N06,2026-01-01T00:01:03,28.83,62.36,1011.75,0,none
N07,2026-01-01T00:01:03,29.25,61.77,1012.46,0,none
N08,2026-01-01T00:01:03,28.59,63.63,1010.84,0,none
N09,2026-01-01T00:01:03,29.27,62.57,1010.42,0,none
N10,2026-01-01T00:01:03,27.73,66.03,1011.88,0,none
N01,2026-01-01T00:01:04,28.9,62.13,1011.07,0,none
N02,2026-01-01T00:01:04,28.23,66.36,1012.56,0,none
N03,2026-01-01T00:01:04,29.24,61.28,1011.89,0,none
N04,2026-01-01T00:01:04,32.52,73.83,1023.59,1,drift
N05,2026-01-01T00:01:04,27.53,62.49,1012.21,0,none
N06,2026-01-01T00:01:04,28.57,62.77,1012.35,0,none
N07,2026-01-01T00:01:04,29.44,61.52,1012.97,0,none
N08,2026-01-01T00:01:04,29.05,63.04,1010.69,0,none
N09,2026-01-01T00:01:04,29.56,62.65,1011.68,0,none
N10,2026-01-01T00:01:04,27.91,65.74,1011.6,0,none
N01,2026-01-01T00:01:05,28.72,61.37,1011.02,0,none
N02,2026-01-01T00:01:05,28.21,65.32,1012.02,0,none
N03,2026-01-01T00:01:05,29.35,,1011.5,0,none
N04,2026-01-01T00:01:05,32.85,75.2,1023.16,1,drift
N05,2026-01-01T00:01:05,27.77,63.07,1012.15,0,none
N06,2026-01-01T00:01:05,28.71,62.42,1011.57,0,none
N07,2026-01-01T00:01:05,29.36,62.63,1012.3,0,none
N08,2026-01-01T00:01:05,29.13,63.57,1011.19,0,none
N09,2026-01-01T00:01:05,29.28,62.69,1010.43,0,none
N10,2026-01-01T00:01:05,28.02,64.98,1012.07,0,none
N01,2026-01-01T00:01:06,28.95,61.91,1011.54,0,none
N02,2026-01-01T00:01:06,28.07,65.48,1012.41,0,none
N03,2026-01-01T00:01:06,29.3,62.65,1011.28,0,none
N04,2026-01-01T00:01:06,33.28,75.05,1024.54,1,drift
N05,2026-01-01T00:01:06,27.98,62.2,1011.61,0,none
N06,2026-01-01T00:01:06,28.95,61.96,1012.33,0,none
N07,2026-01-01T00:01:06,29.19,61.42,1012.72,0,none
N08,2026-01-01T00:01:06,28.85,62.12,1010.43,0,none
N09,2026-01-01T00:01:06,29.54,62.78,1011.02,0,none
N10,2026-01-01T00:01:06,27.78,65.98,1012.11,0,none
N01,2026-01-01T00:01:07,29.11,62.26,1011.37,0,none
N02,2026-01-01T00:01:07,28.46,65.08,1012.75,0,none
N03,2026-01-01T00:01:07,29.43,61.84,1011.62,0,none
N04,2026-01-01T00:01:07,33.31,76.34,1024.6,1,drift
N05,2026-01-01T00:01:07,27.77,62.37,1012.23,0,none
N06,2026-01-01T00:01:07,28.54,63.05,1011.84,0,none
N07,2026-01-01T00:01:07,29.21,62.17,1012.72,0,none
N08,2026-01-01T00:01:07,29.09,63.83,1010.52,0,none
N09,2026-01-01T00:01:07,29.39,62.5,1010.39,0,none
N10,2026-01-01T00:01:07,27.94,65.53,1012.19,0,none
N01,2026-01-01T00:01:08,29.13,61.6,1011.15,0,none
N02,2026-01-01T00:01:08,28.15,65.95,1012.27,0,none
N03,2026-01-01T00:01:08,29.54,62.77,1011.39,0,none
N04,2026-01-01T00:01:08,33.54,76.37,1025.62,1,drift
N05,2026-01-01T00:01:08,27.78,62.74,1012.29,0,none
N06,2026-01-01T00:01:08,28.68,63.1,1012.14,0,none
N07,2026-01-01T00:01:08,29.38,61.53,1012.64,0,none
N08,2026-01-01T00:01:08,29.4,63.34,1010.96,0,none
N09,2026-01-01T00:01:08,29.58,63.91,1010.54,0,none
N10,2026-01-01T00:01:08,27.98,65.39,1012.62,0,none
N01,2026-01-01T00:01:09,29.07,61.44,1011.48,0,none
N02,2026-01-01T00:01:09,28.1,65.5,1012.67,0,none
N03,2026-01-01T00:01:09,29.64,62.0,1011.84,0,none
N04,2026-01-01T00:01:09,33.91,77.55,1026.09,1,drift
N05,2026-01-01T00:01:09,28.05,63.08,1012.03,0,none
N06,2026-01-01T00:01:09,28.44,63.58,1011.94,0,none
N07,2026-01-01T00:01:09,29.28,61.97,1013.15,0,none
N08,2026-01-01T00:01:09,29.2,63.44,1011.32,0,none
N09,2026-01-01T00:01:09,29.55,63.4,1010.76,0,none
N10,2026-01-01T00:01:09,27.86,65.84,1011.76,0,none
N01,2026-01-01T00:01:10,28.92,62.65,1011.68,0,none
N02,2026-01-01T00:01:10,28.2,64.85,1012.22,0,none
N03,2026-01-01T00:01:10,29.48,61.0,1011.56,0,none
N04,2026-01-01T00:01:10,34.42,77.39,1026.93,1,drift
N05,2026-01-01T00:01:10,27.79,63.36,1012.2,0,none
N06,2026-01-01T00:01:10,29.07,62.88,1011.47,0,none
N07,2026-01-01T00:01:10,29.26,62.21,1012.54,0,none
N08,2026-01-01T00:01:10,29.06,63.41,1011.24,0,none
N09,2026-01-01T00:01:10,29.89,63.71,1010.42,0,none
N10,2026-01-01T00:01:10,28.23,65.85,1011.97,0,none
N01,2026-01-01T00:01:11,29.02,62.2,1011.31,0,none
N02,2026-01-01T00:01:11,28.25,65.16,1012.65,0,none
N03,2026-01-01T00:01:11,29.34,61.94,1011.57,0,none
N04,2026-01-01T00:01:11,34.56,78.51,1027.75,1,drift
N05,2026-01-01T00:01:11,27.94,62.27,1012.37,0,none
N06,2026-01-01T00:01:11,28.82,62.45,1012.2,0,none
N07,2026-01-01T00:01:11,29.46,62.49,1012.98,0,none
N08,2026-01-01T00:01:11,28.91,63.4,1011.72,0,none
N09,2026-01-01T00:01:11,29.81,63.53,1011.34,0,none
N10,2026-01-01T00:01:11,28.12,66.44,1011.96,0,none
N01,2026-01-01T00:01:12,29.11,62.18,1010.91,0,none
N02,2026-01-01T00:01:12,28.13,65.45,1011.91,0,none
N03,2026-01-01T00:01:12,29.48,62.14,1011.63,0,none
N04,2026-01-01T00:01:12,34.84,80.3,1027.72,1,drift
N05,2026-01-01T00:01:12,27.6,62.85,1011.95,0,none
N06,2026-01-01T00:01:12,28.81,63.02,1012.09,0,none
N07,2026-01-01T00:01:12,29.37,61.61,1012.92,0,none
N08,2026-01-01T00:01:12,29.27,63.53,1011.0,0,none
N09,2026-01-01T00:01:12,29.43,63.51,1011.33,0,none
N10,2026-01-01T00:01:12,27.91,66.56,1012.37,0,none
N01,2026-01-01T00:01:13,29.14,61.61,1011.01,0,none
N02,2026-01-01T00:01:13,28.3,65.56,1012.49,0,none
N03,2026-01-01T00:01:13,29.53,62.77,1011.74,0,none
N04,2026-01-01T00:01:13,34.85,79.66,1028.44,1,drift
N05,2026-01-01T00:01:13,27.82,62.92,1012.62,0,none
N06,2026-01-01T00:01:13,29.09,62.71,1012.1,0,none
N07,2026-01-01T00:01:13,29.28,61.88,1012.68,0,none
N08,2026-01-01T00:01:13,29.22,63.46,1011.11,0,none
N09,2026-01-01T00:01:13,29.58,63.74,1010.09,0,none
N10,2026-01-01T00:01:13,28.19,66.32,1011.85,0,none
N01,2026-01-01T00:01:14,29.31,61.94,1011.72,0,none
N02,2026-01-01T00:01:14,28.26,65.81,1012.58,0,none
N03,2026-01-01T00:01:14,29.8,62.67,1011.91,0,none
N04,2026-01-01T00:01:14,35.47,80.78,1029.25,1,drift
N05,2026-01-01T00:01:14,27.96,62.81,1012.36,0,none
N06,2026-01-01T00:01:14,29.1,62.66,1011.98,0,none
N07,2026-01-01T00:01:14,29.22,61.8,1012.68,0,none
N08,2026-01-01T00:01:14,29.02,64.21,1011.13,0,none
N09,2026-01-01T00:01:14,29.38,64.11,1011.26,0,none
N10,2026-01-01T00:01:14,28.03,67.19,1012.07,0,none
N01,2026-01-01T00:01:15,29.32,62.29,1011.37,0,none
N02,2026-01-01T00:01:15,28.23,65.45,1012.24,0,none
N03,2026-01-01T00:01:15,29.47,62.86,1011.61,0,none
N04,2026-01-01T00:01:15,35.27,80.71,1030.05,1,drift
N05,2026-01-01T00:01:15,27.89,62.97,1012.27,0,none
N06,2026-01-01T00:01:15,29.06,63.65,1011.87,0,none
N07,2026-01-01T00:01:15,29.38,61.89,1012.81,0,none
N08,2026-01-01T00:01:15,29.35,63.52,1010.73,0,none
N09,2026-01-01T00:01:15,29.74,63.76,1011.45,0,none
N10,2026-01-01T00:01:15,28.39,66.24,1012.37,0,none
N01,2026-01-01T00:01:16,29.13,61.32,1010.99,0,none
N02,2026-01-01T00:01:16,28.32,65.85,1012.07,0,none
N03,2026-01-01T00:01:16,29.39,62.12,1011.55,0,none
N04,2026-01-01T00:01:16,35.93,81.92,1030.73,1,drift
N05,2026-01-01T00:01:16,28.06,64.02,1012.29,0,none
N06,2026-01-01T00:01:16,28.84,62.94,1012.15,0,none
N07,2026-01-01T00:01:16,29.41,62.76,1012.09,0,none
N08,2026-01-01T00:01:16,29.24,64.5,1011.35,0,none
N09,2026-01-01T00:01:16,30.06,63.61,1011.05,0,none
N10,2026-01-01T00:01:16,28.44,65.96,1012.78,0,none
N01,2026-01-01T00:01:17,28.93,61.95,1011.33,0,none
N02,2026-01-01T00:01:17,28.04,65.6,1012.22,0,none
N03,2026-01-01T00:01:17,29.3,61.39,1011.55,0,none
N04,2026-01-01T00:01:17,35.98,82.35,1031.04,1,drift
N05,2026-01-01T00:01:17,28.12,62.79,1012.57,0,none
N06,2026-01-01T00:01:17,29.12,63.74,1011.9,0,none
N07,2026-01-01T00:01:17,29.43,63.4,1012.3,0,none
N08,2026-01-01T00:01:17,28.98,63.71,1010.4,0,none
N09,2026-01-01T00:01:17,29.74,64.48,1010.93,0,none
N10,2026-01-01T00:01:17,28.25,65.88,1011.73,0,none
N01,2026-01-01T00:01:18,29.11,63.44,1011.22,0,none
N02,2026-01-01T00:01:18,28.81,65.69,1012.2,0,none
N03,2026-01-01T00:01:18,29.79,62.85,1011.3,0,none
N04,2026-01-01T00:01:18,36.2,83.58,1032.0,1,drift
N05,2026-01-01T00:01:18,28.49,63.04,1011.86,0,none
N06,2026-01-01T00:01:18,29.11,63.96,1011.84,0,none
N07,2026-01-01T00:01:18,29.72,62.34,1012.89,0,none
N08,2026-01-01T00:01:18,29.23,63.9,1010.9,0,none
N09,2026-01-01T00:01:18,29.66,63.99,1010.98,0,none
N10,2026-01-01T00:01:18,28.35,66.56,1012.09,0,none
N01,2026-01-01T00:01:19,29.31,62.2,1010.31,0,none
N02,2026-01-01T00:01:19,28.53,65.75,1011.75,0,none
N03,2026-01-01T00:01:19,29.6,62.59,1011.61,0,none
N04,2026-01-01T00:01:19,36.63,83.45,1032.01,1,drift
N05,2026-01-01T00:01:19,28.11,63.74,1011.55,0,none
N06,2026-01-01T00:01:19,28.98,64.16,1012.47,0,none
N07,2026-01-01T00:01:19,29.39,62.08,1012.81,0,none
N08,2026-01-01T00:01:19,29.62,63.2,1011.05,0,none
N09,2026-01-01T00:01:19,29.81,64.68,1010.97,0,none
N10,2026-01-01T00:01:19,28.38,66.0,1011.8,0,none
N01,2026-01-01T00:01:20,29.43,62.54,1011.74,0,none
N02,2026-01-01T00:01:20,28.66,65.68,1011.61,0,none
N03,2026-01-01T00:01:20,29.57,63.72,1011.74,0,none
N04,2026-01-01T00:01:20,36.95,84.36,1032.94,1,drift
N05,2026-01-01T00:01:20,28.27,64.4,1012.45,0,none
N06,2026-01-01T00:01:20,28.94,64.07,1012.27,0,none
N07,2026-01-01T00:01:20,29.68,62.86,1012.42,0,none
N08,2026-01-01T00:01:20,29.36,63.94,1011.07,0,none
N09,2026-01-01T00:01:20,29.86,63.86,1011.18,0,none
N10,2026-01-01T00:01:20,28.32,67.11,1012.56,0,none
N01,2026-01-01T00:01:21,29.16,62.35,1011.12,0,none
N02,2026-01-01T00:01:21,28.48,66.18,1011.94,0,none
N03,2026-01-01T00:01:21,29.78,62.89,1011.87,0,none
N04,2026-01-01T00:01:21,36.96,86.24,1033.47,1,drift
N05,2026-01-01T00:01:21,28.39,63.23,1012.5,0,none
N06,2026-01-01T00:01:21,29.17,64.01,1012.05,0,none
N07,2026-01-01T00:01:21,29.56,62.68,1012.54,0,none
N08,2026-01-01T00:01:21,29.28,63.77,1011.1,0,none
N09,2026-01-01T00:01:21,29.98,63.37,1010.74,0,none
N10,2026-01-01T00:01:21,28.59,66.73,1011.92,0,none
N01,2026-01-01T00:01:22,29.26,62.75,1011.3,0,none
N02,2026-01-01T00:01:22,28.68,66.24,1012.15,0,none
N03,2026-01-01T00:01:22,29.55,62.43,1011.65,0,none
N04,2026-01-01T00:01:22,37.65,85.71,1034.11,1,drift
N05,2026-01-01T00:01:22,28.1,64.11,1011.58,0,none
N06,2026-01-01T00:01:22,29.31,63.77,1012.25,0,none
N07,2026-01-01T00:01:22,29.91,63.12,1012.92,0,none
N08,2026-01-01T00:01:22,29.21,64.39,1011.33,0,none
N09,2026-01-01T00:01:22,29.94,64.65,1010.82,0,none
N10,2026-01-01T00:01:22,28.26,67.17,1012.76,0,none
N01,2026-01-01T00:01:23,29.6,61.96,1011.32,0,none
N02,2026-01-01T00:01:23,28.69,66.22,1012.47,0,none
N03,2026-01-01T00:01:23,29.87,62.91,1011.72,0,none
N04,2026-01-01T00:01:23,37.61,86.59,1034.74,1,drift
N05,2026-01-01T00:01:23,28.44,63.82,1013.12,0,none
N06,2026-01-01T00:01:23,28.99,63.07,1011.68,0,none
N07,2026-01-01T00:01:23,29.72,63.93,1012.69,0,none
N08,2026-01-01T00:01:23,29.23,64.39,1011.44,0,none
N09,2026-01-01T00:01:23,30.08,63.76,1010.62,0,none
N10,2026-01-01T00:01:23,28.44,66.74,1012.34,0,none
N01,2026-01-01T00:01:24,29.41,62.71,1011.51,0,none
N02,2026-01-01T00:01:24,28.89,65.89,1012.13,0,none
N03,2026-01-01T00:01:24,29.95,62.83,1011.44,0,none
N04,2026-01-01T00:01:24,37.93,86.69,1034.91,1,drift
N05,2026-01-01T00:01:24,28.3,62.66,1012.07,0,none
N06,2026-01-01T00:01:24,29.4,63.8,1012.58,0,none
N07,2026-01-01T00:01:24,29.85,62.56,1012.91,0,none
N08,2026-01-01T00:01:24,29.64,63.36,1010.56,0,none
N09,2026-01-01T00:01:24,29.96,63.82,1010.8,0,none
N10,2026-01-01T00:01:24,28.13,66.48,1012.57,0,none
N01,2026-01-01T00:01:25,29.31,63.21,1011.42,0,none
N02,2026-01-01T00:01:25,28.62,65.65,1012.96,0,none
N03,2026-01-01T00:01:25,29.9,62.32,1011.8,0,none
N04,2026-01-01T00:01:25,38.54,87.92,1036.32,1,drift
N05,2026-01-01T00:01:25,28.31,63.59,1012.03,0,none
N06,2026-01-01T00:01:25,29.19,63.79,1011.95,0,none
N07,2026-01-01T00:01:25,29.73,62.79,1012.91,0,none
N08,2026-01-01T00:01:25,29.58,64.59,1011.01,0,none
N09,2026-01-01T00:01:25,29.82,64.47,1010.58,0,none
N10,2026-01-01T00:01:25,28.37,66.92,1012.0,0,none
N01,2026-01-01T00:01:26,29.43,61.21,1011.32,0,none
N02,2026-01-01T00:01:26,28.76,67.17,1012.94,0,none
N03,2026-01-01T00:01:26,29.95,62.48,1011.65,0,none
N04,2026-01-01T00:01:26,38.74,88.43,1036.76,1,drift
N05,2026-01-01T00:01:26,28.46,63.31,1012.22,0,none
N06,2026-01-01T00:01:26,29.01,64.38,1012.13,0,none
N07,2026-01-01T00:01:26,29.52,63.05,1012.29,0,none
N08,2026-01-01T00:01:26,29.45,64.06,1011.09,0,none
N09,2026-01-01T00:01:26,29.83,64.34,1010.71,0,none
N10,2026-01-01T00:01:26,28.68,65.99,1012.28,0,none
N01,2026-01-01T00:01:27,29.5,63.0,1011.24,0,none
N02,2026-01-01T00:01:27,28.75,67.05,1012.52,0,none
N03,2026-01-01T00:01:27,29.82,62.83,1011.8,0,none
N04,2026-01-01T00:01:27,39.04,89.56,1037.35,1,drift
N05,2026-01-01T00:01:27,28.56,63.85,1012.61,0,none
N06,2026-01-01T00:01:27,29.44,64.22,1012.44,0,none
N07,2026-01-01T00:01:27,29.89,63.43,1012.65,0,none
N08,2026-01-01T00:01:27,29.51,63.87,1011.72,0,none
N09,2026-01-01T00:01:27,29.97,64.57,1010.79,0,none
N10,2026-01-01T00:01:27,28.72,67.5,1012.16,0,none
N01,2026-01-01T00:01:28,29.45,62.35,1011.81,0,none
N02,2026-01-01T00:01:28,29.14,66.77,1012.95,0,none
N03,2026-01-01T00:01:28,29.86,63.16,1011.66,0,none
N04,2026-01-01T00:01:28,39.24,90.0,1037.91,1,drift
N05,2026-01-01T00:01:28,28.61,63.75,1012.69,0,none
N06,2026-01-01T00:01:28,29.36,63.79,1011.82,0,none
N07,2026-01-01T00:01:28,29.74,62.67,1013.24,0,none
N08,2026-01-01T00:01:28,29.64,64.4,1010.98,0,none
N09,2026-01-01T00:01:28,30.19,64.5,1010.97,0,none
N10,2026-01-01T00:01:28,28.58,67.38,1012.37,0,none
N01,2026-01-01T00:01:29,29.39,62.93,1011.53,0,none
N02,2026-01-01T00:01:29,28.8,66.1,1012.7,0,none
N03,2026-01-01T00:01:29,29.89,63.8,1011.9,0,none
N04,2026-01-01T00:01:29,39.88,89.54,1037.99,1,drift
N05,2026-01-01T00:01:29,28.67,63.19,1012.75,0,none
N06,2026-01-01T00:01:29,29.42,64.46,1011.96,0,none
N07,2026-01-01T00:01:29,30.07,62.68,1012.59,0,none
N08,2026-01-01T00:01:29,29.59,65.53,1011.06,0,none
N09,2026-01-01T00:01:29,30.15,64.7,1010.51,0,none
N10,2026-01-01T00:01:29,28.51,66.71,1011.91,0,none
N01,2026-01-01T00:01:30,29.46,62.72,1011.97,0,none
N02,2026-01-01T00:01:30,28.72,67.34,1012.52,0,none
N03,2026-01-01T00:01:30,29.8,62.82,1012.15,0,none
N04,2026-01-01T00:01:30,39.86,90.0,1039.2,1,drift
N05,2026-01-01T00:01:30,28.42,64.16,1012.99,0,none
N06,2026-01-01T00:01:30,29.33,63.77,1012.43,0,none
N07,2026-01-01T00:01:30,30.13,62.31,1012.95,0,none
N08,2026-01-01T00:01:30,29.49,65.19,1011.18,0,none
N09,2026-01-01T00:01:30,30.17,64.49,1011.14,0,none
N10,2026-01-01T00:01:30,28.6,65.44,1012.42,0,none
N01,2026-01-01T00:01:31,29.53,63.61,1011.61,0,none
N02,2026-01-01T00:01:31,29.01,66.21,1012.75,0,none
N03,2026-01-01T00:01:31,29.91,63.07,1012.33,0,none
N04,2026-01-01T00:01:31,39.82,90.0,1039.68,1,drift
N05,2026-01-01T00:01:31,28.68,63.93,1012.12,0,none
N06,2026-01-01T00:01:31,29.58,63.95,1012.29,0,none
N07,2026-01-01T00:01:31,29.81,63.91,1012.57,0,none
N08,2026-01-01T00:01:31,29.75,64.35,1011.3,0,none
N09,2026-01-01T00:01:31,30.16,64.37,1011.29,0,none
N10,2026-01-01T00:01:31,28.28,66.6,1012.56,0,none
N01,2026-01-01T00:01:32,29.65,62.71,1010.98,0,none
N02,2026-01-01T00:01:32,28.92,66.69,1012.28,0,none
N03,2026-01-01T00:01:32,30.12,63.55,1011.59,0,none
N04,2026-01-01T00:01:32,28.33,64.62,1012.47,0,none
N05,2026-01-01T00:01:32,28.41,64.15,1012.35,0,none
N06,2026-01-01T00:01:32,29.35,64.84,1011.95,0,none
N07,2026-01-01T00:01:32,29.99,63.22,1013.26,0,none
N08,2026-01-01T00:01:32,29.84,64.12,1011.92,0,none
N09,2026-01-01T00:01:32,30.2,64.09,1011.2,0,none
N10,2026-01-01T00:01:32,28.65,67.68,1012.1,0,none
N01,2026-01-01T00:01:33,29.89,63.47,1011.4,0,none
N02,2026-01-01T00:01:33,28.61,67.16,1012.75,0,none
N03,2026-01-01T00:01:33,29.89,63.05,1011.61,0,none
N04,2026-01-01T00:01:33,28.36,63.16,1011.91,0,none
N05,2026-01-01T00:01:33,28.41,64.44,1012.88,0,none
N06,2026-01-01T00:01:33,29.5,64.69,1012.79,0,none
N07,2026-01-01T00:01:33,29.69,63.04,1012.85,0,none
N08,2026-01-01T00:01:33,29.67,65.33,1011.37,0,none
N09,2026-01-01T00:01:33,30.3,64.71,1011.05,0,none
N10,2026-01-01T00:01:33,28.55,67.03,1012.6,0,none
N01,2026-01-01T00:01:34,34.99,89.94,1004.84,1,spoof
N02,2026-01-01T00:01:34,28.76,67.18,1012.69,0,none
N03,2026-01-01T00:01:34,30.04,63.62,1011.86,0,none
N04,2026-01-01T00:01:34,28.73,64.17,1012.04,0,none
N05,2026-01-01T00:01:34,28.7,64.25,1012.89,0,none
N06,2026-01-01T00:01:34,29.66,63.7,1012.3,0,none
N07,2026-01-01T00:01:34,29.77,62.68,1012.96,0,none
N08,2026-01-01T00:01:34,29.7,63.78,1011.32,0,none
N09,2026-01-01T00:01:34,30.4,64.9,1011.76,0,none
N10,2026-01-01T00:01:34,28.39,68.21,1012.53,0,none
N01,2026-01-01T00:01:35,32.63,48.87,981.9,1,spoof
N02,2026-01-01T00:01:35,28.69,66.25,1012.86,0,none
N03,2026-01-01T00:01:35,30.18,63.53,1012.02,0,none
N04,2026-01-01T00:01:35,28.6,64.73,1012.1,0,none
N05,2026-01-01T00:01:35,28.43,64.17,1013.05,0,none
N06,2026-01-01T00:01:35,29.35,64.9,1012.95,0,none
N07,2026-01-01T00:01:35,29.9,63.01,1012.94,0,none
N08,2026-01-01T00:01:35,29.57,66.01,1011.45,0,none
N09,2026-01-01T00:01:35,30.34,65.12,1011.63,0,none
N10,2026-01-01T00:01:35,28.7,66.9,1012.38,0,none
N01,2026-01-01T00:01:36,21.84,30.92,1017.38,1,spoof
N02,2026-01-01T00:01:36,28.8,66.85,1012.53,0,none
N03,2026-01-01T00:01:36,30.22,63.68,1012.29,0,none
N04,2026-01-01T00:01:36,28.47,64.85,1012.5,0,none
N05,2026-01-01T00:01:36,28.67,64.79,1012.72,0,none
N06,2026-01-01T00:01:36,29.25,63.88,1012.34,0,none
N07,2026-01-01T00:01:36,29.76,63.2,1012.56,0,none
N08,2026-01-01T00:01:36,29.77,64.41,1011.8,0,none
N09,2026-01-01T00:01:36,30.43,64.23,1011.4,0,none
N10,2026-01-01T00:01:36,28.69,67.76,1012.77,0,none
N01,2026-01-01T00:01:37,26.88,51.09,1007.67,1,spoof
N02,2026-01-01T00:01:37,28.9,67.29,1013.08,0,none
N03,2026-01-01T00:01:37,30.32,64.32,1012.09,0,none
N04,2026-01-01T00:01:37,28.42,63.9,1012.15,0,none
N05,2026-01-01T00:01:37,28.15,63.9,1012.36,0,none
N06,2026-01-01T00:01:37,29.56,64.52,1012.1,0,none
N07,2026-01-01T00:01:37,29.97,64.11,1013.55,0,none
N08,2026-01-01T00:01:37,29.91,64.51,1011.19,0,none
N09,2026-01-01T00:01:37,30.38,66.08,1011.35,0,none
N10,2026-01-01T00:01:37,28.69,66.99,1012.69,0,none
N01,2026-01-01T00:01:38,18.73,61.88,1003.4,1,spoof
N02,2026-01-01T00:01:38,28.85,66.58,1012.61,0,none
N03,2026-01-01T00:01:38,30.02,63.22,1012.79,0,none
N04,2026-01-01T00:01:38,28.55,64.43,1013.19,0,none
N05,2026-01-01T00:01:38,28.6,64.03,1012.93,0,none
N06,2026-01-01T00:01:38,29.43,63.37,1012.13,0,none
N07,2026-01-01T00:01:38,30.22,63.09,1012.75,0,none
N08,2026-01-01T00:01:38,29.65,65.26,1011.29,0,none
N09,2026-01-01T00:01:38,30.11,65.67,1011.06,0,none
N10,2026-01-01T00:01:38,28.67,67.04,1012.6,0,none
N01,2026-01-01T00:01:39,34.72,66.27,1005.54,1,spoof
N02,2026-01-01T00:01:39,29.04,66.76,1013.14,0,none
N03,2026-01-01T00:01:39,30.1,63.64,1011.9,0,none
N04,2026-01-01T00:01:39,28.48,63.51,1012.41,0,none
N05,2026-01-01T00:01:39,28.79,63.84,1012.71,0,none
N06,2026-01-01T00:01:39,29.46,64.54,1012.99,0,none
N07,2026-01-01T00:01:39,30.04,62.45,1013.69,0,none
N08,2026-01-01T00:01:39,29.96,64.54,1010.81,0,none
N09,2026-01-01T00:01:39,30.31,64.17,1011.68,0,none
N10,2026-01-01T00:01:39,28.77,66.48,1012.62,0,none
N01,2026-01-01T00:01:40,33.17,63.82,983.69,1,spoof
N02,2026-01-01T00:01:40,28.93,66.56,1013.71,0,none
N03,2026-01-01T00:01:40,30.37,63.35,1012.35,0,none
N04,2026-01-01T00:01:40,28.66,64.29,1012.32,0,none
N05,2026-01-01T00:01:40,28.96,64.24,1013.14,0,none
N06,2026-01-01T00:01:40,29.64,63.67,1012.53,0,none
N07,2026-01-01T00:01:40,29.91,62.89,1013.26,0,none
N08,2026-01-01T00:01:40,29.98,65.09,1012.11,0,none
N09,2026-01-01T00:01:40,30.33,64.37,1011.28,0,none
N10,2026-01-01T00:01:40,28.64,66.39,1012.8,0,none
N01,2026-01-01T00:01:41,18.63,82.22,980.71,1,spoof
N02,2026-01-01T00:01:41,28.89,67.05,1012.62,0,none
N03,2026-01-01T00:01:41,30.24,63.31,1012.53,0,none
N04,2026-01-01T00:01:41,28.6,64.93,1012.06,0,none
N05,2026-01-01T00:01:41,28.87,64.4,1012.3,0,none
N06,2026-01-01T00:01:41,29.79,63.8,1012.45,0,none
N07,2026-01-01T00:01:41,23.79,73.52,995.11,1,spoof
N08,2026-01-01T00:01:41,29.65,65.33,1011.61,0,none
N09,2026-01-01T00:01:41,30.45,64.42,1011.24,0,none
N10,2026-01-01T00:01:41,28.78,66.71,1012.42,0,none
N01,2026-01-01T00:01:42,16.89,57.21,1039.71,1,spoof
N02,2026-01-01T00:01:42,29.1,65.78,1012.57,0,none
N03,2026-01-01T00:01:42,30.05,63.4,1012.32,0,none
N04,2026-01-01T00:01:42,28.71,64.97,1012.46,0,none
N05,2026-01-01T00:01:42,28.77,63.4,1013.03,0,none
N06,2026-01-01T00:01:42,29.46,64.36,1012.87,0,none
N07,2026-01-01T00:01:42,34.43,31.13,1009.86,1,spoof
N08,2026-01-01T00:01:42,29.92,64.63,1011.86,0,none
N09,2026-01-01T00:01:42,30.43,64.59,1011.44,0,none
N10,2026-01-01T00:01:42,28.69,67.15,1012.57,0,none
N01,2026-01-01T00:01:43,23.34,48.17,983.31,1,spoof
N02,2026-01-01T00:01:43,28.93,67.2,1012.9,0,none
N03,2026-01-01T00:01:43,30.08,64.17,1012.32,0,none
N04,2026-01-01T00:01:43,28.56,64.71,1012.41,0,none
N05,2026-01-01T00:01:43,28.86,64.37,1012.22,0,none
N06,2026-01-01T00:01:43,29.64,64.11,1012.72,0,none
N07,2026-01-01T00:01:43,39.12,78.71,1037.99,1,spoof
N08,2026-01-01T00:01:43,29.75,65.03,1011.69,0,none
N09,2026-01-01T00:01:43,30.27,64.75,1011.3,0,none
N10,2026-01-01T00:01:43,28.65,66.21,1012.62,0,none
N01,2026-01-01T00:01:44,31.22,30.86,1017.96,1,spoof
N02,2026-01-01T00:01:44,29.27,65.89,1013.4,0,none
N03,2026-01-01T00:01:44,30.37,63.4,1012.32,0,none
N04,2026-01-01T00:01:44,28.79,64.06,1012.36,0,none
N05,2026-01-01T00:01:44,28.93,64.38,1013.31,0,none
N06,2026-01-01T00:01:44,29.72,63.86,1013.03,0,none
N07,2026-01-01T00:01:44,24.25,39.9,994.62,1,spoof
N08,2026-01-01T00:01:44,29.83,64.38,1011.92,0,none
N09,2026-01-01T00:01:44,32.34,77.53,1008.56,1,spoof
N10,2026-01-01T00:01:44,28.87,67.14,1012.85,0,none
N01,2026-01-01T00:01:45,22.53,55.13,1013.46,1,spoof
N02,2026-01-01T00:01:45,29.24,66.94,1013.84,0,none
N03,2026-01-01T00:01:45,30.58,62.18,1012.07,0,none
N04,2026-01-01T00:01:45,28.74,64.16,1012.65,0,none
N05,2026-01-01T00:01:45,28.89,63.52,1013.31,0,none
N06,2026-01-01T00:01:45,29.96,64.03,1013.02,0,none
N07,2026-01-01T00:01:45,18.95,31.74,1010.89,1,spoof
N08,2026-01-01T00:01:45,30.01,64.84,1011.86,0,none
N09,2026-01-01T00:01:45,17.75,43.67,994.23,1,spoof
N10,2026-01-01T00:01:45,28.8,66.66,1012.94,0,none
N01,2026-01-01T00:01:46,24.34,57.46,991.65,1,spoof
N02,2026-01-01T00:01:46,29.02,66.75,1012.96,0,none
N03,2026-01-01T00:01:46,30.33,63.75,1012.6,0,none
N04,2026-01-01T00:01:46,28.77,64.37,1012.88,0,none
N05,2026-01-01T00:01:46,28.97,63.3,1012.75,0,none
N06,2026-01-01T00:01:46,29.38,63.83,1012.86,0,none
N07,2026-01-01T00:01:46,21.2,56.05,993.34,1,spoof
N08,2026-01-01T00:01:46,30.28,64.01,1012.3,0,none
N09,2026-01-01T00:01:46,27.61,55.54,1003.66,1,spoof
N10,2026-01-01T00:01:46,28.95,66.26,1013.11,0,none
N01,2026-01-01T00:01:47,15.4,70.14,989.71,1,spoof
N02,2026-01-01T00:01:47,29.69,65.82,1013.06,0,none
N03,2026-01-01T00:01:47,30.26,63.4,1012.3,0,none
N04,2026-01-01T00:01:47,28.69,63.96,1012.54,0,none
N05,2026-01-01T00:01:47,28.71,63.3,1012.76,0,none
N06,2026-01-01T00:01:47,29.95,63.67,1012.66,0,none
N07,2026-01-01T00:01:47,24.1,33.09,1002.98,1,spoof
N08,2026-01-01T00:01:47,29.96,64.41,1011.73,0,none
N09,2026-01-01T00:01:47,23.37,62.38,1018.94,1,spoof
N10,2026-01-01T00:01:47,28.82,66.92,1012.29,0,none
N01,2026-01-01T00:01:48,16.36,52.37,1007.14,1,spoof
N02,2026-01-01T00:01:48,28.86,66.32,1012.57,0,none
N03,2026-01-01T00:01:48,30.39,62.75,1012.41,0,none
N04,2026-01-01T00:01:48,29.11,63.7,1012.76,0,none
N05,2026-01-01T00:01:48,29.08,64.29,1013.55,0,none
N06,2026-01-01T00:01:48,29.79,64.03,1012.84,0,none
N07,2026-01-01T00:01:48,38.29,58.43,1005.21,1,spoof
N08,2026-01-01T00:01:48,30.0,64.32,1011.71,0,none
N09,2026-01-01T00:01:48,29.47,69.35,1027.21,1,spoof
N10,2026-01-01T00:01:48,28.7,66.92,1012.39,0,none
N01,2026-01-01T00:01:49,36.14,38.9,997.06,1,spoof
N02,2026-01-01T00:01:49,29.24,67.11,1012.81,0,none
N03,2026-01-01T00:01:49,30.4,63.61,1012.14,0,none
N04,2026-01-01T00:01:49,28.49,65.14,1013.16,0,none
N05,2026-01-01T00:01:49,28.73,64.11,1012.74,0,none
N06,2026-01-01T00:01:49,29.52,62.67,1012.98,0,none
N07,2026-01-01T00:01:49,38.2,39.36,1038.21,1,spoof
N08,2026-01-01T00:01:49,29.65,63.97,1011.57,0,none
N09,2026-01-01T00:01:49,31.67,77.97,1023.71,1,spoof
N10,2026-01-01T00:01:49,28.45,67.38,1012.62,0,none
N01,2026-01-01T00:01:50,23.93,49.58,1016.49,1,spoof
N02,2026-01-01T00:01:50,29.27,67.1,1013.06,0,none
N03,2026-01-01T00:01:50,30.16,63.85,1011.98,0,none
N04,2026-01-01T00:01:50,28.73,64.4,1012.26,0,none
N05,2026-01-01T00:01:50,28.75,63.31,1013.18,0,none
N06,2026-01-01T00:01:50,29.93,64.08,1012.63,0,none
N07,2026-01-01T00:01:50,25.39,56.55,989.83,1,spoof
N08,2026-01-01T00:01:50,30.02,63.56,1011.67,0,none
N09,2026-01-01T00:01:50,39.71,61.52,1000.13,1,spoof
N10,2026-01-01T00:01:50,29.17,66.78,1012.76,0,none
N01,2026-01-01T00:01:51,22.24,59.44,1029.37,1,spoof
N02,2026-01-01T00:01:51,29.49,66.4,1013.42,0,none
N03,2026-01-01T00:01:51,30.47,64.37,1012.57,0,none
N04,2026-01-01T00:01:51,28.98,64.66,1012.94,0,none
N05,2026-01-01T00:01:51,29.05,63.64,1013.48,0,none
N06,2026-01-01T00:01:51,29.85,63.76,1012.66,0,none
N07,2026-01-01T00:01:51,24.33,73.98,981.05,1,spoof
N08,2026-01-01T00:01:51,30.04,64.68,1012.18,0,none
N09,2026-01-01T00:01:51,30.91,87.31,982.92,1,spoof
N10,2026-01-01T00:01:51,29.04,66.97,1013.28,0,none
N01,2026-01-01T00:01:52,36.12,77.99,996.29,1,spoof
N02,2026-01-01T00:01:52,29.16,66.09,1012.76,0,none
N03,2026-01-01T00:01:52,30.38,63.25,1012.93,0,none
N04,2026-01-01T00:01:52,28.91,64.35,1012.06,0,none
N05,2026-01-01T00:01:52,28.84,63.5,1012.28,0,none
N06,2026-01-01T00:01:52,29.7,63.2,1012.24,0,none
N07,2026-01-01T00:01:52,32.28,38.34,1006.52,1,spoof
N08,2026-01-01T00:01:52,30.24,64.59,1011.96,0,none
N09,2026-01-01T00:01:52,32.36,71.28,998.45,1,spoof
N10,2026-01-01T00:01:52,29.08,68.43,1012.4,0,none
N01,2026-01-01T00:01:53,26.73,84.51,982.6,1,spoof
N02,2026-01-01T00:01:53,29.07,66.45,1013.1,0,none
N03,2026-01-01T00:01:53,30.28,62.96,1012.59,0,none
N04,2026-01-01T00:01:53,29.1,63.98,1012.41,0,none
N05,2026-01-01T00:01:53,29.04,63.2,1012.73,0,none
N06,2026-01-01T00:01:53,29.7,64.05,1012.48,0,none
N07,2026-01-01T00:01:53,38.11,85.23,1031.08,1,spoof
N08,2026-01-01T00:01:53,30.1,63.81,1011.88,0,none
N09,2026-01-01T00:01:53,27.86,54.45,1025.68,1,spoof
N10,2026-01-01T00:01:53,28.99,66.79,1013.19,0,none
N01,2026-01-01T00:01:54,26.42,74.17,1021.22,1,spoof
N02,2026-01-01T00:01:54,29.29,66.28,1012.35,0,none
N03,2026-01-01T00:01:54,30.68,64.17,1012.13,0,none
N04,2026-01-01T00:01:54,29.11,64.15,1012.52,0,none
N05,2026-01-01T00:01:54,28.75,64.36,1013.22,0,none
N06,2026-01-01T00:01:54,29.8,63.05,1013.01,0,none
N07,2026-01-01T00:01:54,20.82,55.48,1009.95,1,spoof
N08,2026-01-01T00:01:54,30.11,63.83,1011.41,0,none
N09,2026-01-01T00:01:54,38.75,89.25,1010.68,1,spoof
N10,2026-01-01T00:01:54,29.11,67.55,1013.15,0,none
N01,2026-01-01T00:01:55,30.11,49.62,998.17,1,spoof
N02,2026-01-01T00:01:55,29.29,66.18,1012.76,0,none
N03,2026-01-01T00:01:55,30.31,63.69,1012.41,0,none
N04,2026-01-01T00:01:55,29.09,64.52,1012.36,0,none
N05,2026-01-01T00:01:55,29.22,64.14,1013.29,0,none
N06,2026-01-01T00:01:55,29.96,64.61,1012.95,0,none
N07,2026-01-01T00:01:55,24.73,75.84,1014.13,1,spoof
N08,2026-01-01T00:01:55,30.18,64.24,1011.89,0,none
N09,2026-01-01T00:01:55,29.78,52.67,1020.59,1,spoof
N10,2026-01-01T00:01:55,29.08,67.35,1012.7,0,none
N01,2026-01-01T00:01:56,24.51,55.69,1039.52,1,spoof
N02,2026-01-01T00:01:56,29.26,66.98,1013.17,0,none
N03,2026-01-01T00:01:56,30.62,63.39,1011.99,0,none
N04,2026-01-01T00:01:56,28.91,64.37,1012.58,0,none
N05,2026-01-01T00:01:56,28.82,64.86,1013.14,0,none
N06,2026-01-01T00:01:56,29.76,64.22,1013.24,0,none
N07,2026-01-01T00:01:56,31.68,40.0,997.97,1,spoof
N08,2026-01-01T00:01:56,30.26,64.92,1011.38,0,none
N09,2026-01-01T00:01:56,22.43,64.41,1028.28,1,spoof
N10,2026-01-01T00:01:56,28.81,66.53,1012.91,0,none
N01,2026-01-01T00:01:57,27.62,47.99,1019.81,1,spoof
N02,2026-01-01T00:01:57,29.4,66.61,1013.44,0,none
N03,2026-01-01T00:01:57,30.39,63.14,1012.85,0,none
N04,2026-01-01T00:01:57,28.78,63.59,1012.75,0,none
N05,2026-01-01T00:01:57,28.9,64.94,1013.3,0,none
N06,2026-01-01T00:01:57,29.58,64.31,1012.84,0,none
N07,2026-01-01T00:01:57,25.26,81.61,1034.67,1,spoof
N08,2026-01-01T00:01:57,29.84,64.27,1011.47,0,none
N09,2026-01-01T00:01:57,18.75,31.66,1027.82,1,spoof
N10,2026-01-01T00:01:57,29.16,67.13,1013.3,0,none
N01,2026-01-01T00:01:58,30.09,63.5,1011.97,0,none
N02,2026-01-01T00:01:58,29.53,67.02,1013.19,0,none
N03,2026-01-01T00:01:58,30.46,63.64,1012.66,0,none
N04,2026-01-01T00:01:58,28.81,63.41,1012.3,0,none
N05,2026-01-01T00:01:58,29.12,63.7,1012.95,0,none
N06,2026-01-01T00:01:58,29.65,63.92,1012.61,0,none
N07,2026-01-01T00:01:58,35.81,74.23,1028.35,1,spoof
N08,2026-01-01T00:01:58,30.14,63.74,1011.95,0,none
N09,2026-01-01T00:01:58,16.4,62.01,1021.98,1,spoof
N10,2026-01-01T00:01:58,29.22,67.75,1012.77,0,none
N01,2026-01-01T00:01:59,29.98,63.82,1011.88,0,none
N02,2026-01-01T00:01:59,29.06,66.97,1013.15,0,none
N03,2026-01-01T00:01:59,30.52,64.29,1012.33,0,none
N04,2026-01-01T00:01:59,28.79,64.07,1012.78,0,none
N05,2026-01-01T00:01:59,29.29,64.06,1013.4,0,none
N06,2026-01-01T00:01:59,29.83,64.15,1013.6,0,none
N07,2026-01-01T00:01:59,21.85,34.81,1026.77,1,spoof
N08,2026-01-01T00:01:59,29.96,64.2,1012.02,0,none
N09,2026-01-01T00:01:59,21.52,33.98,1005.25,1,spoof
N10,2026-01-01T00:01:59,29.14,67.37,1012.69,0,none
N01,2026-01-01T00:02:00,30.23,63.37,1012.31,0,none
N02,2026-01-01T00:02:00,29.26,66.7,1013.29,0,none
N03,2026-01-01T00:02:00,30.77,64.15,1012.97,0,none
N04,2026-01-01T00:02:00,28.69,64.63,1013.0,0,none
N05,2026-01-01T00:02:00,29.04,64.19,1013.35,0,none
N06,2026-01-01T00:02:00,29.7,64.99,1013.02,0,none
N07,2026-01-01T00:02:00,17.22,57.75,995.71,1,spoof
N08,2026-01-01T00:02:00,30.21,64.78,1011.74,0,none
N09,2026-01-01T00:02:00,15.35,61.55,1026.4,1,spoof
N10,2026-01-01T00:02:00,29.35,66.94,1012.9,0,none
N01,2026-01-01T00:02:01,30.08,62.97,1012.11,0,none
N02,2026-01-01T00:02:01,29.38,66.83,1013.07,0,none
N03,2026-01-01T00:02:01,30.95,64.0,1012.68,0,none
N04,2026-01-01T00:02:01,29.15,64.26,1012.75,0,none
N05,2026-01-01T00:02:01,29.13,64.21,1013.27,0,none
N06,2026-01-01T00:02:01,30.06,64.97,1013.22,0,none
N07,2026-01-01T00:02:01,35.06,72.57,1028.59,1,spoof
N08,2026-01-01T00:02:01,30.05,65.57,1012.02,0,none
N09,2026-01-01T00:02:01,19.48,40.19,1009.57,1,spoof
N10,2026-01-01T00:02:01,29.08,67.11,1013.37,0,none
N01,2026-01-01T00:02:02,30.46,62.18,1012.25,0,none
N02,2026-01-01T00:02:02,29.03,67.4,1013.17,0,none
N03,2026-01-01T00:02:02,30.81,63.55,1012.67,0,none
N04,2026-01-01T00:02:02,29.16,64.26,1013.18,0,none
N05,2026-01-01T00:02:02,28.87,64.66,1013.21,0,none
N06,2026-01-01T00:02:02,29.83,64.52,1013.28,0,none
N07,2026-01-01T00:02:02,17.81,73.19,988.88,1,spoof
N08,2026-01-01T00:02:02,30.12,65.31,1011.84,0,none
N09,2026-01-01T00:02:02,20.31,89.88,980.25,1,spoof
N10,2026-01-01T00:02:02,29.11,67.16,1013.24,0,none
N01,2026-01-01T00:02:03,30.15,63.49,1011.83,0,none
N02,2026-01-01T00:02:03,29.57,67.48,1013.34,0,none
N03,2026-01-01T00:02:03,30.45,63.53,1012.52,0,none
N04,2026-01-01T00:02:03,28.86,63.29,1013.08,0,none
N05,2026-01-01T00:02:03,28.99,64.1,1013.56,0,none
N06,2026-01-01T00:02:03,29.7,64.43,1012.69,0,none
N07,2026-01-01T00:02:03,15.51,42.49,1003.31,1,spoof
N08,2026-01-01T00:02:03,30.03,64.44,1012.27,0,none
N09,2026-01-01T00:02:03,37.59,66.21,1001.54,1,spoof
N10,2026-01-01T00:02:03,28.76,67.86,1013.26,0,none
N01,2026-01-01T00:02:04,30.03,63.18,1012.44,0,none
N02,2026-01-01T00:02:04,29.47,67.35,1013.71,0,none
N03,2026-01-01T00:02:04,30.48,64.46,1012.5,0,none
N04,2026-01-01T00:02:04,28.91,64.57,1012.94,0,none
N05,2026-01-01T00:02:04,28.84,64.32,1013.42,0,none
N06,2026-01-01T00:02:04,29.58,64.19,1012.7,0,none
N07,2026-01-01T00:02:04,23.89,65.13,1026.12,1,spoof
N08,2026-01-01T00:02:04,30.42,65.2,1011.51,0,none
N09,2026-01-01T00:02:04,22.85,73.45,1025.44,1,spoof
N10,2026-01-01T00:02:04,28.83,67.83,1012.73,0,none
N01,2026-01-01T00:02:05,30.12,64.63,1012.35,0,none
N02,2026-01-01T00:02:05,29.39,66.99,1013.09,0,none
N03,2026-01-01T00:02:05,30.58,63.38,1012.58,0,none
N04,2026-01-01T00:02:05,29.29,65.55,1012.85,0,none
N05,2026-01-01T00:02:05,29.09,64.96,1013.49,0,none
N06,2026-01-01T00:02:05,29.75,64.55,1013.18,0,none
N07,2026-01-01T00:02:05,18.7,55.31,986.99,1,spoof
N08,2026-01-01T00:02:05,30.37,66.07,1011.83,0,none
N09,2026-01-01T00:02:05,35.74,53.5,1000.03,1,spoof
N10,2026-01-01T00:02:05,29.28,68.61,1013.54,0,none
N01,2026-01-01T00:02:06,29.54,64.41,1012.46,0,none
N02,2026-01-01T00:02:06,29.65,66.9,1013.5,0,none
N03,2026-01-01T00:02:06,30.47,63.65,1012.57,0,none
N04,2026-01-01T00:02:06,29.06,64.69,1012.63,0,none
N05,2026-01-01T00:02:06,28.84,65.18,1013.7,0,none
N06,2026-01-01T00:02:06,29.73,64.82,1012.88,0,none
N07,2026-01-01T00:02:06,33.07,53.42,1005.01,1,spoof
N08,2026-01-01T00:02:06,30.41,65.17,1011.89,0,none
N09,2026-01-01T00:02:06,17.15,58.97,990.4,1,spoof
N10,2026-01-01T00:02:06,29.22,68.35,1013.37,0,none
N01,2026-01-01T00:02:07,29.96,63.89,1012.24,0,none
N02,2026-01-01T00:02:07,29.21,67.16,1013.04,0,none
N03,2026-01-01T00:02:07,30.33,63.67,1013.2,0,none
N04,2026-01-01T00:02:07,28.93,63.52,1012.66,0,none
N05,2026-01-01T00:02:07,28.88,64.28,1013.92,0,none
N06,2026-01-01T00:02:07,29.98,64.58,1012.27,0,none
N07,2026-01-01T00:02:07,30.39,63.32,1013.27,0,none
N08,2026-01-01T00:02:07,30.07,65.24,1012.31,0,none
N09,2026-01-01T00:02:07,24.09,79.15,987.38,1,spoof
N10,2026-01-01T00:02:07,29.0,67.93,1013.87,0,none
N01,2026-01-01T00:02:08,30.15,63.44,1012.81,0,none
N02,2026-01-01T00:02:08,29.32,67.77,1012.78,0,none
N03,2026-01-01T00:02:08,30.47,64.75,1012.37,0,none
N04,2026-01-01T00:02:08,28.82,63.36,1012.4,0,none
N05,2026-01-01T00:02:08,29.05,64.77,1013.35,0,none
N06,2026-01-01T00:02:08,29.76,64.66,1013.75,0,none
N07,2026-01-01T00:02:08,30.45,64.82,1013.49,0,none
N08,2026-01-01T00:02:08,30.32,64.95,1012.4,0,none
N09,2026-01-01T00:02:08,35.68,84.01,1016.62,1,spoof
N10,2026-01-01T00:02:08,29.18,67.88,1012.73,0,none
N01,2026-01-01T00:02:09,30.1,62.8,1012.47,0,none
N02,2026-01-01T00:02:09,28.97,66.27,1013.64,0,none
N03,2026-01-01T00:02:09,30.38,63.67,1012.46,0,none
N04,2026-01-01T00:02:09,28.91,65.43,1013.01,0,none
N05,2026-01-01T00:02:09,28.98,63.93,1012.95,0,none
N06,2026-01-01T00:02:09,29.93,64.37,1013.48,0,none
N07,2026-01-01T00:02:09,30.48,63.18,1013.61,0,none
N08,2026-01-01T00:02:09,30.12,64.96,1011.68,0,none
N09,2026-01-01T00:02:09,31.67,78.9,1014.37,1,spoof
N10,2026-01-01T00:02:09,29.17,67.72,1013.38,0,none
N01,2026-01-01T00:02:10,29.85,63.81,1012.64,0,none
N02,2026-01-01T00:02:10,29.19,67.02,1013.38,0,none
N03,2026-01-01T00:02:10,30.52,62.97,1012.56,0,none
N04,2026-01-01T00:02:10,28.58,63.14,1012.67,0,none
N05,2026-01-01T00:02:10,28.57,64.63,1013.6,0,none
N06,2026-01-01T00:02:10,30.02,64.3,1012.69,0,none
N07,2026-01-01T00:02:10,30.27,63.75,1013.99,0,none
N08,2026-01-01T00:02:10,30.16,64.81,1011.94,0,none
N09,2026-01-01T00:02:10,22.35,31.68,988.57,1,spoof
N10,2026-01-01T00:02:10,29.07,66.92,1013.42,0,none
N01,2026-01-01T00:02:11,29.95,63.46,1012.73,0,none
N02,2026-01-01T00:02:11,29.3,66.67,1013.62,0,none
N03,2026-01-01T00:02:11,30.52,64.01,1012.42,0,none
N04,2026-01-01T00:02:11,28.72,64.41,1012.83,0,none
N05,2026-01-01T00:02:11,28.66,65.05,1013.25,0,none
N06,2026-01-01T00:02:11,29.88,64.41,1013.28,0,none
N07,2026-01-01T00:02:11,30.14,62.8,1013.52,0,none
N08,2026-01-01T00:02:11,30.31,65.63,1012.01,0,none
N09,2026-01-01T00:02:11,31.46,61.91,1037.74,1,spoof
N10,2026-01-01T00:02:11,29.03,67.41,1013.39,0,none
N01,2026-01-01T00:02:12,29.97,63.03,1012.18,0,none
N02,2026-01-01T00:02:12,29.27,67.03,1013.04,0,none
N03,2026-01-01T00:02:12,30.43,63.42,1012.65,0,none
N04,2026-01-01T00:02:12,29.11,65.47,1012.87,0,none
N05,2026-01-01T00:02:12,28.85,64.26,1013.02,0,none
N06,2026-01-01T00:02:12,29.92,64.22,1013.72,0,none
N07,2026-01-01T00:02:12,30.19,63.13,1013.51,0,none
N08,2026-01-01T00:02:12,30.22,64.91,1011.92,0,none
N09,2026-01-01T00:02:12,15.47,63.24,1015.17,1,spoof
N10,2026-01-01T00:02:12,29.23,67.97,1013.06,0,none
N01,2026-01-01T00:02:13,30.01,63.34,1012.14,0,none
N02,2026-01-01T00:02:13,29.22,67.64,1013.19,0,none
N03,2026-01-01T00:02:13,30.65,63.74,1012.57,0,none
N04,2026-01-01T00:02:13,28.82,64.49,1013.1,0,none
N05,2026-01-01T00:02:13,28.95,64.16,1013.35,0,none
N06,2026-01-01T00:02:13,29.72,64.75,1013.13,0,none
N07,2026-01-01T00:02:13,30.22,61.71,1013.74,0,none
N08,2026-01-01T00:02:13,30.03,66.02,1011.55,0,none
N09,2026-01-01T00:02:13,20.27,87.54,999.71,1,spoof
N10,2026-01-01T00:02:13,28.91,67.79,1013.02,0,none
N01,2026-01-01T00:02:14,30.18,63.45,1012.04,0,none
N02,2026-01-01T00:02:14,29.41,66.54,1012.72,0,none
N03,2026-01-01T00:02:14,30.39,64.89,1013.28,0,none
N04,2026-01-01T00:02:14,28.69,65.19,1013.25,0,none
N05,2026-01-01T00:02:14,28.51,64.5,1013.3,0,none
N06,2026-01-01T00:02:14,29.74,63.86,1013.32,0,none
N07,2026-01-01T00:02:14,30.57,63.8,1014.47,0,none
N08,2026-01-01T00:02:14,29.88,65.18,1012.05,0,none
N09,2026-01-01T00:02:14,30.57,65.44,1012.08,0,none
N10,2026-01-01T00:02:14,29.12,68.35,1012.96,0,none
N01,2026-01-01T00:02:15,30.25,63.26,1012.7,0,none
N02,2026-01-01T00:02:15,29.06,68.38,1013.43,0,none
N03,2026-01-01T00:02:15,30.3,63.02,1013.02,0,none
N04,2026-01-01T00:02:15,28.88,64.86,1012.69,0,none
N05,2026-01-01T00:02:15,29.0,64.91,1012.88,0,none
N06,2026-01-01T00:02:15,29.81,65.67,1013.3,0,none
N07,2026-01-01T00:02:15,30.18,63.85,1014.02,0,none
N08,2026-01-01T00:02:15,29.9,64.71,1011.36,0,none
N09,2026-01-01T00:02:15,30.52,65.31,1011.86,0,none
N10,2026-01-01T00:02:15,28.97,67.95,1012.47,0,none
N01,2026-01-01T00:02:16,29.67,63.36,1012.39,0,none
N02,2026-01-01T00:02:16,29.1,67.22,1013.23,0,none
N03,2026-01-01T00:02:16,30.39,63.27,1013.21,0,none
N04,2026-01-01T00:02:16,29.06,64.99,1013.35,0,none
N05,2026-01-01T00:02:16,28.87,64.71,1013.35,0,none
N06,2026-01-01T00:02:16,29.62,64.32,1013.52,0,none
N07,2026-01-01T00:02:16,30.02,63.12,1013.76,0,none
N08,2026-01-01T00:02:16,29.88,64.63,1012.48,0,none
N09,2026-01-01T00:02:16,30.51,66.01,1012.01,0,none
N10,2026-01-01T00:02:16,29.0,67.52,1012.92,0,none
N01,2026-01-01T00:02:17,29.99,63.84,1012.14,0,none
N02,2026-01-01T00:02:17,29.07,66.64,1013.23,0,none
N03,2026-01-01T00:02:17,30.27,63.81,1013.16,0,none
N04,2026-01-01T00:02:17,28.78,64.77,1013.56,0,none
N05,2026-01-01T00:02:17,28.58,65.74,1013.23,0,none
N06,2026-01-01T00:02:17,29.66,63.95,1013.28,0,none
N07,2026-01-01T00:02:17,30.33,63.16,1013.6,0,none
N08,2026-01-01T00:02:17,30.13,66.06,1011.71,0,none
N09,2026-01-01T00:02:17,30.34,64.67,1011.81,0,none
N10,2026-01-01T00:02:17,28.96,68.07,1012.74,0,none
N01,2026-01-01T00:02:18,29.93,63.51,1012.47,0,none
N02,2026-01-01T00:02:18,29.29,66.94,1013.68,0,none
N03,2026-01-01T00:02:18,30.36,64.05,1013.06,0,none
N04,2026-01-01T00:02:18,28.85,65.0,1013.06,0,none
N05,2026-01-01T00:02:18,28.89,64.02,1012.91,0,none
N06,2026-01-01T00:02:18,29.61,64.84,1013.15,0,none
N07,2026-01-01T00:02:18,30.29,63.31,1013.57,0,none
N08,2026-01-01T00:02:18,30.08,65.11,1012.37,0,none
N09,2026-01-01T00:02:18,30.66,64.63,1012.27,0,none
N10,2026-01-01T00:02:18,28.69,67.21,1013.26,0,none
N01,2026-01-01T00:02:19,29.74,63.75,1012.08,0,none
N02,2026-01-01T00:02:19,29.21,66.97,1013.41,0,none
N03,2026-01-01T00:02:19,30.4,63.6,1012.73,0,none
N04,2026-01-01T00:02:19,28.83,63.47,1013.19,0,none
N05,2026-01-01T00:02:19,28.67,63.95,1013.34,0,none
N06,2026-01-01T00:02:19,29.69,64.76,1013.53,0,none
N07,2026-01-01T00:02:19,30.41,64.5,1013.83,0,none
N08,2026-01-01T00:02:19,30.11,64.94,1012.25,0,none
N09,2026-01-01T00:02:19,30.43,65.75,1011.86,0,none
N10,2026-01-01T00:02:19,29.02,68.27,1013.4,0,none
N01,2026-01-01T00:02:20,29.96,64.11,1012.61,0,none
N02,2026-01-01T00:02:20,29.1,67.65,1013.23,0,none
N03,2026-01-01T00:02:20,30.62,64.16,1012.27,0,none
N04,2026-01-01T00:02:20,29.06,65.43,1012.97,0,none
N05,2026-01-01T00:02:20,28.68,64.5,1013.67,0,none
N06,2026-01-01T00:02:20,29.91,63.94,1013.69,0,none
N07,2026-01-01T00:02:20,30.29,63.91,1013.61,0,none
N08,2026-01-01T00:02:20,30.09,65.93,1011.89,0,none
N09,2026-01-01T00:02:20,30.48,66.08,1012.36,0,none
N10,2026-01-01T00:02:20,28.85,67.97,1013.33,0,none
N01,2026-01-01T00:02:21,29.75,63.72,1012.47,0,none
N02,2026-01-01T00:02:21,29.3,67.19,1013.1,0,none
N03,2026-01-01T00:02:21,30.39,63.96,1013.48,0,none
N04,2026-01-01T00:02:21,29.18,64.98,1012.52,0,none
N05,2026-01-01T00:02:21,28.59,65.38,1013.77,0,none
N06,2026-01-01T00:02:21,29.85,65.35,1013.25,0,none
N07,2026-01-01T00:02:21,30.23,63.35,1014.06,0,none
N08,2026-01-01T00:02:21,29.89,65.65,1012.15,0,none
N09,2026-01-01T00:02:21,30.37,65.13,1012.13,0,none
N10,2026-01-01T00:02:21,29.0,66.49,1013.96,0,none
N01,2026-01-01T00:02:22,29.91,63.93,1012.45,0,none
N02,2026-01-01T00:02:22,29.33,67.6,1013.53,0,none
N03,2026-01-01T00:02:22,30.52,64.39,1013.87,0,none
N04,2026-01-01T00:02:22,28.78,64.33,1013.01,0,none
N05,2026-01-01T00:02:22,29.04,64.68,1013.57,0,none
N06,2026-01-01T00:02:22,29.63,65.36,1013.47,0,none
N07,2026-01-01T00:02:22,30.13,63.28,1014.01,0,none
N08,2026-01-01T00:02:22,29.91,65.64,1012.31,0,none
N09,2026-01-01T00:02:22,30.48,65.35,1012.08,0,none
N10,2026-01-01T00:02:22,28.96,67.42,1013.33,0,none
N01,2026-01-01T00:02:23,29.74,64.27,1012.09,0,none
N02,2026-01-01T00:02:23,29.15,67.11,1013.67,0,none
N03,2026-01-01T00:02:23,30.29,63.46,1012.8,0,none
N04,2026-01-01T00:02:23,28.94,64.58,1013.64,0,none
N05,2026-01-01T00:02:23,28.64,64.61,1013.9,0,none
N06,2026-01-01T00:02:23,29.85,64.2,1013.41,0,none
N07,2026-01-01T00:02:23,30.14,63.37,1014.24,0,none
N08,2026-01-01T00:02:23,30.19,65.57,1012.34,0,none
N09,2026-01-01T00:02:23,30.41,64.12,1011.86,0,none
N10,2026-01-01T00:02:23,28.9,66.87,1013.34,0,none
N01,2026-01-01T00:02:24,29.87,63.33,1012.75,0,none
N02,2026-01-01T00:02:24,29.16,67.07,1013.62,0,none
N03,2026-01-01T00:02:24,30.36,65.03,1013.25,0,none
N04,2026-01-01T00:02:24,28.68,63.81,1013.51,0,none
N05,2026-01-01T00:02:24,28.85,63.92,1013.21,0,none
N06,2026-01-01T00:02:24,29.63,64.67,1013.57,0,none
N07,2026-01-01T00:02:24,30.29,63.83,1013.9,0,none
N08,2026-01-01T00:02:24,29.97,65.77,1012.92,0,none
N09,2026-01-01T00:02:24,30.56,63.54,1012.17,0,none
N10,2026-01-01T00:02:24,29.1,67.21,1013.39,0,none
N01,2026-01-01T00:02:25,29.93,63.15,1012.93,0,none
N02,2026-01-01T00:02:25,29.39,66.73,1013.57,0,none
N03,2026-01-01T00:02:25,30.2,63.9,1013.04,0,none
N04,2026-01-01T00:02:25,28.64,65.18,1013.32,0,none
N05,2026-01-01T00:02:25,28.71,64.41,1013.74,0,none
N06,2026-01-01T00:02:25,29.79,63.84,1013.76,0,none
N07,2026-01-01T00:02:25,30.38,63.29,1014.09,0,none
N08,2026-01-01T00:02:25,29.97,65.78,1012.54,0,none
N09,2026-01-01T00:02:25,30.49,64.55,1012.23,0,none
N10,2026-01-01T00:02:25,28.8,68.66,1013.05,0,none
N01,2026-01-01T00:02:26,29.92,63.5,1012.59,0,none
N02,2026-01-01T00:02:26,29.62,67.54,1013.78,0,none
N03,2026-01-01T00:02:26,30.36,64.02,1012.83,0,none
N04,2026-01-01T00:02:26,28.75,64.62,1013.32,0,none
N05,2026-01-01T00:02:26,28.98,63.3,1013.21,0,none
N06,2026-01-01T00:02:26,29.39,64.71,1013.24,0,none
N07,2026-01-01T00:02:26,30.35,63.13,1013.74,0,none
N08,2026-01-01T00:02:26,29.78,65.24,1012.27,0,none
N09,2026-01-01T00:02:26,30.53,64.51,1012.14,0,none
N10,2026-01-01T00:02:26,28.91,67.96,1013.14,0,none
N01,2026-01-01T00:02:27,30.22,63.74,1012.76,0,none
N02,2026-01-01T00:02:27,29.03,66.48,1014.07,0,none
N03,2026-01-01T00:02:27,30.43,64.0,1013.86,0,none
N04,2026-01-01T00:02:27,28.51,65.09,1013.79,0,none
N05,2026-01-01T00:02:27,28.82,64.09,1013.59,0,none
N06,2026-01-01T00:02:27,29.54,64.26,1013.76,0,none
N07,2026-01-01T00:02:27,30.35,63.4,1014.05,0,none
N08,2026-01-01T00:02:27,29.99,64.28,1012.07,0,none
N09,2026-01-01T00:02:27,30.3,64.86,1012.44,0,none
N10,2026-01-01T00:02:27,29.01,67.08,1013.9,0,none
N01,2026-01-01T00:02:28,30.11,63.41,1012.51,0,none
N02,2026-01-01T00:02:28,29.02,66.62,1013.81,0,none
N03,2026-01-01T00:02:28,30.09,63.11,1012.95,0,none
N04,2026-01-01T00:02:28,28.94,65.35,1013.38,0,none
N05,2026-01-01T00:02:28,28.86,65.16,1014.03,0,none
N06,2026-01-01T00:02:28,29.77,65.07,1013.68,0,none
N07,2026-01-01T00:02:28,30.37,63.29,1014.11,0,none
N08,2026-01-01T00:02:28,30.16,65.93,1012.62,0,none
N09,2026-01-01T00:02:28,30.46,64.09,1012.64,0,none
N10,2026-01-01T00:02:28,29.05,67.67,1013.7,0,none
N01,2026-01-01T00:02:29,30.1,63.49,1013.28,0,none
N02,2026-01-01T00:02:29,29.17,67.09,1014.33,0,none
N03,2026-01-01T00:02:29,30.55,63.67,1012.7,0,none
N04,2026-01-01T00:02:29,28.91,64.2,1013.15,0,none
N05,2026-01-01T00:02:29,28.78,64.68,1013.12,0,none
N06,2026-01-01T00:02:29,29.55,65.41,1013.62,0,none
N07,2026-01-01T00:02:29,30.32,63.32,1014.39,0,none
N08,2026-01-01T00:02:29,30.22,64.98,1012.89,0,none
N09,2026-01-01T00:02:29,30.34,64.89,1012.84,0,none
N10,2026-01-01T00:02:29,29.01,66.73,1013.18,0,none
N01,2026-01-01T00:02:30,30.0,63.53,1012.49,0,none
N02,2026-01-01T00:02:30,29.01,66.93,1013.68,0,none
N03,2026-01-01T00:02:30,30.37,63.47,1012.52,0,none
N04,2026-01-01T00:02:30,28.87,64.21,1013.18,0,none
N05,2026-01-01T00:02:30,28.87,64.8,1013.63,0,none
N06,2026-01-01T00:02:30,29.62,64.42,1013.52,0,none
N07,2026-01-01T00:02:30,30.37,64.57,1014.61,0,none
N08,2026-01-01T00:02:30,30.01,65.36,1012.38,0,none
N09,2026-01-01T00:02:30,30.78,64.55,1011.93,0,none
N10,2026-01-01T00:02:30,28.73,67.4,1013.44,0,none
N01,2026-01-01T00:02:31,30.2,63.06,1012.71,0,none
N02,2026-01-01T00:02:31,29.03,66.58,1013.83,0,none
N03,2026-01-01T00:02:31,30.56,64.09,1012.97,0,none
N04,2026-01-01T00:02:31,28.85,64.74,1013.52,0,none
N05,2026-01-01T00:02:31,28.82,64.96,1013.79,0,none
N06,2026-01-01T00:02:31,29.96,64.78,1012.87,0,none
N07,2026-01-01T00:02:31,30.24,63.29,1014.64,0,none
N08,2026-01-01T00:02:31,30.12,64.92,1012.7,0,none
N09,2026-01-01T00:02:31,30.52,65.81,1012.67,0,none
N10,2026-01-01T00:02:31,28.79,66.69,1013.56,0,none
N01,2026-01-01T00:02:32,30.08,63.62,1012.77,0,none
N02,2026-01-01T00:02:32,29.15,65.92,1013.95,0,none
N03,2026-01-01T00:02:32,30.37,63.91,1012.56,0,none
N04,2026-01-01T00:02:32,28.99,63.37,1013.38,0,none
N05,2026-01-01T00:02:32,28.88,63.83,1013.74,0,none
N06,2026-01-01T00:02:32,29.77,63.99,1013.96,0,none
N07,2026-01-01T00:02:32,30.16,62.97,1014.54,0,none
N08,2026-01-01T00:02:32,30.18,64.79,1012.28,0,none
N09,2026-01-01T00:02:32,30.37,65.22,1012.23,0,none
N10,2026-01-01T00:02:32,28.9,67.01,1013.67,0,none
N01,2026-01-01T00:02:33,29.91,62.98,1013.18,0,none
N02,2026-01-01T00:02:33,29.25,67.12,1014.12,0,none
N03,2026-01-01T00:02:33,30.55,64.2,1013.27,0,none
N04,2026-01-01T00:02:33,28.93,63.93,1013.36,0,none
N05,2026-01-01T00:02:33,29.07,64.05,1014.1,0,none
N06,2026-01-01T00:02:33,31.04,84.51,993.5,1,spoof
N07,2026-01-01T00:02:33,29.88,62.4,1013.73,0,none
N08,2026-01-01T00:02:33,30.08,63.1,1013.52,0,none
N09,2026-01-01T00:02:33,30.61,65.07,1012.34,0,none
N10,2026-01-01T00:02:33,28.68,67.05,1013.42,0,none
N01,2026-01-01T00:02:34,29.78,63.56,1012.56,0,none
N02,2026-01-01T00:02:34,29.15,66.46,1014.22,0,none
N03,2026-01-01T00:02:34,30.22,63.74,1013.42,0,none
N04,2026-01-01T00:02:34,28.57,63.81,1014.33,0,none
N05,2026-01-01T00:02:34,28.93,,1013.77,0,none
N06,2026-01-01T00:02:34,28.35,38.39,1009.43,1,spoof
N07,2026-01-01T00:02:34,30.17,62.75,1014.84,0,none
N08,2026-01-01T00:02:34,29.82,64.72,1012.62,0,none
N09,2026-01-01T00:02:34,30.47,64.97,1012.35,0,none
N10,2026-01-01T00:02:34,28.86,66.99,1013.7,0,none
N01,2026-01-01T00:02:35,29.56,63.56,1012.61,0,none
N02,2026-01-01T00:02:35,28.84,66.37,1013.72,0,none
N03,2026-01-01T00:02:35,30.32,62.9,1013.06,0,none
N04,2026-01-01T00:02:35,28.67,63.8,1013.96,0,none
N05,2026-01-01T00:02:35,28.81,64.46,1013.38,0,none
N06,2026-01-01T00:02:35,34.45,38.78,1027.89,1,spoof
N07,2026-01-01T00:02:35,30.2,63.37,1014.41,0,none
N08,2026-01-01T00:02:35,30.0,65.18,1012.9,0,none
N09,2026-01-01T00:02:35,30.5,64.52,1012.26,0,none
N10,2026-01-01T00:02:35,29.09,67.31,1013.77,0,none
N01,2026-01-01T00:02:36,29.69,62.42,1012.68,0,none
N02,2026-01-01T00:02:36,29.17,67.58,1013.74,0,none
N03,2026-01-01T00:02:36,30.17,63.58,1013.9,0,none
N04,2026-01-01T00:02:36,28.87,63.59,1013.14,0,none
N05,2026-01-01T00:02:36,28.91,63.83,1013.83,0,none
N06,2026-01-01T00:02:36,17.17,48.34,1026.23,1,spoof
N07,2026-01-01T00:02:36,30.45,63.71,1013.8,0,none
N08,2026-01-01T00:02:36,30.2,65.28,1012.81,0,none
N09,2026-01-01T00:02:36,30.56,66.11,1012.49,0,none
N10,2026-01-01T00:02:36,29.07,67.8,1013.49,0,none
N01,2026-01-01T00:02:37,29.9,63.42,1012.55,0,none
N02,2026-01-01T00:02:37,29.22,66.29,1013.28,0,none
N03,2026-01-01T00:02:37,30.32,63.64,1013.06,0,none
N04,2026-01-01T00:02:37,28.82,64.66,1013.33,0,none
N05,2026-01-01T00:02:37,28.76,64.44,1013.6,0,none
N06,2026-01-01T00:02:37,36.27,81.47,997.4,1,spoof
N07,2026-01-01T00:02:37,30.08,63.43,1014.58,0,none
N08,2026-01-01T00:02:37,30.0,66.13,1012.27,0,none
N09,2026-01-01T00:02:37,30.75,64.55,1012.51,0,none
N10,2026-01-01T00:02:37,28.87,67.39,1013.7,0,none
N01,2026-01-01T00:02:38,29.88,63.23,1012.84,0,none
N02,2026-01-01T00:02:38,29.25,67.54,1013.87,0,none
N03,2026-01-01T00:02:38,30.48,64.19,1013.71,0,none
N04,2026-01-01T00:02:38,28.83,64.19,1013.22,0,none
N05,2026-01-01T00:02:38,28.9,64.45,1013.94,0,none
N06,2026-01-01T00:02:38,26.98,69.91,995.95,1,spoof
N07,2026-01-01T00:02:38,30.27,62.87,1014.31,0,none
N08,2026-01-01T00:02:38,29.87,65.79,1012.83,0,none
N09,2026-01-01T00:02:38,30.33,64.83,1012.51,0,none
N10,2026-01-01T00:02:38,29.0,67.95,1013.67,0,none
N01,2026-01-01T00:02:39,29.74,63.85,1012.34,0,none
N02,2026-01-01T00:02:39,29.13,66.72,1013.79,0,none
N03,2026-01-01T00:02:39,30.42,63.96,1013.28,0,none
N04,2026-01-01T00:02:39,28.67,64.43,1013.06,0,none
N05,2026-01-01T00:02:39,28.57,64.13,1013.76,0,none
N06,2026-01-01T00:02:39,30.41,35.46,983.06,1,spoof
N07,2026-01-01T00:02:39,30.05,63.83,1013.97,0,none
N08,2026-01-01T00:02:39,29.88,64.48,1012.53,0,none
N09,2026-01-01T00:02:39,30.4,65.63,1012.18,0,none
N10,2026-01-01T00:02:39,28.94,68.41,1013.79,0,none
N01,2026-01-01T00:02:40,30.2,63.38,1013.09,0,none
N02,2026-01-01T00:02:40,28.83,66.75,1013.62,0,none
N03,2026-01-01T00:02:40,30.54,63.48,1013.2,0,none
N04,2026-01-01T00:02:40,28.53,65.28,1013.79,0,none
N05,2026-01-01T00:02:40,28.94,65.11,1013.57,0,none
N06,2026-01-01T00:02:40,33.13,89.38,992.12,1,spoof
N07,2026-01-01T00:02:40,30.13,63.54,1014.09,0,none
N08,2026-01-01T00:02:40,29.97,66.19,1013.01,0,none
N09,2026-01-01T00:02:40,30.18,64.4,1012.61,0,none
N10,2026-01-01T00:02:40,28.59,68.17,1013.63,0,none
N01,2026-01-01T00:02:41,29.62,63.32,1012.74,0,none
N02,2026-01-01T00:02:41,28.88,68.01,1013.29,0,none
N03,2026-01-01T00:02:41,30.12,64.55,1013.07,0,none
N04,2026-01-01T00:02:41,28.84,64.76,1013.92,0,none
N05,2026-01-01T00:02:41,28.54,64.73,1013.56,0,none
N06,2026-01-01T00:02:41,16.14,44.29,982.35,1,spoof
N07,2026-01-01T00:02:41,30.36,64.42,1014.4,0,none
N08,2026-01-01T00:02:41,29.92,,1013.18,0,none
N09,2026-01-01T00:02:41,30.17,64.18,1012.15,0,none
N10,2026-01-01T00:02:41,29.21,68.34,1014.18,0,none
N01,2026-01-01T00:02:42,30.05,63.6,1013.08,0,none
N02,2026-01-01T00:02:42,29.35,66.21,1013.4,0,none
N03,2026-01-01T00:02:42,30.19,63.93,1013.62,0,none
N04,2026-01-01T00:02:42,28.64,64.76,1013.52,0,none
N05,2026-01-01T00:02:42,28.96,63.74,1013.91,0,none
N06,2026-01-01T00:02:42,19.4,64.18,1036.6,1,spoof
N07,2026-01-01T00:02:42,30.23,63.75,1014.34,0,none
N08,2026-01-01T00:02:42,30.06,64.49,1012.63,0,none
N09,2026-01-01T00:02:42,30.51,64.85,1012.17,0,none
N10,2026-01-01T00:02:42,28.88,67.54,1013.88,0,none
N01,2026-01-01T00:02:43,30.05,64.41,1012.65,0,none
N02,2026-01-01T00:02:43,29.48,68.08,1013.72,0,none
N03,2026-01-01T00:02:43,30.37,63.91,1013.4,0,none
N04,2026-01-01T00:02:43,28.97,64.51,1013.6,0,none
N05,2026-01-01T00:02:43,28.75,65.24,1013.71,0,none
N06,2026-01-01T00:02:43,15.03,43.46,993.6,1,spoof
N07,2026-01-01T00:02:43,30.08,64.0,1013.84,0,none
N08,2026-01-01T00:02:43,30.31,65.06,1011.81,0,none
N09,2026-01-01T00:02:43,30.51,66.51,1012.26,0,none
N10,2026-01-01T00:02:43,28.96,67.92,1013.46,0,none
N01,2026-01-01T00:02:44,29.99,64.41,1012.46,0,none
N02,2026-01-01T00:02:44,29.18,66.95,1013.42,0,none
N03,2026-01-01T00:02:44,30.3,64.38,1012.6,0,none
N04,2026-01-01T00:02:44,28.76,64.47,1013.5,0,none
N05,2026-01-01T00:02:44,28.87,64.75,1013.51,0,none
N06,2026-01-01T00:02:44,23.82,59.65,1008.88,1,spoof
N07,2026-01-01T00:02:44,30.34,64.4,1013.95,0,none
N08,2026-01-01T00:02:44,30.27,64.94,1012.18,0,none
N09,2026-01-01T00:02:44,30.55,64.96,1012.26,0,none
N10,2026-01-01T00:02:44,28.61,67.62,1013.62,0,none
N01,2026-01-01T00:02:45,29.71,64.3,1012.95,0,none
N02,2026-01-01T00:02:45,29.13,67.79,1013.4,0,none
N03,2026-01-01T00:02:45,30.38,63.62,1013.49,0,none
N04,2026-01-01T00:02:45,28.66,64.79,1013.26,0,none
N05,2026-01-01T00:02:45,28.7,63.94,1013.67,0,none
N06,2026-01-01T00:02:45,29.68,64.14,1013.67,0,none
N07,2026-01-01T00:02:45,30.2,64.07,1014.7,0,none
N08,2026-01-01T00:02:45,29.95,65.11,1012.6,0,none
N09,2026-01-01T00:02:45,30.16,65.51,1012.01,0,none
N10,2026-01-01T00:02:45,28.92,68.48,1013.8,0,none
N01,2026-01-01T00:02:46,30.01,63.19,1012.86,0,none
N02,2026-01-01T00:02:46,29.05,67.7,1013.9,0,none
N03,2026-01-01T00:02:46,30.24,65.03,1012.93,0,none
N04,2026-01-01T00:02:46,28.52,65.46,1013.68,0,none
N05,2026-01-01T00:02:46,28.7,64.06,1013.69,0,none
N06,2026-01-01T00:02:46,29.8,65.05,1013.27,0,none
N07,2026-01-01T00:02:46,30.2,63.94,1013.73,0,none
N08,2026-01-01T00:02:46,30.02,65.68,1013.09,0,none
N09,2026-01-01T00:02:46,30.43,65.78,1012.19,0,none
N10,2026-01-01T00:02:46,29.28,68.31,1013.42,0,none
N01,2026-01-01T00:02:47,30.01,63.96,1012.59,0,none
N02,2026-01-01T00:02:47,29.22,67.32,1013.43,0,none
N03,2026-01-01T00:02:47,30.03,64.4,1013.59,0,none
N04,2026-01-01T00:02:47,28.78,65.33,1013.3,0,none
N05,2026-01-01T00:02:47,28.47,64.07,1013.63,0,none
N06,2026-01-01T00:02:47,29.77,64.74,1012.53,0,none
N07,2026-01-01T00:02:47,30.0,63.64,1014.02,0,none
N08,2026-01-01T00:02:47,29.78,64.78,1011.92,0,none
N09,2026-01-01T00:02:47,30.36,65.27,1012.68,0,none
N10,2026-01-01T00:02:47,28.85,68.28,1013.49,0,none
N01,2026-01-01T00:02:48,29.5,63.74,1012.74,0,none
N02,2026-01-01T00:02:48,29.24,67.98,1013.64,0,none
N03,2026-01-01T00:02:48,30.31,65.97,1013.02,0,none
N04,2026-01-01T00:02:48,29.03,64.67,1013.64,0,none
N05,2026-01-01T00:02:48,28.68,64.54,1013.87,0,none
N06,2026-01-01T00:02:48,29.43,65.17,1013.45,0,none
N07,2026-01-01T00:02:48,30.17,65.31,1013.37,0,none
N08,2026-01-01T00:02:48,30.16,66.11,1012.33,0,none
N09,2026-01-01T00:02:48,30.2,65.32,1012.58,0,none
N10,2026-01-01T00:02:48,28.99,67.71,1013.33,0,none
N01,2026-01-01T00:02:49,30.13,65.13,1012.51,0,none
N02,2026-01-01T00:02:49,29.18,67.37,1014.07,0,none
N03,2026-01-01T00:02:49,30.41,64.99,1012.41,0,none
N04,2026-01-01T00:02:49,28.63,63.91,1012.94,0,none
N05,2026-01-01T00:02:49,28.82,64.34,1013.87,0,none
N06,2026-01-01T00:02:49,29.65,65.29,1013.2,0,none
N07,2026-01-01T00:02:49,30.21,64.55,1014.57,0,none
N08,2026-01-01T00:02:49,30.09,66.08,1013.09,0,none
N09,2026-01-01T00:02:49,30.53,65.5,1012.57,0,none
N10,2026-01-01T00:02:49,28.83,67.66,1013.59,0,none
N01,2026-01-01T00:02:50,29.65,63.42,1012.42,0,none
N02,2026-01-01T00:02:50,28.94,67.69,1013.33,0,none
N03,2026-01-01T00:02:50,29.98,64.69,1012.96,0,none
N04,2026-01-01T00:02:50,28.54,65.33,1013.32,0,none
N05,2026-01-01T00:02:50,28.45,66.43,1013.5,0,none
N06,2026-01-01T00:02:50,29.47,64.84,1013.89,0,none
N07,2026-01-01T00:02:50,30.13,64.42,1013.53,0,none
N08,2026-01-01T00:02:50,29.95,66.62,1012.64,0,none
N09,2026-01-01T00:02:50,30.3,65.57,1012.74,0,none
N10,2026-01-01T00:02:50,28.95,68.35,1013.11,0,none
N01,2026-01-01T00:02:51,29.67,64.4,1012.6,0,none
N02,2026-01-01T00:02:51,29.03,67.28,1013.35,0,none
N03,2026-01-01T00:02:51,30.56,64.16,1013.22,0,none
N04,2026-01-01T00:02:51,28.75,66.36,1013.39,0,none
N05,2026-01-01T00:02:51,28.57,64.67,1013.43,0,none
N06,2026-01-01T00:02:51,29.51,65.42,1013.35,0,none
N07,2026-01-01T00:02:51,30.34,64.83,1014.31,0,none
N08,2026-01-01T00:02:51,29.87,66.39,1012.24,0,none
N09,2026-01-01T00:02:51,30.62,65.45,1012.09,0,none
N10,2026-01-01T00:02:51,28.83,69.12,1013.18,0,none
N01,2026-01-01T00:02:52,29.85,64.57,1012.56,0,none
N02,2026-01-01T00:02:52,29.15,68.23,1013.48,0,none
N03,2026-01-01T00:02:52,30.35,64.42,1013.28,0,none
N04,2026-01-01T00:02:52,28.85,64.99,1013.38,0,none
N05,2026-01-01T00:02:52,28.55,65.18,1014.23,0,none
N06,2026-01-01T00:02:52,29.51,64.95,1013.67,0,none
N07,2026-01-01T00:02:52,29.78,64.06,1014.26,0,none
N08,2026-01-01T00:02:52,29.93,65.47,1012.3,0,none
N09,2026-01-01T00:02:52,30.25,66.55,1012.5,0,none
N10,2026-01-01T00:02:52,28.85,67.88,1013.53,0,none
N01,2026-01-01T00:02:53,29.7,64.48,1012.87,0,none
N02,2026-01-01T00:02:53,29.06,68.62,1013.66,0,none
N03,2026-01-01T00:02:53,30.3,64.7,1013.09,0,none
N04,2026-01-01T00:02:53,28.78,65.43,1013.2,0,none
N05,2026-01-01T00:02:53,28.53,65.34,1013.5,0,none
N06,2026-01-01T00:02:53,29.54,64.78,1013.26,0,none
N07,2026-01-01T00:02:53,30.27,63.7,1013.62,0,none
N08,2026-01-01T00:02:53,29.68,64.79,1013.26,0,none
N09,2026-01-01T00:02:53,30.24,65.65,1012.61,0,none
N10,2026-01-01T00:02:53,28.95,68.18,1013.33,0,none
N01,2026-01-01T00:02:54,29.91,64.48,1012.99,0,none
N02,2026-01-01T00:02:54,28.99,66.92,1013.25,0,none
N03,2026-01-01T00:02:54,30.31,64.84,1013.07,0,none
N04,2026-01-01T00:02:54,28.62,63.88,1013.8,0,none
N05,2026-01-01T00:02:54,28.85,65.26,1014.18,0,none
N06,2026-01-01T00:02:54,29.53,64.91,1013.52,0,none
N07,2026-01-01T00:02:54,30.17,63.47,1014.61,0,none
N08,2026-01-01T00:02:54,30.19,64.91,1012.53,0,none
N09,2026-01-01T00:02:54,30.52,66.28,1012.27,0,none
N10,2026-01-01T00:02:54,28.88,67.66,1013.7,0,none
N01,2026-01-01T00:02:55,30.04,64.29,1012.81,0,none
N02,2026-01-01T00:02:55,28.96,67.68,1013.93,0,none
N03,2026-01-01T00:02:55,30.3,65.17,1013.05,0,none
N04,2026-01-01T00:02:55,28.36,64.53,1013.21,0,none
N05,2026-01-01T00:02:55,28.75,64.77,1014.09,0,none
N06,2026-01-01T00:02:55,29.69,65.58,1013.83,0,none
N07,2026-01-01T00:02:55,30.12,64.26,1014.65,0,none
N08,2026-01-01T00:02:55,29.95,65.5,1012.61,0,none
N09,2026-01-01T00:02:55,30.2,65.61,1012.39,0,none
N10,2026-01-01T00:02:55,28.86,67.83,1013.77,0,none
N01,2026-01-01T00:02:56,29.85,63.88,1013.65,0,none
N02,2026-01-01T00:02:56,29.34,67.21,1013.92,0,none
N03,2026-01-01T00:02:56,30.28,65.63,1013.91,0,none
N04,2026-01-01T00:02:56,28.76,65.45,1013.29,0,none
N05,2026-01-01T00:02:56,28.48,65.91,1013.74,0,none
N06,2026-01-01T00:02:56,29.72,65.29,1013.5,0,none
N07,2026-01-01T00:02:56,30.27,63.66,1014.42,0,none
N08,2026-01-01T00:02:56,30.05,66.12,1012.78,0,none
N09,2026-01-01T00:02:56,30.58,65.32,1012.05,0,none
N10,2026-01-01T00:02:56,28.7,68.34,1013.52,0,none
N01,2026-01-01T00:02:57,29.72,65.06,1012.75,0,none
N02,2026-01-01T00:02:57,29.36,68.24,1013.85,0,none
N03,2026-01-01T00:02:57,30.2,64.7,1012.8,0,none
N04,2026-01-01T00:02:57,28.81,64.8,1013.25,0,none
N05,2026-01-01T00:02:57,28.63,64.34,1013.75,0,none
N06,2026-01-01T00:02:57,29.77,64.58,1013.6,0,none
N07,2026-01-01T00:02:57,30.34,64.44,1013.71,0,none
N08,2026-01-01T00:02:57,29.66,65.59,1012.47,0,none
N09,2026-01-01T00:02:57,30.35,65.9,1011.92,0,none
N10,2026-01-01T00:02:57,28.94,67.81,1013.43,0,none
N01,2026-01-01T00:02:58,29.91,64.79,1012.75,0,none
N02,2026-01-01T00:02:58,29.15,68.03,1013.56,0,none
N03,2026-01-01T00:02:58,30.52,64.98,1013.08,0,none
N04,2026-01-01T00:02:58,28.92,64.86,1013.24,0,none
N05,2026-01-01T00:02:58,28.94,65.0,1013.27,0,none
N06,2026-01-01T00:02:58,29.79,64.58,1013.23,0,none
N07,2026-01-01T00:02:58,40.0,87.38,1030.74,1,spike
N08,2026-01-01T00:02:58,29.93,65.57,1012.21,0,none
N09,2026-01-01T00:02:58,30.58,65.73,1012.25,0,none
N10,2026-01-01T00:02:58,,69.02,1013.73,0,none
N01,2026-01-01T00:02:59,30.08,64.36,1012.6,0,none
N02,2026-01-01T00:02:59,29.21,67.73,1013.48,0,none
N03,2026-01-01T00:02:59,30.17,64.6,1012.58,0,none
N04,2026-01-01T00:02:59,28.69,65.41,1012.98,0,none
N05,2026-01-01T00:02:59,28.6,64.25,1013.75,0,none
N06,2026-01-01T00:02:59,29.54,65.03,1013.28,0,none
N07,2026-01-01T00:02:59,40.0,84.34,1031.79,1,spike
N08,2026-01-01T00:02:59,30.0,66.74,1012.73,0,none
N09,2026-01-01T00:02:59,30.4,66.47,1011.58,0,none
N10,2026-01-01T00:02:59,28.79,68.72,1014.03,0,none
N01,2026-01-01T00:03:00,29.88,63.45,1012.42,0,none
N02,2026-01-01T00:03:00,29.09,66.92,1013.68,0,none
N03,2026-01-01T00:03:00,30.11,64.68,1012.92,0,none
N04,2026-01-01T00:03:00,28.64,65.68,1013.37,0,none
N05,2026-01-01T00:03:00,28.83,64.63,1013.6,0,none
N06,2026-01-01T00:03:00,29.6,65.07,1013.05,0,none
N07,2026-01-01T00:03:00,39.08,90.0,1035.28,1,spike
N08,2026-01-01T00:03:00,30.12,65.42,1012.66,0,none
N09,2026-01-01T00:03:00,30.55,65.59,1012.28,0,none
N10,2026-01-01T00:03:00,28.74,67.63,1012.9,0,none
N01,2026-01-01T00:03:01,29.53,64.46,1012.66,0,none
N02,2026-01-01T00:03:01,28.99,67.18,1013.67,0,none
N03,2026-01-01T00:03:01,30.42,64.11,1013.17,0,none
N04,2026-01-01T00:03:01,28.96,64.23,1013.08,0,none
N05,2026-01-01T00:03:01,28.62,65.26,1012.76,0,none
N06,2026-01-01T00:03:01,29.73,65.84,1013.45,0,none
N07,2026-01-01T00:03:01,39.7,89.28,1039.16,1,spike
N08,2026-01-01T00:03:01,29.85,66.48,1012.51,0,none
N09,2026-01-01T00:03:01,30.14,65.75,1011.6,0,none
N10,2026-01-01T00:03:01,28.81,68.24,1013.38,0,none
N01,2026-01-01T00:03:02,29.71,63.46,1012.44,0,none
N02,2026-01-01T00:03:02,28.82,67.33,1013.74,0,none
N03,2026-01-01T00:03:02,30.2,64.67,1013.32,0,none
N04,2026-01-01T00:03:02,28.74,64.25,1013.2,0,none
N05,2026-01-01T00:03:02,28.71,64.44,1013.49,0,none
N06,2026-01-01T00:03:02,29.45,64.9,1013.6,0,none
N07,2026-01-01T00:03:02,37.57,86.33,1034.74,1,spike
N08,2026-01-01T00:03:02,29.83,65.27,1012.37,0,none
N09,2026-01-01T00:03:02,30.36,65.51,1012.54,0,none
N10,2026-01-01T00:03:02,28.66,67.97,1013.73,0,none
N01,2026-01-01T00:03:03,29.51,64.03,1012.82,0,none
N02,2026-01-01T00:03:03,29.13,67.12,1013.6,0,none
N03,2026-01-01T00:03:03,29.93,64.49,1012.93,0,none
N04,2026-01-01T00:03:03,28.75,65.04,1013.24,0,none
N05,2026-01-01T00:03:03,28.75,65.7,1013.22,0,none
N06,2026-01-01T00:03:03,29.58,64.4,1013.11,0,none
N07,2026-01-01T00:03:03,36.84,89.48,1034.39,1,spike
N08,2026-01-01T00:03:03,29.6,66.0,1012.3,0,none
N09,2026-01-01T00:03:03,30.13,65.28,1012.21,0,none
N10,2026-01-01T00:03:03,29.03,66.96,1013.18,0,none
N01,2026-01-01T00:03:04,29.62,63.54,1012.39,0,none
N02,2026-01-01T00:03:04,29.25,66.7,1014.08,0,none
N03,2026-01-01T00:03:04,30.41,65.14,1012.87,0,none
N04,2026-01-01T00:03:04,28.91,64.85,1012.91,0,none
N05,2026-01-01T00:03:04,28.72,64.67,1013.66,0,none
N06,2026-01-01T00:03:04,29.47,64.18,1013.5,0,none
N07,2026-01-01T00:03:04,39.13,88.09,1029.62,1,spike
N08,2026-01-01T00:03:04,30.25,65.43,1012.41,0,none
N09,2026-01-01T00:03:04,30.36,65.32,1011.81,0,none
N10,2026-01-01T00:03:04,28.64,66.53,1013.37,0,none
N01,2026-01-01T00:03:05,29.52,64.6,1012.88,0,none
N02,2026-01-01T00:03:05,28.76,67.63,1013.24,0,none
N03,2026-01-01T00:03:05,30.32,64.4,1013.26,0,none
N04,2026-01-01T00:03:05,28.68,64.46,1013.65,0,none
N05,2026-01-01T00:03:05,28.68,64.38,1013.37,0,none
N06,2026-01-01T00:03:05,29.73,64.37,1013.14,0,none
N07,2026-01-01T00:03:05,30.18,63.25,1014.63,0,none
N08,2026-01-01T00:03:05,29.66,64.98,1012.36,0,none
N09,2026-01-01T00:03:05,30.37,66.14,1011.88,0,none
N10,2026-01-01T00:03:05,28.97,66.8,1013.37,0,none
N01,2026-01-01T00:03:06,29.79,62.87,1012.78,0,none
N02,2026-01-01T00:03:06,28.91,67.03,1013.47,0,none
N03,2026-01-01T00:03:06,30.13,63.54,1013.16,0,none
N04,2026-01-01T00:03:06,28.69,65.65,1013.6,0,none
N05,2026-01-01T00:03:06,28.68,63.86,1013.74,0,none
N06,2026-01-01T00:03:06,29.46,64.83,1013.61,0,none
N07,2026-01-01T00:03:06,30.21,64.0,1014.09,0,none
N08,2026-01-01T00:03:06,29.66,66.02,1012.25,0,none
N09,2026-01-01T00:03:06,30.38,65.75,1011.75,0,none
N10,2026-01-01T00:03:06,29.0,67.6,1013.37,0,none
N01,2026-01-01T00:03:07,29.66,63.34,1012.43,0,none
N02,2026-01-01T00:03:07,29.17,67.4,1013.6,0,none
N03,2026-01-01T00:03:07,30.16,63.47,1013.07,0,none
N04,2026-01-01T00:03:07,28.57,64.65,1012.84,0,none
N05,2026-01-01T00:03:07,28.59,65.25,1013.33,0,none
N06,2026-01-01T00:03:07,29.55,64.29,1013.12,0,none
N07,2026-01-01T00:03:07,30.13,63.5,1013.8,0,none
N08,2026-01-01T00:03:07,29.72,66.03,1012.89,0,none
N09,2026-01-01T00:03:07,30.22,65.21,1012.02,0,none
N10,2026-01-01T00:03:07,28.74,67.69,1013.21,0,none
N01,2026-01-01T00:03:08,29.68,63.71,1012.69,0,none
N02,2026-01-01T00:03:08,28.84,67.63,1013.43,0,none
N03,2026-01-01T00:03:08,30.13,64.89,1012.55,0,none
N04,2026-01-01T00:03:08,28.56,64.1,1013.21,0,none
N05,2026-01-01T00:03:08,28.4,64.44,1013.3,0,none
N06,2026-01-01T00:03:08,29.44,63.82,1013.71,0,none
N07,2026-01-01T00:03:08,29.68,62.99,1013.63,0,none
N08,2026-01-01T00:03:08,29.74,64.0,1012.26,0,none
N09,2026-01-01T00:03:08,30.24,65.45,1012.19,0,none
N10,2026-01-01T00:03:08,28.51,68.0,1013.01,0,none
N01,2026-01-01T00:03:09,29.55,63.38,1012.46,0,none
N02,2026-01-01T00:03:09,29.02,65.7,1013.6,0,none
N03,2026-01-01T00:03:09,30.14,64.03,1013.05,0,none
N04,2026-01-01T00:03:09,28.53,64.78,1013.1,0,none
N05,2026-01-01T00:03:09,28.62,64.2,1013.26,0,none
N06,2026-01-01T00:03:09,29.44,64.6,1013.28,0,none
N07,2026-01-01T00:03:09,29.94,63.4,1013.73,0,none
N08,2026-01-01T00:03:09,29.72,65.04,1012.64,0,none
N09,2026-01-01T00:03:09,30.2,64.39,1011.97,0,none
N10,2026-01-01T00:03:09,28.74,67.54,1013.53,0,none
N01,2026-01-01T00:03:10,29.56,63.2,1012.95,0,none
N02,2026-01-01T00:03:10,28.78,66.56,1013.86,0,none
N03,2026-01-01T00:03:10,30.04,64.9,1012.56,0,none
N04,2026-01-01T00:03:10,28.59,63.98,1013.11,0,none
N05,2026-01-01T00:03:10,28.34,64.65,1013.94,0,none
N06,2026-01-01T00:03:10,29.07,65.73,1013.35,0,none
N07,2026-01-01T00:03:10,29.96,62.86,1013.75,0,none
N08,2026-01-01T00:03:10,29.7,64.16,1012.1,0,none
N09,2026-01-01T00:03:10,30.19,64.73,1012.13,0,none
N10,2026-01-01T00:03:10,28.65,67.93,1013.31,0,none
N01,2026-01-01T00:03:11,29.55,62.61,1012.32,0,none
N02,2026-01-01T00:03:11,28.94,66.66,1013.13,0,none
N03,2026-01-01T00:03:11,29.78,63.54,1013.12,0,none
N04,2026-01-01T00:03:11,28.62,64.33,1012.97,0,none
N05,2026-01-01T00:03:11,28.46,64.66,1012.65,0,none
N06,2026-01-01T00:03:11,29.62,64.73,1012.62,0,none
N07,2026-01-01T00:03:11,29.97,63.82,1013.12,0,none
N08,2026-01-01T00:03:11,29.57,65.67,1012.28,0,none
N09,2026-01-01T00:03:11,30.36,65.87,1012.63,0,none
N10,2026-01-01T00:03:11,28.45,66.84,1013.12,0,none
N01,2026-01-01T00:03:12,29.28,64.31,1012.48,0,none
N02,2026-01-01T00:03:12,28.72,67.24,1013.43,0,none
N03,2026-01-01T00:03:12,29.95,64.17,1013.16,0,none
N04,2026-01-01T00:03:12,28.78,64.99,1012.66,0,none
N05,2026-01-01T00:03:12,28.42,63.81,1013.38,0,none
N06,2026-01-01T00:03:12,29.54,64.7,1012.89,0,none
N07,2026-01-01T00:03:12,30.07,63.73,1013.35,0,none
N08,2026-01-01T00:03:12,29.75,65.29,1012.25,0,none
N09,2026-01-01T00:03:12,29.95,64.37,1011.86,0,none
N10,2026-01-01T00:03:12,28.61,67.72,1013.08,0,none
N01,2026-01-01T00:03:13,29.63,62.62,1012.16,0,none
N02,2026-01-01T00:03:13,28.8,67.18,1013.13,0,none
N03,2026-01-01T00:03:13,29.82,63.83,1013.16,0,none
N04,2026-01-01T00:03:13,28.54,65.3,1012.65,0,none
N05,2026-01-01T00:03:13,28.58,64.23,1013.5,0,none
N06,2026-01-01T00:03:13,29.6,64.34,1013.09,0,none
N07,2026-01-01T00:03:13,29.92,63.42,1013.44,0,none
N08,2026-01-01T00:03:13,29.78,64.99,1012.27,0,none
N09,2026-01-01T00:03:13,29.94,65.18,1011.73,0,none
N10,2026-01-01T00:03:13,28.52,68.52,1012.81,0,none
N01,2026-01-01T00:03:14,29.63,63.82,1012.32,0,none
N02,2026-01-01T00:03:14,28.78,66.62,1013.59,0,none
N03,2026-01-01T00:03:14,30.26,64.17,1013.24,0,none
N04,2026-01-01T00:03:14,28.48,64.44,1013.21,0,none
N05,2026-01-01T00:03:14,28.56,64.05,1013.32,0,none
N06,2026-01-01T00:03:14,29.3,64.05,1012.96,0,none
N07,2026-01-01T00:03:14,29.81,63.31,1013.92,0,none
N08,2026-01-01T00:03:14,29.58,65.51,1012.14,0,none
N09,2026-01-01T00:03:14,30.19,64.74,1012.64,0,none
N10,2026-01-01T00:03:14,28.73,67.87,1013.04,0,none
N01,2026-01-01T00:03:15,29.64,62.99,1012.04,0,none
N02,2026-01-01T00:03:15,28.89,67.63,1012.85,0,none
N03,2026-01-01T00:03:15,30.03,64.27,1012.33,0,none
N04,2026-01-01T00:03:15,28.59,64.38,1013.26,0,none
N05,2026-01-01T00:03:15,28.42,64.85,1012.96,0,none
N06,2026-01-01T00:03:15,29.37,65.13,1012.85,0,none
N07,2026-01-01T00:03:15,30.13,63.55,1013.54,0,none
N08,2026-01-01T00:03:15,29.62,65.12,1011.56,0,none
N09,2026-01-01T00:03:15,30.09,65.29,1011.99,0,none
N10,2026-01-01T00:03:15,28.76,67.84,1012.39,0,none
N01,2026-01-01T00:03:16,29.57,63.49,1012.17,0,none
N02,2026-01-01T00:03:16,28.88,67.04,1013.25,0,none
N03,2026-01-01T00:03:16,30.27,64.19,1012.94,0,none
N04,2026-01-01T00:03:16,28.46,63.81,1012.88,0,none
N05,2026-01-01T00:03:16,28.49,64.03,1013.15,0,none
N06,2026-01-01T00:03:16,29.53,64.88,1013.03,0,none
N07,2026-01-01T00:03:16,29.77,62.92,1013.82,0,none
N08,2026-01-01T00:03:16,29.7,65.16,1011.75,0,none
N09,2026-01-01T00:03:16,29.99,65.39,1011.7,0,none
N10,2026-01-01T00:03:16,28.47,67.14,1013.36,0,none
N01,2026-01-01T00:03:17,29.62,64.54,1012.02,0,none
N02,2026-01-01T00:03:17,28.87,66.33,1012.95,0,none
N03,2026-01-01T00:03:17,30.08,63.66,1012.78,0,none
N04,2026-01-01T00:03:17,28.32,63.7,1012.52,0,none
N05,2026-01-01T00:03:17,28.48,64.88,1013.09,0,none
N06,2026-01-01T00:03:17,29.51,63.85,1013.3,0,none
N07,2026-01-01T00:03:17,29.77,62.32,1013.58,0,none
N08,2026-01-01T00:03:17,29.48,64.36,1012.33,0,none
N09,2026-01-01T00:03:17,30.19,64.68,1012.13,0,none
N10,2026-01-01T00:03:17,28.72,67.58,1013.41,0,none
N01,2026-01-01T00:03:18,29.59,63.35,1011.82,0,none
N02,2026-01-01T00:03:18,28.7,66.82,1012.88,0,none
N03,2026-01-01T00:03:18,30.05,62.77,1012.44,0,none
N04,2026-01-01T00:03:18,28.56,64.56,1012.82,0,none
N05,2026-01-01T00:03:18,28.64,63.99,1013.38,0,none
N06,2026-01-01T00:03:18,29.32,63.13,1013.14,0,none
N07,2026-01-01T00:03:18,29.99,62.82,1013.51,0,none
N08,2026-01-01T00:03:18,29.62,64.97,1011.73,0,none
N09,2026-01-01T00:03:18,29.94,64.37,1011.75,0,none
N10,2026-01-01T00:03:18,28.6,67.8,1013.15,0,none
N01,2026-01-01T00:03:19,29.41,62.69,1012.1,0,none
N02,2026-01-01T00:03:19,28.96,66.93,1013.47,0,none
N03,2026-01-01T00:03:19,30.19,63.88,1012.02,0,none
N04,2026-01-01T00:03:19,28.29,63.64,1012.53,0,none
N05,2026-01-01T00:03:19,28.34,63.39,1013.26,0,none
N06,2026-01-01T00:03:19,29.58,64.08,1012.7,0,none
N07,2026-01-01T00:03:19,29.69,63.91,1013.72,0,none
N08,2026-01-01T00:03:19,29.69,64.29,1012.13,0,none
N09,2026-01-01T00:03:19,29.99,64.89,1011.41,0,none
N10,2026-01-01T00:03:19,28.57,67.71,1012.51,0,none
N01,2026-01-01T00:03:20,29.37,62.0,1012.16,0,none
N02,2026-01-01T00:03:20,28.66,66.48,1013.38,0,none
N03,2026-01-01T00:03:20,30.01,63.13,1012.28,0,none
N04,2026-01-01T00:03:20,28.57,63.63,1012.9,0,none
N05,2026-01-01T00:03:20,28.65,63.94,1013.41,0,none
N06,2026-01-01T00:03:20,29.52,63.52,1013.12,0,none
N07,2026-01-01T00:03:20,29.85,61.47,1014.0,0,none
N08,2026-01-01T00:03:20,29.82,64.62,1012.31,0,none
N09,2026-01-01T00:03:20,30.15,64.08,1011.75,0,none
N10,2026-01-01T00:03:20,28.49,66.76,1012.64,0,none
N01,2026-01-01T00:03:21,29.8,63.41,1012.46,0,none
N02,2026-01-01T00:03:21,28.91,66.6,1012.99,0,none
N03,2026-01-01T00:03:21,29.99,62.78,1012.27,0,none
N04,2026-01-01T00:03:21,28.17,64.66,1012.73,0,none
N05,2026-01-01T00:03:21,28.37,63.32,1013.07,0,none
N06,2026-01-01T00:03:21,29.33,64.11,1013.16,0,none
N07,2026-01-01T00:03:21,29.68,62.36,1013.13,0,none
N08,2026-01-01T00:03:21,29.77,64.21,1012.29,0,none
N09,2026-01-01T00:03:21,30.15,64.25,1011.9,0,none
N10,2026-01-01T00:03:21,28.54,67.26,1013.14,0,none
N01,2026-01-01T00:03:22,29.41,63.77,1011.66,0,none
N02,2026-01-01T00:03:22,29.07,65.97,1013.11,0,none
N03,2026-01-01T00:03:22,29.75,63.12,1012.75,0,none
N04,2026-01-01T00:03:22,28.5,63.5,1012.97,0,none
N05,2026-01-01T00:03:22,28.83,64.14,1013.21,0,none
N06,2026-01-01T00:03:22,29.09,63.71,1012.84,0,none
N07,2026-01-01T00:03:22,29.76,63.19,1013.75,0,none
N08,2026-01-01T00:03:22,29.5,63.82,1011.8,0,none
N09,2026-01-01T00:03:22,30.24,64.39,1011.48,0,none
N10,2026-01-01T00:03:22,28.58,67.24,1013.27,0,none
N01,2026-01-01T00:03:23,29.3,62.5,1012.37,0,none
N02,2026-01-01T00:03:23,28.68,66.44,1013.01,0,none
N03,2026-01-01T00:03:23,30.04,62.9,1012.39,0,none
N04,2026-01-01T00:03:23,28.48,63.08,1012.86,0,none
N05,2026-01-01T00:03:23,28.38,63.06,1013.07,0,none
N06,2026-01-01T00:03:23,29.57,63.61,1012.95,0,none
N07,2026-01-01T00:03:23,30.12,62.25,1013.67,0,none
N08,2026-01-01T00:03:23,29.71,64.05,1011.76,0,none
N09,2026-01-01T00:03:23,29.89,63.84,1010.98,0,none
N10,2026-01-01T00:03:23,28.47,66.28,1012.49,0,none
N01,2026-01-01T00:03:24,29.62,61.99,1012.2,0,none
N02,2026-01-01T00:03:24,28.71,66.41,1013.26,0,none
N03,2026-01-01T00:03:24,38.82,81.91,1029.82,1,spike
N04,2026-01-01T00:03:24,28.25,63.71,1012.43,0,none
N05,2026-01-01T00:03:24,28.42,63.05,1013.64,0,none
N06,2026-01-01T00:03:24,29.28,64.37,1013.13,0,none
N07,2026-01-01T00:03:24,29.65,61.97,1012.67,0,none
N08,2026-01-01T00:03:24,29.65,64.54,1011.58,1,stuck
N09,2026-01-01T00:03:24,30.2,64.03,1011.53,0,none
N10,2026-01-01T00:03:24,28.39,66.83,1012.71,0,none
N01,2026-01-01T00:03:25,29.6,62.54,1012.3,0,none
N02,2026-01-01T00:03:25,28.9,66.75,1013.25,0,none
N03,2026-01-01T00:03:25,38.08,83.36,1033.09,1,spike
N04,2026-01-01T00:03:25,28.53,64.1,1012.54,0,none
N05,2026-01-01T00:03:25,28.34,64.22,1012.53,0,none
N06,2026-01-01T00:03:25,29.12,63.17,1012.86,0,none
N07,2026-01-01T00:03:25,29.85,61.22,1013.05,0,none
N08,2026-01-01T00:03:25,29.65,64.54,1011.58,1,stuck
N09,2026-01-01T00:03:25,29.94,63.99,1011.81,0,none
N10,2026-01-01T00:03:25,28.25,66.57,1013.0,0,none
N01,2026-01-01T00:03:26,29.61,62.28,1012.58,0,none
N02,2026-01-01T00:03:26,28.7,66.03,1012.82,0,none
N03,2026-01-01T00:03:26,37.61,79.64,1028.64,1,spike
N04,2026-01-01T00:03:26,28.34,62.77,1012.38,0,none
N05,2026-01-01T00:03:26,28.42,63.41,1013.5,0,none
N06,2026-01-01T00:03:26,29.14,63.4,1013.05,0,none
N07,2026-01-01T00:03:26,29.84,61.78,1012.85,0,none
N08,2026-01-01T00:03:26,29.65,64.54,1011.58,1,stuck
N09,2026-01-01T00:03:26,29.89,65.25,1011.71,0,none
N10,2026-01-01T00:03:26,28.71,65.85,1012.7,0,none
N01,2026-01-01T00:03:27,29.53,62.17,1012.18,0,none
N02,2026-01-01T00:03:27,28.57,65.11,1013.25,0,none
N03,2026-01-01T00:03:27,37.43,82.05,1028.05,1,spike
N04,2026-01-01T00:03:27,28.24,63.17,1012.73,0,none
N05,2026-01-01T00:03:27,28.49,63.23,1013.0,0,none
N06,2026-01-01T00:03:27,29.32,63.22,1013.31,0,none
N07,2026-01-01T00:03:27,29.68,62.04,1012.84,0,none
N08,2026-01-01T00:03:27,29.65,64.54,1011.58,1,stuck
N09,2026-01-01T00:03:27,29.79,64.15,1011.77,0,none
N10,2026-01-01T00:03:27,28.71,67.37,1013.0,0,none
N01,2026-01-01T00:03:28,29.84,62.11,1012.3,0,none
N02,2026-01-01T00:03:28,28.88,65.94,1013.22,0,none
N03,2026-01-01T00:03:28,39.03,84.91,1030.41,1,spike
N04,2026-01-01T00:03:28,28.39,63.19,1012.21,0,none
N05,2026-01-01T00:03:28,28.13,63.88,1013.0,0,none
N06,2026-01-01T00:03:28,29.29,62.53,1012.62,0,none
N07,2026-01-01T00:03:28,29.81,61.95,1013.24,0,none
N08,2026-01-01T00:03:28,29.65,64.54,1011.58,1,stuck
N09,2026-01-01T00:03:28,29.86,63.4,1011.61,0,none
N10,2026-01-01T00:03:28,28.17,66.55,1012.26,0,none
N01,2026-01-01T00:03:29,29.33,62.33,1012.33,0,none
N02,2026-01-01T00:03:29,28.59,65.08,1013.28,0,none
N03,2026-01-01T00:03:29,29.47,61.3,1012.04,0,none
N04,2026-01-01T00:03:29,28.18,63.19,1013.03,0,none
N05,2026-01-01T00:03:29,28.15,63.7,1013.31,0,none
N06,2026-01-01T00:03:29,29.11,63.38,1012.7,0,none
N07,2026-01-01T00:03:29,29.89,63.22,1013.59,0,none
N08,2026-01-01T00:03:29,29.65,64.54,1011.58,1,stuck
N09,2026-01-01T00:03:29,30.0,64.44,1012.18,0,none
N10,2026-01-01T00:03:29,28.43,66.73,1013.14,0,none
N01,2026-01-01T00:03:30,29.42,63.06,1012.16,0,none
N02,2026-01-01T00:03:30,28.71,65.59,1012.83,0,none
N03,2026-01-01T00:03:30,29.94,62.74,1012.0,0,none
N04,2026-01-01T00:03:30,28.09,63.35,1012.54,0,none
N05,2026-01-01T00:03:30,28.47,62.63,1013.33,0,none
N06,2026-01-01T00:03:30,29.18,63.37,1012.97,0,none
N07,2026-01-01T00:03:30,29.82,62.46,1013.46,0,none
N08,2026-01-01T00:03:30,29.65,64.54,1011.58,1,stuck
N09,2026-01-01T00:03:30,30.06,63.69,1011.54,0,none
N10,2026-01-01T00:03:30,28.45,66.66,1012.77,0,none
N01,2026-01-01T00:03:31,29.44,61.87,1011.97,0,none
N02,2026-01-01T00:03:31,28.79,65.26,1013.68,0,none
N03,2026-01-01T00:03:31,29.73,62.54,1012.23,0,none
N04,2026-01-01T00:03:31,28.58,62.96,1012.85,0,none
N05,2026-01-01T00:03:31,28.37,63.4,1012.72,0,none
N06,2026-01-01T00:03:31,29.21,63.61,1012.76,0,none
N07,2026-01-01T00:03:31,29.7,62.31,1013.45,0,none
N08,2026-01-01T00:03:31,29.65,64.54,1011.58,1,stuck
N09,2026-01-01T00:03:31,29.92,63.6,1011.62,0,none
N10,2026-01-01T00:03:31,28.45,65.98,1013.0,0,none
N01,2026-01-01T00:03:32,29.56,62.9,1011.61,0,none
N02,2026-01-01T00:03:32,28.72,64.79,1012.94,0,none
N03,2026-01-01T00:03:32,29.99,62.64,1012.46,0,none
N04,2026-01-01T00:03:32,28.09,62.73,1013.06,0,none
N05,2026-01-01T00:03:32,28.04,62.82,1013.08,0,none
N06,2026-01-01T00:03:32,29.2,62.61,1012.58,0,none
N07,2026-01-01T00:03:32,29.58,61.68,1013.18,0,none
N08,2026-01-01T00:03:32,29.65,64.54,1011.58,1,stuck
N09,2026-01-01T00:03:32,30.0,63.56,1011.91,0,none
N10,2026-01-01T00:03:32,28.2,65.72,1012.56,0,none
N01,2026-01-01T00:03:33,29.35,61.9,1011.56,0,none
N02,2026-01-01T00:03:33,28.72,66.21,1013.32,0,none
N03,2026-01-01T00:03:33,29.98,61.64,1012.29,0,none
N04,2026-01-01T00:03:33,28.36,62.61,1012.51,0,none
N05,2026-01-01T00:03:33,28.47,62.7,1013.0,0,none
N06,2026-01-01T00:03:33,29.2,62.74,1013.01,0,none
N07,2026-01-01T00:03:33,29.63,61.94,1013.56,0,none
N08,2026-01-01T00:03:33,29.65,64.54,1011.58,1,stuck
N09,2026-01-01T00:03:33,30.17,63.24,1011.27,0,none
N10,2026-01-01T00:03:33,28.33,65.97,1012.53,0,none
N01,2026-01-01T00:03:34,29.62,61.68,1011.83,0,none
N02,2026-01-01T00:03:34,28.74,64.4,1012.73,0,none
N03,2026-01-01T00:03:34,29.82,61.74,1011.82,0,none
N04,2026-01-01T00:03:34,28.48,62.64,1012.61,0,none
N05,2026-01-01T00:03:34,28.22,62.27,1013.2,0,none
N06,2026-01-01T00:03:34,29.13,63.2,1012.68,0,none
N07,2026-01-01T00:03:34,29.57,62.32,1012.41,0,none
N08,2026-01-01T00:03:34,29.65,64.54,1011.58,1,stuck
N09,2026-01-01T00:03:34,29.87,63.13,1011.65,0,none
N10,2026-01-01T00:03:34,28.35,65.77,1012.77,0,none
N01,2026-01-01T00:03:35,29.2,62.01,1011.15,0,none
N02,2026-01-01T00:03:35,28.76,64.9,1012.29,0,none
N03,2026-01-01T00:03:35,29.78,61.9,1012.63,0,none
N04,2026-01-01T00:03:35,28.47,63.05,1012.42,0,none
N05,2026-01-01T00:03:35,28.22,63.51,1012.69,0,none
N06,2026-01-01T00:03:35,29.31,62.91,1012.81,0,none
N07,2026-01-01T00:03:35,29.75,61.43,1012.96,0,none
N08,2026-01-01T00:03:35,29.65,64.54,1011.58,1,stuck
N09,2026-01-01T00:03:35,29.98,62.98,1011.89,0,none
N10,2026-01-01T00:03:35,28.2,66.08,1013.03,0,none
N01,2026-01-01T00:03:36,29.64,61.97,1011.93,0,none
N02,2026-01-01T00:03:36,28.6,65.15,1012.22,0,none
N03,2026-01-01T00:03:36,29.79,61.9,1012.29,0,none
N04,2026-01-01T00:03:36,28.34,62.09,1012.08,0,none
N05,2026-01-01T00:03:36,28.2,63.42,1012.72,0,none
N06,2026-01-01T00:03:36,29.26,62.48,1013.02,0,none
N07,2026-01-01T00:03:36,29.61,61.69,1012.86,0,none
N08,2026-01-01T00:03:36,29.65,64.54,1011.58,1,stuck
N09,2026-01-01T00:03:36,29.92,62.94,1011.25,0,none
N10,2026-01-01T00:03:36,28.49,65.19,1013.08,0,none
N01,2026-01-01T00:03:37,29.38,62.05,1011.82,0,none
N02,2026-01-01T00:03:37,28.51,65.19,1012.52,0,none
N03,2026-01-01T00:03:37,29.89,61.78,1012.33,0,none
N04,2026-01-01T00:03:37,28.18,61.85,1012.15,0,none
N05,2026-01-01T00:03:37,28.41,62.4,1012.76,0,none
N06,2026-01-01T00:03:37,29.31,62.28,1012.81,0,none
N07,2026-01-01T00:03:37,29.64,61.82,1013.48,0,none
N08,2026-01-01T00:03:37,29.65,64.54,1011.58,1,stuck
N09,2026-01-01T00:03:37,29.94,62.7,1011.22,0,none
N10,2026-01-01T00:03:37,28.45,65.73,1012.61,0,none
N01,2026-01-01T00:03:38,29.28,60.92,1011.95,0,none
N02,2026-01-01T00:03:38,28.77,66.37,1012.97,0,none
N03,2026-01-01T00:03:38,29.68,61.84,1012.28,0,none
N04,2026-01-01T00:03:38,28.35,62.16,1013.01,0,none
N05,2026-01-01T00:03:38,28.16,61.8,1013.97,0,none
N06,2026-01-01T00:03:38,29.06,62.9,1012.91,0,none
N07,2026-01-01T00:03:38,29.63,61.75,1013.37,0,none
N08,2026-01-01T00:03:38,29.65,64.54,1011.58,1,stuck
N09,2026-01-01T00:03:38,29.88,63.42,1010.92,0,none
N10,2026-01-01T00:03:38,28.31,65.7,1013.04,0,none
N01,2026-01-01T00:03:39,29.45,61.41,1012.05,0,none
N02,2026-01-01T00:03:39,28.8,65.33,1012.7,0,none
N03,2026-01-01T00:03:39,29.7,62.79,1012.81,0,none
N04,2026-01-01T00:03:39,28.37,62.03,1012.7,0,none
N05,2026-01-01T00:03:39,28.62,62.51,1013.51,0,none
N06,2026-01-01T00:03:39,29.48,63.5,1012.56,0,none
N07,2026-01-01T00:03:39,29.54,61.06,1013.01,0,none
N08,2026-01-01T00:03:39,29.65,64.54,1011.58,1,stuck
N09,2026-01-01T00:03:39,29.79,62.56,1010.93,0,none
N10,2026-01-01T00:03:39,28.46,65.58,1012.81,0,none
N01,2026-01-01T00:03:40,29.57,61.84,1011.87,0,none
N02,2026-01-01T00:03:40,28.45,66.16,1012.52,0,none
N03,2026-01-01T00:03:40,29.69,61.87,1011.93,0,none
N04,2026-01-01T00:03:40,27.99,61.93,1012.92,0,none
N05,2026-01-01T00:03:40,28.36,62.49,1012.81,0,none
N06,2026-01-01T00:03:40,29.25,62.21,1012.32,0,none
N07,2026-01-01T00:03:40,29.87,60.83,1012.61,0,none
N08,2026-01-01T00:03:40,29.65,64.54,1011.58,1,stuck
N09,2026-01-01T00:03:40,29.94,62.9,1011.8,0,none
N10,2026-01-01T00:03:40,28.51,65.26,1012.64,0,none
N01,2026-01-01T00:03:41,29.29,61.44,1011.38,0,none
N02,2026-01-01T00:03:41,28.75,64.96,1012.95,0,none
N03,2026-01-01T00:03:41,29.71,62.74,1011.9,0,none
N04,2026-01-01T00:03:41,28.39,62.79,1011.95,0,none
N05,2026-01-01T00:03:41,28.34,62.3,1012.68,0,none
N06,2026-01-01T00:03:41,29.08,61.99,1012.74,0,none
N07,2026-01-01T00:03:41,29.38,61.24,1012.79,0,none
N08,2026-01-01T00:03:41,29.65,64.54,1011.58,1,stuck
N09,2026-01-01T00:03:41,30.02,63.57,1010.8,0,none
N10,2026-01-01T00:03:41,28.17,66.06,1012.3,0,none
N01,2026-01-01T00:03:42,29.7,62.4,1011.49,0,none
N02,2026-01-01T00:03:42,28.64,64.77,1012.56,0,none
N03,2026-01-01T00:03:42,30.04,60.7,1011.46,0,none
N04,2026-01-01T00:03:42,28.47,63.02,1012.2,0,none
N05,2026-01-01T00:03:42,28.02,62.36,1012.08,0,none
N06,2026-01-01T00:03:42,29.25,62.13,1012.59,0,none
N07,2026-01-01T00:03:42,29.67,61.19,1012.15,0,none
N08,2026-01-01T00:03:42,29.65,64.54,1011.58,1,stuck
N09,2026-01-01T00:03:42,29.97,62.77,1011.29,0,none
N10,2026-01-01T00:03:42,28.35,64.95,1012.74,0,none
N01,2026-01-01T00:03:43,29.34,61.86,1011.85,0,none
N02,2026-01-01T00:03:43,28.64,64.3,1012.6,0,none
N03,2026-01-01T00:03:43,29.93,61.02,1011.93,0,none
N04,2026-01-01T00:03:43,28.38,62.07,1011.94,0,none
N05,2026-01-01T00:03:43,28.5,61.26,1012.08,0,none
N06,2026-01-01T00:03:43,29.33,62.4,1012.07,0,none
N07,2026-01-01T00:03:43,29.46,61.9,1012.96,0,none
N08,2026-01-01T00:03:43,29.65,64.54,1011.58,1,stuck
N09,2026-01-01T00:03:43,29.79,62.62,1011.54,0,none
N10,2026-01-01T00:03:43,28.59,65.73,1012.1,0,none
N01,2026-01-01T00:03:44,29.21,62.2,1011.33,0,none
N02,2026-01-01T00:03:44,28.46,65.56,1012.67,0,none
N03,2026-01-01T00:03:44,29.72,61.36,1012.23,0,none
N04,2026-01-01T00:03:44,27.9,62.33,1012.16,0,none
N05,2026-01-01T00:03:44,28.05,63.04,1012.4,0,none
N06,2026-01-01T00:03:44,29.46,63.16,1012.35,0,none
N07,2026-01-01T00:03:44,29.43,61.67,1012.47,0,none
N08,2026-01-01T00:03:44,29.65,64.54,1011.58,1,stuck
N09,2026-01-01T00:03:44,30.04,62.99,1011.54,0,none
N10,2026-01-01T00:03:44,28.25,65.39,1012.01,0,none
N01,2026-01-01T00:03:45,29.16,61.03,1011.49,0,none
N02,2026-01-01T00:03:45,28.5,64.87,1011.92,0,none
N03,2026-01-01T00:03:45,29.86,62.33,1011.68,0,none
N04,2026-01-01T00:03:45,28.48,63.17,1011.62,0,none
N05,2026-01-01T00:03:45,28.39,62.84,1012.67,0,none
N06,2026-01-01T00:03:45,29.05,62.03,1012.06,0,none
N07,2026-01-01T00:03:45,29.82,61.85,1012.87,0,none
N08,2026-01-01T00:03:45,29.65,64.54,1011.58,1,stuck
N09,2026-01-01T00:03:45,29.98,62.96,1011.47,0,none
N10,2026-01-01T00:03:45,28.29,65.34,1012.11,0,none
N01,2026-01-01T00:03:46,29.26,60.61,1011.35,0,none
N02,2026-01-01T00:03:46,28.64,65.69,1012.3,0,none
N03,2026-01-01T00:03:46,29.84,61.13,1011.31,0,none
N04,2026-01-01T00:03:46,28.12,62.27,1012.11,0,none
N05,2026-01-01T00:03:46,28.1,63.22,1012.16,0,none
N06,2026-01-01T00:03:46,29.23,62.13,1011.64,0,none
N07,2026-01-01T00:03:46,29.9,60.69,1013.19,0,none
N08,2026-01-01T00:03:46,29.65,64.54,1011.58,1,stuck
N09,2026-01-01T00:03:46,29.91,63.92,1010.83,0,none
N10,2026-01-01T00:03:46,28.28,66.34,1011.74,0,none
N01,2026-01-01T00:03:47,29.12,61.38,1011.64,0,none
N02,2026-01-01T00:03:47,28.63,64.94,1012.15,0,none
N03,2026-01-01T00:03:47,29.89,61.7,1011.71,0,none
N04,2026-01-01T00:03:47,28.15,62.04,1011.41,0,none
N05,2026-01-01T00:03:47,28.17,61.5,1011.94,0,none
N06,2026-01-01T00:03:47,28.79,61.58,1012.11,0,none
N07,2026-01-01T00:03:47,29.34,60.71,1012.67,0,none
N08,2026-01-01T00:03:47,29.65,64.54,1011.58,1,stuck
N09,2026-01-01T00:03:47,29.7,62.23,1010.71,0,none
N10,2026-01-01T00:03:47,28.39,64.39,1011.94,0,none
N01,2026-01-01T00:03:48,29.33,60.74,1010.95,0,none
N02,2026-01-01T00:03:48,28.68,64.28,1012.48,0,none
N03,2026-01-01T00:03:48,29.65,61.68,1011.8,0,none
N04,2026-01-01T00:03:48,28.07,61.02,1011.59,0,none
N05,2026-01-01T00:03:48,28.14,62.62,1012.1,0,none
N06,2026-01-01T00:03:48,29.04,62.01,1011.32,0,none
N07,2026-01-01T00:03:48,29.29,61.63,1013.18,0,none
N08,2026-01-01T00:03:48,29.65,64.54,1011.58,1,stuck
N09,2026-01-01T00:03:48,29.71,63.37,1010.22,0,none
N10,2026-01-01T00:03:48,28.31,65.35,1011.68,0,none
N01,2026-01-01T00:03:49,29.19,59.85,1011.23,0,none
N02,2026-01-01T00:03:49,28.6,64.86,1012.2,0,none
N03,2026-01-01T00:03:49,29.77,60.74,1011.43,0,none
N04,2026-01-01T00:03:49,28.31,62.25,1011.5,0,none
N05,2026-01-01T00:03:49,28.48,61.11,1012.39,0,none
N06,2026-01-01T00:03:49,29.02,62.26,1012.16,0,none
N07,2026-01-01T00:03:49,29.6,61.68,1012.54,0,none
N08,2026-01-01T00:03:49,29.65,64.54,1011.58,1,stuck
N09,2026-01-01T00:03:49,30.04,61.92,1010.79,0,none
N10,2026-01-01T00:03:49,28.24,64.53,1012.27,0,none
N01,2026-01-01T00:03:50,29.35,60.56,1011.21,0,none
N02,2026-01-01T00:03:50,28.41,64.37,1012.24,0,none
N03,2026-01-01T00:03:50,29.69,60.63,1012.37,0,none
N04,2026-01-01T00:03:50,28.06,61.22,1012.4,0,none
N05,2026-01-01T00:03:50,28.21,62.21,1011.82,0,none
N06,2026-01-01T00:03:50,29.0,61.78,1011.83,0,none
N07,2026-01-01T00:03:50,29.62,61.25,1011.87,0,none
N08,2026-01-01T00:03:50,29.65,64.54,1011.58,1,stuck
N09,2026-01-01T00:03:50,29.48,63.36,1011.13,0,none
N10,2026-01-01T00:03:50,28.33,64.97,1012.05,0,none
N01,2026-01-01T00:03:51,29.25,60.84,1011.24,0,none
N02,2026-01-01T00:03:51,28.76,65.21,1012.12,0,none
N03,2026-01-01T00:03:51,29.77,61.24,1011.57,0,none
N04,2026-01-01T00:03:51,28.36,60.89,1011.5,0,none
N05,2026-01-01T00:03:51,28.31,61.13,1012.04,0,none
N06,2026-01-01T00:03:51,29.3,61.61,1012.59,0,none
N07,2026-01-01T00:03:51,29.37,60.36,1012.11,0,none
N08,2026-01-01T00:03:51,29.65,64.54,1011.58,1,stuck
N09,2026-01-01T00:03:51,30.05,63.07,1010.58,0,none
N10,2026-01-01T00:03:51,28.27,64.78,1012.45,0,none
N01,2026-01-01T00:03:52,29.16,61.47,1011.53,0,none
N02,2026-01-01T00:03:52,28.28,64.01,1012.8,0,none
N03,2026-01-01T00:03:52,30.0,61.21,1012.07,0,none
N04,2026-01-01T00:03:52,28.13,61.37,1011.46,0,none
N05,2026-01-01T00:03:52,27.98,62.75,1012.23,0,none
N06,2026-01-01T00:03:52,29.05,62.15,1011.24,0,none
N07,2026-01-01T00:03:52,29.34,61.11,1012.29,0,none
N08,2026-01-01T00:03:52,29.65,64.54,1011.58,1,stuck
N09,2026-01-01T00:03:52,29.81,62.42,1010.89,0,none
N10,2026-01-01T00:03:52,28.25,64.6,1011.95,0,none
N01,2026-01-01T00:03:53,29.14,60.3,1010.71,0,none
N02,2026-01-01T00:03:53,28.41,64.0,1012.2,0,none
N03,2026-01-01T00:03:53,29.52,61.5,1011.67,0,none
N04,2026-01-01T00:03:53,27.87,61.25,1011.39,0,none
N05,2026-01-01T00:03:53,28.4,60.98,1011.87,0,none
N06,2026-01-01T00:03:53,28.94,61.7,1011.42,0,none
N07,2026-01-01T00:03:53,29.67,60.64,1012.54,0,none
N08,2026-01-01T00:03:53,29.65,64.54,1011.58,1,stuck
N09,2026-01-01T00:03:53,29.95,63.43,1011.3,0,none
N10,2026-01-01T00:03:53,28.22,64.81,1011.75,0,none
N01,2026-01-01T00:03:54,29.32,59.98,1011.57,0,none
N02,2026-01-01T00:03:54,28.39,63.58,1011.74,0,none
N03,2026-01-01T00:03:54,29.71,60.94,1011.15,0,none
N04,2026-01-01T00:03:54,28.17,62.58,1011.32,0,none
N05,2026-01-01T00:03:54,27.88,61.58,1011.59,0,none
N06,2026-01-01T00:03:54,29.03,61.82,1011.6,0,none
N07,2026-01-01T00:03:54,29.36,60.49,1012.2,0,none
N08,2026-01-01T00:03:54,29.65,64.54,1011.58,1,stuck
N09,2026-01-01T00:03:54,29.72,61.47,1010.72,0,none
N10,2026-01-01T00:03:54,28.15,65.47,1011.62,0,none
N01,2026-01-01T00:03:55,28.83,60.88,1011.5,0,none
N02,2026-01-01T00:03:55,28.63,63.47,1011.67,0,none
N03,2026-01-01T00:03:55,29.6,60.77,1011.98,0,none
N04,2026-01-01T00:03:55,28.05,61.19,1012.18,0,none
N05,2026-01-01T00:03:55,28.09,62.44,1011.5,0,none
N06,2026-01-01T00:03:55,29.21,60.85,1011.86,0,none
N07,2026-01-01T00:03:55,29.13,60.18,1012.48,0,none
N08,2026-01-01T00:03:55,29.65,64.54,1011.58,1,stuck
N09,2026-01-01T00:03:55,29.28,62.45,1010.35,0,none
N10,2026-01-01T00:03:55,27.85,64.95,1012.08,0,none
N01,2026-01-01T00:03:56,29.11,60.34,1010.49,0,none
N02,2026-01-01T00:03:56,28.46,65.07,1012.68,0,none
N03,2026-01-01T00:03:56,29.47,62.03,1011.31,0,none
N04,2026-01-01T00:03:56,27.94,62.09,1012.12,0,none
N05,2026-01-01T00:03:56,28.36,61.95,1011.84,0,none
N06,2026-01-01T00:03:56,29.09,61.97,1011.78,0,none
N07,2026-01-01T00:03:56,29.36,61.08,1012.79,0,none
N08,2026-01-01T00:03:56,29.65,64.54,1011.58,1,stuck
N09,2026-01-01T00:03:56,29.67,62.53,1010.64,0,none
N10,2026-01-01T00:03:56,28.07,64.7,1011.79,0,none
N01,2026-01-01T00:03:57,29.21,60.49,1010.96,0,none
N02,2026-01-01T00:03:57,28.23,63.9,1011.99,0,none
N03,2026-01-01T00:03:57,29.32,61.65,1011.64,0,none
N04,2026-01-01T00:03:57,27.7,62.26,1011.35,0,none
N05,2026-01-01T00:03:57,27.87,62.52,1011.98,0,none
N06,2026-01-01T00:03:57,28.81,61.28,1011.71,0,none
N07,2026-01-01T00:03:57,29.36,60.62,1012.12,0,none
N08,2026-01-01T00:03:57,29.65,64.54,1011.58,1,stuck
N09,2026-01-01T00:03:57,29.85,62.16,1010.82,0,none
N10,2026-01-01T00:03:57,27.88,64.91,1011.52,0,none
N01,2026-01-01T00:03:58,28.9,60.55,1010.8,0,none
N02,2026-01-01T00:03:58,28.51,63.99,1011.9,0,none
N03,2026-01-01T00:03:58,29.5,60.3,1011.22,0,none
N04,2026-01-01T00:03:58,27.82,61.29,1011.37,0,none
N05,2026-01-01T00:03:58,28.11,61.42,1011.86,0,none
N06,2026-01-01T00:03:58,28.94,61.99,1012.14,0,none
N07,2026-01-01T00:03:58,29.26,60.64,1012.45,0,none
N08,2026-01-01T00:03:58,29.65,64.54,1011.58,1,stuck
N09,2026-01-01T00:03:58,29.46,61.94,1010.8,0,none
N10,2026-01-01T00:03:58,27.8,64.37,1011.94,0,none
N01,2026-01-01T00:03:59,28.94,59.89,1010.97,0,none
N02,2026-01-01T00:03:59,28.16,64.82,1011.92,0,none
N03,2026-01-01T00:03:59,29.54,60.65,1011.08,0,none
N04,2026-01-01T00:03:59,27.66,61.81,1011.2,0,none
N05,2026-01-01T00:03:59,27.61,61.42,1011.38,0,none
N06,2026-01-01T00:03:59,29.31,61.97,1011.75,0,none
N07,2026-01-01T00:03:59,29.53,60.05,1012.52,0,none
N08,2026-01-01T00:03:59,29.65,64.54,1011.58,1,stuck
N09,2026-01-01T00:03:59,29.51,62.14,1010.65,0,none
N10,2026-01-01T00:03:59,28.09,64.47,1011.74,0,none
N01,2026-01-01T00:04:00,29.02,60.43,1011.01,0,none
N02,2026-01-01T00:04:00,28.11,64.33,1012.23,0,none
N03,2026-01-01T00:04:00,29.36,60.86,1010.94,0,none
N04,2026-01-01T00:04:00,27.91,61.54,1011.56,0,none
N05,2026-01-01T00:04:00,27.84,61.39,1012.01,0,none
N06,2026-01-01T00:04:00,28.77,61.63,1011.59,0,none
N07,2026-01-01T00:04:00,29.35,60.33,1012.24,0,none
N08,2026-01-01T00:04:00,29.65,64.54,1011.58,1,stuck
N09,2026-01-01T00:04:00,29.42,62.32,1010.44,0,none
N10,2026-01-01T00:04:00,28.01,65.02,1011.75,0,none
N01,2026-01-01T00:04:01,28.81,60.54,1010.76,0,none
N02,2026-01-01T00:04:01,28.33,63.28,1011.23,0,none
N03,2026-01-01T00:04:01,29.47,61.98,1010.87,0,none
N04,2026-01-01T00:04:01,27.91,62.38,1011.69,0,none
N05,2026-01-01T00:04:01,27.69,61.63,1012.34,0,none
N06,2026-01-01T00:04:01,28.58,61.85,1011.09,0,none
N07,2026-01-01T00:04:01,29.33,60.53,1012.14,0,none
N08,2026-01-01T00:04:01,29.65,64.54,1011.58,1,stuck
N09,2026-01-01T00:04:01,29.55,62.69,1010.82,0,none
N10,2026-01-01T00:04:01,28.0,63.94,1011.04,0,none
N01,2026-01-01T00:04:02,29.22,60.36,1011.38,0,none
N02,2026-01-01T00:04:02,28.33,63.98,1011.87,0,none
N03,2026-01-01T00:04:02,29.44,61.33,1011.37,0,none
N04,2026-01-01T00:04:02,27.73,61.01,1010.99,0,none
N05,2026-01-01T00:04:02,27.72,61.25,1012.22,0,none
N06,2026-01-01T00:04:02,29.05,62.38,1012.04,0,none
N07,2026-01-01T00:04:02,29.48,60.13,1012.57,0,none
N08,2026-01-01T00:04:02,29.65,64.54,1011.58,1,stuck
N09,2026-01-01T00:04:02,29.79,62.43,1010.48,0,none
N10,2026-01-01T00:04:02,28.02,64.37,1011.62,0,none
N01,2026-01-01T00:04:03,29.02,60.41,1010.91,0,none
N02,2026-01-01T00:04:03,27.77,63.97,1011.5,0,none
N03,2026-01-01T00:04:03,29.28,60.45,1011.56,0,none
N04,2026-01-01T00:04:03,28.05,62.3,1011.88,0,none
N05,2026-01-01T00:04:03,27.7,60.88,1012.34,0,none
N06,2026-01-01T00:04:03,28.84,61.56,1011.86,0,none
N07,2026-01-01T00:04:03,29.09,60.46,1012.18,0,none
N08,2026-01-01T00:04:03,28.8,61.32,1010.63,0,none
N09,2026-01-01T00:04:03,24.93,39.14,980.44,1,spoof
N10,2026-01-01T00:04:03,28.14,64.01,1011.38,0,none
N01,2026-01-01T00:04:04,28.74,60.97,1011.46,0,none
N02,2026-01-01T00:04:04,27.95,64.19,1012.26,0,none
N03,2026-01-01T00:04:04,29.26,61.28,1011.41,0,none
N04,2026-01-01T00:04:04,27.82,62.35,1011.39,0,none
N05,2026-01-01T00:04:04,27.62,61.09,1011.62,0,none
N06,2026-01-01T00:04:04,28.72,62.59,1011.73,0,none
N07,2026-01-01T00:04:04,29.07,61.0,1011.61,0,none
N08,2026-01-01T00:04:04,28.86,62.41,1010.98,0,none
N09,2026-01-01T00:04:04,39.67,81.44,994.91,1,spoof
N10,2026-01-01T00:04:04,27.64,63.86,1011.9,0,none
N01,2026-01-01T00:04:05,28.65,61.06,1010.86,0,none
N02,2026-01-01T00:04:05,28.09,63.13,1012.06,0,none
N03,2026-01-01T00:04:05,29.5,61.04,1011.37,0,none
N04,2026-01-01T00:04:05,27.62,62.24,1011.01,0,none
N05,2026-01-01T00:04:05,27.68,60.7,1012.39,0,none
N06,2026-01-01T00:04:05,28.69,61.88,1011.68,0,none
N07,2026-01-01T00:04:05,28.99,60.4,1011.98,0,none
N08,2026-01-01T00:04:05,28.73,62.83,1010.7,0,none
N09,2026-01-01T00:04:05,16.1,33.78,1026.17,1,spoof
N10,2026-01-01T00:04:05,27.78,64.49,1011.84,0,none
N01,2026-01-01T00:04:06,28.71,60.54,1010.81,0,none
N02,2026-01-01T00:04:06,28.12,63.53,1012.1,0,none
N03,2026-01-01T00:04:06,29.19,61.33,1011.24,0,none
N04,2026-01-01T00:04:06,27.6,61.55,1011.2,0,none
N05,2026-01-01T00:04:06,27.57,61.36,1011.43,0,none
N06,2026-01-01T00:04:06,28.48,61.6,1011.42,0,none
N07,2026-01-01T00:04:06,29.36,60.03,1012.01,0,none
N08,2026-01-01T00:04:06,29.0,61.79,1010.31,0,none
N09,2026-01-01T00:04:06,27.66,81.58,1017.5,1,spoof
N10,2026-01-01T00:04:06,27.66,64.16,1011.68,0,none
N01,2026-01-01T00:04:07,28.73,60.34,1010.61,0,none
N02,2026-01-01T00:04:07,28.03,63.99,1011.72,0,none
N03,2026-01-01T00:04:07,29.26,61.14,1011.02,0,none
N04,2026-01-01T00:04:07,27.52,61.65,1010.93,0,none
N05,2026-01-01T00:04:07,27.49,61.78,1011.64,0,none
N06,2026-01-01T00:04:07,28.35,61.29,1011.36,0,none
N07,2026-01-01T00:04:07,28.99,59.41,1012.54,0,none
N08,2026-01-01T00:04:07,28.8,61.9,1010.21,0,none
N09,2026-01-01T00:04:07,15.41,47.75,992.43,1,spoof
N10,2026-01-01T00:04:07,27.74,64.84,1011.13,0,none
N01,2026-01-01T00:04:08,28.76,60.26,1010.54,0,none
N02,2026-01-01T00:04:08,27.78,63.29,1011.4,0,none
N03,2026-01-01T00:04:08,29.08,60.47,1011.06,0,none
N04,2026-01-01T00:04:08,27.75,60.77,1011.29,0,none
N05,2026-01-01T00:04:08,27.52,62.19,1011.46,0,none
N06,2026-01-01T00:04:08,28.85,61.38,1011.65,0,none
N07,2026-01-01T00:04:08,29.14,60.89,1011.61,0,none
N08,2026-01-01T00:04:08,28.77,62.73,1010.16,0,none
N09,2026-01-01T00:04:08,17.37,71.03,1015.61,1,spoof
N10,2026-01-01T00:04:08,27.78,64.48,1011.38,0,none
N01,2026-01-01T00:04:09,28.51,60.23,1010.62,0,none
N02,2026-01-01T00:04:09,28.07,62.88,1011.77,0,none
N03,2026-01-01T00:04:09,29.0,61.04,1011.1,0,none
N04,2026-01-01T00:04:09,27.64,60.71,1011.5,0,none
N05,2026-01-01T00:04:09,27.55,61.54,1011.63,0,none
N06,2026-01-01T00:04:09,28.87,61.14,1010.85,0,none
N07,2026-01-01T00:04:09,29.09,60.54,1012.31,0,none
N08,2026-01-01T00:04:09,28.83,62.06,1010.04,0,none
N09,2026-01-01T00:04:09,25.91,72.12,984.02,1,spoof
N10,2026-01-01T00:04:09,27.79,65.23,1011.74,0,none
N01,2026-01-01T00:04:10,28.66,60.55,1010.64,0,none
N02,2026-01-01T00:04:10,27.85,63.22,1011.27,0,none
N03,2026-01-01T00:04:10,29.09,60.42,1010.9,0,none
N04,2026-01-01T00:04:10,27.52,62.05,1010.95,0,none
N05,2026-01-01T00:04:10,27.69,60.78,1011.49,0,none
N06,2026-01-01T00:04:10,28.58,60.87,1011.39,0,none
N07,2026-01-01T00:04:10,29.18,59.9,1011.93,0,none
N08,2026-01-01T00:04:10,28.6,61.14,1010.74,0,none
N09,2026-01-01T00:04:10,39.75,34.36,989.88,1,spoof
N10,2026-01-01T00:04:10,27.61,63.91,1010.92,0,none
N01,2026-01-01T00:04:11,28.56,60.72,1010.75,0,none
N02,2026-01-01T00:04:11,28.1,63.87,1011.36,0,none
N03,2026-01-01T00:04:11,29.25,60.38,1010.42,0,none
N04,2026-01-01T00:04:11,27.69,60.62,1011.08,0,none
N05,2026-01-01T00:04:11,27.35,61.42,1011.33,0,none
N06,2026-01-01T00:04:11,28.2,61.14,1011.57,0,none
N07,2026-01-01T00:04:11,28.77,60.98,1011.32,0,none
N08,2026-01-01T00:04:11,28.52,60.95,1010.33,0,none
N09,2026-01-01T00:04:11,18.43,50.22,1021.49,1,spoof
N10,2026-01-01T00:04:11,27.49,64.83,1011.31,0,none
N01,2026-01-01T00:04:12,28.4,60.19,1011.28,0,none
N02,2026-01-01T00:04:12,27.94,64.7,1011.66,0,none
N03,2026-01-01T00:04:12,29.13,59.72,1010.7,0,none
N04,2026-01-01T00:04:12,27.51,60.09,1011.08,0,none
N05,2026-01-01T00:04:12,27.35,60.55,1011.43,0,none
N06,2026-01-01T00:04:12,28.55,61.51,1011.3,0,none
N07,2026-01-01T00:04:12,28.96,59.4,1012.41,0,none
N08,2026-01-01T00:04:12,28.47,62.05,1010.62,0,none
N09,2026-01-01T00:04:12,24.41,63.04,1003.58,1,spoof
N10,2026-01-01T00:04:12,27.82,64.35,1011.38,0,none
N01,2026-01-01T00:04:13,28.45,60.21,1010.92,0,none
N02,2026-01-01T00:04:13,27.78,63.04,1011.57,0,none
N03,2026-01-01T00:04:13,29.04,58.72,1010.97,0,none
N04,2026-01-01T00:04:13,27.47,61.11,1011.15,0,none
N05,2026-01-01T00:04:13,27.66,61.04,1011.54,0,none
N06,2026-01-01T00:04:13,28.41,60.88,1011.47,0,none
N07,2026-01-01T00:04:13,28.86,58.79,1011.64,0,none
N08,2026-01-01T00:04:13,28.75,61.56,1010.03,0,none
N09,2026-01-01T00:04:13,30.35,88.45,1028.57,1,spoof
N10,2026-01-01T00:04:13,27.74,64.24,1011.45,0,none
N01,2026-01-01T00:04:14,28.42,60.57,1010.52,0,none
N02,2026-01-01T00:04:14,27.82,62.8,1011.54,0,none
N03,2026-01-01T00:04:14,29.22,60.73,1011.37,0,none
N04,2026-01-01T00:04:14,27.63,60.87,1011.19,0,none
N05,2026-01-01T00:04:14,27.59,60.6,1011.46,0,none
N06,2026-01-01T00:04:14,28.21,60.88,1011.34,0,none
N07,2026-01-01T00:04:14,28.83,59.98,1012.05,0,none
N08,2026-01-01T00:04:14,28.55,62.12,1010.46,0,none
N09,2026-01-01T00:04:14,31.14,33.88,1022.78,1,spoof
N10,2026-01-01T00:04:14,27.69,63.86,1011.26,0,none
N01,2026-01-01T00:04:15,28.39,59.98,1010.71,0,none
N02,2026-01-01T00:04:15,27.65,62.56,1011.29,0,none
N03,2026-01-01T00:04:15,29.05,60.07,1011.07,0,none
N04,2026-01-01T00:04:15,27.39,60.11,1010.81,0,none
N05,2026-01-01T00:04:15,27.35,60.78,1011.61,0,none
N06,2026-01-01T00:04:15,28.41,60.34,1011.36,0,none
N07,2026-01-01T00:04:15,28.62,59.12,1011.91,0,none
N08,2026-01-01T00:04:15,28.26,61.04,1010.55,0,none
N09,2026-01-01T00:04:15,34.32,46.14,1026.99,1,spoof
N10,2026-01-01T00:04:15,27.44,62.76,1011.19,0,none
N01,2026-01-01T00:04:16,28.69,59.56,1010.68,0,none
N02,2026-01-01T00:04:16,27.38,63.11,1011.34,0,none
N03,2026-01-01T00:04:16,28.96,60.04,1011.28,0,none
N04,2026-01-01T00:04:16,27.19,60.76,1010.95,0,none
N05,2026-01-01T00:04:16,27.11,61.91,1011.64,0,none
N06,2026-01-01T00:04:16,28.1,60.54,1011.28,0,none
N07,2026-01-01T00:04:16,28.56,58.91,1011.88,0,none
N08,2026-01-01T00:04:16,28.3,60.77,1010.04,0,none
N09,2026-01-01T00:04:16,15.91,34.41,1039.68,1,spoof
N10,2026-01-01T00:04:16,27.51,63.44,1011.55,0,none
N01,2026-01-01T00:04:17,28.46,60.31,1010.49,0,none
N02,2026-01-01T00:04:17,27.49,63.45,1011.86,0,none
N03,2026-01-01T00:04:17,29.12,59.13,1010.84,0,none
N04,2026-01-01T00:04:17,27.45,60.47,1011.19,0,none
N05,2026-01-01T00:04:17,27.43,60.87,1011.62,0,none
N06,2026-01-01T00:04:17,28.32,61.18,1010.85,0,none
N07,2026-01-01T00:04:17,28.79,58.81,1012.58,0,none
N08,2026-01-01T00:04:17,28.61,60.77,1010.43,0,none
N09,2026-01-01T00:04:17,27.74,67.84,1002.28,1,spoof
N10,2026-01-01T00:04:17,27.4,62.99,1011.36,0,none
N01,2026-01-01T00:04:18,28.17,60.12,1010.14,0,none
N02,2026-01-01T00:04:18,27.52,62.36,1011.44,0,none
N03,2026-01-01T00:04:18,28.64,59.99,1010.59,0,none
N04,2026-01-01T00:04:18,27.21,60.21,1011.05,0,none
N05,2026-01-01T00:04:18,27.16,60.35,1011.47,0,none
N06,2026-01-01T00:04:18,28.1,60.59,1011.42,0,none
N07,2026-01-01T00:04:18,28.37,59.74,1011.74,0,none
N08,2026-01-01T00:04:18,28.7,61.19,1010.24,0,none
N09,2026-01-01T00:04:18,31.74,78.7,1000.56,1,spoof
N10,2026-01-01T00:04:18,27.36,62.96,1010.53,0,none
N01,2026-01-01T00:04:19,28.26,59.23,1010.64,0,none
N02,2026-01-01T00:04:19,27.79,62.85,1011.75,0,none
N03,2026-01-01T00:04:19,28.97,59.93,1010.57,0,none
N04,2026-01-01T00:04:19,27.41,59.47,1011.36,0,none
N05,2026-01-01T00:04:19,27.31,60.56,1011.37,0,none
N06,2026-01-01T00:04:19,28.44,61.44,1010.76,0,none
N07,2026-01-01T00:04:19,28.52,59.73,1011.43,0,none
N08,2026-01-01T00:04:19,28.4,61.77,1009.96,0,none
N09,2026-01-01T00:04:19,39.46,50.03,1002.22,1,spoof
N10,2026-01-01T00:04:19,27.43,63.3,1011.5,0,none
N01,2026-01-01T00:04:20,28.35,59.57,1010.86,0,none
N02,2026-01-01T00:04:20,27.31,62.4,1011.38,0,none
N03,2026-01-01T00:04:20,28.79,58.87,1010.94,0,none
N04,2026-01-01T00:04:20,27.18,60.19,1011.19,0,none
N05,2026-01-01T00:04:20,27.25,60.78,1010.84,0,none
N06,2026-01-01T00:04:20,28.1,60.28,1011.2,0,none
N07,2026-01-01T00:04:20,35.51,81.68,1034.02,1,spike
N08,2026-01-01T00:04:20,28.13,60.89,1010.0,0,none
N09,2026-01-01T00:04:20,17.4,66.39,1021.34,1,spoof
N10,2026-01-01T00:04:20,27.61,63.67,1010.87,0,none
N01,2026-01-01T00:04:21,28.19,58.89,1010.35,0,none
N02,2026-01-01T00:04:21,27.38,62.62,1011.44,0,none
N03,2026-01-01T00:04:21,28.86,59.99,1010.74,0,none
N04,2026-01-01T00:04:21,27.19,61.07,1011.06,0,none
N05,2026-01-01T00:04:21,27.1,59.69,1011.49,0,none
N06,2026-01-01T00:04:21,28.21,59.31,1010.66,0,none
N07,2026-01-01T00:04:21,35.03,84.58,1029.62,1,spike
N08,2026-01-01T00:04:21,28.39,61.12,1010.31,0,none
N09,2026-01-01T00:04:21,39.17,55.34,998.89,1,spoof
N10,2026-01-01T00:04:21,27.36,63.88,1010.87,0,none
N01,2026-01-01T00:04:22,28.31,59.35,1010.17,0,none
N02,2026-01-01T00:04:22,27.17,61.72,1011.55,0,none
N03,2026-01-01T00:04:22,28.54,58.83,1010.19,0,none
N04,2026-01-01T00:04:22,27.3,60.0,1010.89,0,none
N05,2026-01-01T00:04:22,26.96,59.45,1010.67,0,none
N06,2026-01-01T00:04:22,28.42,58.98,1010.62,0,none
N07,2026-01-01T00:04:22,38.24,80.71,1032.61,1,spike
N08,2026-01-01T00:04:22,28.33,60.43,1009.74,0,none
N09,2026-01-01T00:04:22,38.23,84.85,1016.53,1,spoof
N10,2026-01-01T00:04:22,27.26,63.44,1010.7,0,none
N01,2026-01-01T00:04:23,28.27,58.85,1010.12,0,none
N02,2026-01-01T00:04:23,27.61,62.0,1011.22,0,none
N03,2026-01-01T00:04:23,28.67,58.98,1010.66,0,none
N04,2026-01-01T00:04:23,26.91,60.84,1010.55,0,none
N05,2026-01-01T00:04:23,27.03,59.8,1011.27,0,none
N06,2026-01-01T00:04:23,28.0,60.28,1011.06,0,none
N07,2026-01-01T00:04:23,35.04,82.29,1037.93,1,spike
N08,2026-01-01T00:04:23,28.5,60.84,1009.89,0,none
N09,2026-01-01T00:04:23,20.1,39.83,985.86,1,spoof
N10,2026-01-01T00:04:23,27.36,63.4,1010.84,0,none
N01,2026-01-01T00:04:24,28.02,59.48,1010.21,0,none
N02,2026-01-01T00:04:24,27.84,62.09,1011.42,0,none
N03,2026-01-01T00:04:24,28.79,59.51,1010.23,0,none
N04,2026-01-01T00:04:24,27.12,60.25,1010.83,0,none
N05,2026-01-01T00:04:24,26.99,60.7,1010.94,0,none
N06,2026-01-01T00:04:24,28.31,59.89,1011.14,0,none
N07,2026-01-01T00:04:24,28.53,58.9,1011.3,0,none
N08,2026-01-01T00:04:24,28.25,60.99,1009.53,0,none
N09,2026-01-01T00:04:24,19.75,68.25,1026.41,1,spoof
N10,2026-01-01T00:04:24,27.25,62.88,1011.21,0,none
N01,2026-01-01T00:04:25,28.03,59.34,1010.2,0,none
N02,2026-01-01T00:04:25,27.49,61.38,1011.84,0,none
N03,2026-01-01T00:04:25,28.4,59.65,1011.11,0,none
N04,2026-01-01T00:04:25,27.04,59.27,1010.51,0,none
N05,2026-01-01T00:04:25,26.59,59.77,1011.03,0,none
N06,2026-01-01T00:04:25,27.89,60.03,1010.7,0,none
N07,2026-01-01T00:04:25,28.42,59.74,1011.69,0,none
N08,2026-01-01T00:04:25,28.34,60.36,1010.18,0,none
N09,2026-01-01T00:04:25,22.71,47.99,981.36,1,spoof
N10,2026-01-01T00:04:25,27.21,63.26,1010.93,0,none
N01,2026-01-01T00:04:26,28.09,59.07,1010.3,0,none
N02,2026-01-01T00:04:26,27.5,62.48,1011.2,0,none
N03,2026-01-01T00:04:26,28.56,58.45,1010.41,0,none
N04,2026-01-01T00:04:26,26.92,59.48,1010.63,0,none
N05,2026-01-01T00:04:26,26.98,60.24,1010.77,0,none
N06,2026-01-01T00:04:26,27.84,60.04,1010.91,0,none
N07,2026-01-01T00:04:26,28.56,58.45,1011.37,0,none
N08,2026-01-01T00:04:26,28.19,60.74,1009.85,0,none
N09,2026-01-01T00:04:26,31.21,64.14,1032.0,1,spoof
N10,2026-01-01T00:04:26,27.21,62.63,1011.05,0,none
N01,2026-01-01T00:04:27,28.24,58.75,1009.84,0,none
N02,2026-01-01T00:04:27,27.46,62.41,1011.4,0,none
N03,2026-01-01T00:04:27,28.63,58.77,1010.16,0,none
N04,2026-01-01T00:04:27,27.1,60.03,1010.5,0,none
N05,2026-01-01T00:04:27,27.23,59.96,1010.77,0,none
N06,2026-01-01T00:04:27,27.91,59.83,1011.05,0,none
N07,2026-01-01T00:04:27,28.48,58.47,1011.28,0,none
N08,2026-01-01T00:04:27,28.26,60.24,1009.31,0,none
N09,2026-01-01T00:04:27,32.93,79.8,980.83,1,spoof
N10,2026-01-01T00:04:27,27.15,62.97,1011.0,0,none
N01,2026-01-01T00:04:28,28.34,58.08,1009.64,0,none
N02,2026-01-01T00:04:28,27.39,61.65,1010.62,0,none
N03,2026-01-01T00:04:28,28.9,57.57,1010.42,0,none
N04,2026-01-01T00:04:28,27.03,59.54,1010.68,0,none
N05,2026-01-01T00:04:28,26.82,59.39,1011.06,0,none
N06,2026-01-01T00:04:28,28.15,60.19,1010.27,0,none
N07,2026-01-01T00:04:28,28.55,58.28,1011.49,0,none
N08,2026-01-01T00:04:28,28.52,58.91,1009.69,0,none
N09,2026-01-01T00:04:28,24.61,89.19,1013.1,1,spoof
N10,2026-01-01T00:04:28,27.18,62.22,1010.78,0,none
N01,2026-01-01T00:04:29,28.15,58.97,1010.62,0,none
N02,2026-01-01T00:04:29,27.6,61.9,1011.12,0,none
N03,2026-01-01T00:04:29,28.78,58.28,1010.88,0,none
N04,2026-01-01T00:04:29,26.95,60.69,1010.5,0,none
N05,2026-01-01T00:04:29,26.92,59.11,1011.02,0,none
N06,2026-01-01T00:04:29,28.04,59.47,1010.45,0,none
N07,2026-01-01T00:04:29,28.36,57.87,1011.58,0,none
N08,2026-01-01T00:04:29,28.26,59.26,1009.2,0,none
N09,2026-01-01T00:04:29,25.77,63.75,1021.38,1,spoof
N10,2026-01-01T00:04:29,27.19,63.29,1011.1,0,none
N01,2026-01-01T00:04:30,28.18,57.95,1009.17,0,none
N02,2026-01-01T00:04:30,27.43,61.59,1011.07,0,none
N03,2026-01-01T00:04:30,28.7,59.54,1010.24,0,none
N04,2026-01-01T00:04:30,27.37,60.08,1010.37,0,none
N05,2026-01-01T00:04:30,27.04,59.33,1010.11,0,none
N06,2026-01-01T00:04:30,28.0,59.76,1010.69,0,none
N07,2026-01-01T00:04:30,28.25,59.32,1011.16,0,none
N08,2026-01-01T00:04:30,28.18,60.03,1009.62,0,none
N09,2026-01-01T00:04:30,19.11,74.33,1038.84,1,spoof
N10,2026-01-01T00:04:30,27.01,62.15,1010.9,0,none
N01,2026-01-01T00:04:31,28.25,58.93,1010.28,0,none
N02,2026-01-01T00:04:31,27.52,61.83,1010.47,0,none
N03,2026-01-01T00:04:31,28.68,57.88,1009.92,0,none
N04,2026-01-01T00:04:31,27.2,59.24,1010.66,0,none
N05,2026-01-01T00:04:31,27.19,58.93,1011.03,0,none
N06,2026-01-01T00:04:31,28.08,58.76,1010.92,0,none
N07,2026-01-01T00:04:31,28.44,57.43,1010.62,0,none
N08,2026-01-01T00:04:31,28.25,59.66,1009.56,0,none
N09,2026-01-01T00:04:31,28.59,59.62,1009.61,0,none
N10,2026-01-01T00:04:31,27.39,62.07,1010.86,0,none
N01,2026-01-01T00:04:32,28.31,58.36,1009.63,0,none
N02,2026-01-01T00:04:32,27.47,61.44,1011.39,0,none
N03,2026-01-01T00:04:32,28.73,58.11,1010.2,0,none
N04,2026-01-01T00:04:32,27.12,59.06,1010.77,0,none
N05,2026-01-01T00:04:32,27.37,60.05,1011.05,0,none
N06,2026-01-01T00:04:32,27.96,59.17,1010.58,0,none
N07,2026-01-01T00:04:32,28.49,58.26,1011.15,0,none
N08,2026-01-01T00:04:32,28.47,60.47,1009.63,0,none
N09,2026-01-01T00:04:32,28.7,59.15,1009.72,0,none
N10,2026-01-01T00:04:32,27.0,62.41,1011.02,0,none
N01,2026-01-01T00:04:33,28.43,58.49,1010.2,0,none
N02,2026-01-01T00:04:33,27.44,61.59,1010.84,0,none
N03,2026-01-01T00:04:33,28.83,59.16,1010.01,0,none
N04,2026-01-01T00:04:33,27.03,58.65,1010.2,0,none
N05,2026-01-01T00:04:33,26.93,58.4,1010.59,0,none
N06,2026-01-01T00:04:33,27.99,59.02,1010.64,0,none
N07,2026-01-01T00:04:33,28.42,58.86,1011.23,0,none
N08,2026-01-01T00:04:33,28.18,59.76,1009.59,0,none
N09,2026-01-01T00:04:33,28.7,59.89,1009.48,0,none
N10,2026-01-01T00:04:33,27.18,62.04,1010.95,0,none
N01,2026-01-01T00:04:34,28.06,58.5,1010.05,0,none
N02,2026-01-01T00:04:34,27.28,61.27,1011.05,0,none
N03,2026-01-01T00:04:34,28.32,58.4,1009.8,0,none
N04,2026-01-01T00:04:34,26.75,59.72,1010.03,0,none
N05,2026-01-01T00:04:34,26.92,58.59,1010.46,0,none
N06,2026-01-01T00:04:34,27.95,59.37,1010.6,0,none
N07,2026-01-01T00:04:34,28.45,58.3,1011.0,0,none
N08,2026-01-01T00:04:34,28.42,59.8,1009.54,0,none
N09,2026-01-01T00:04:34,28.97,58.6,1009.43,0,none
N10,2026-01-01T00:04:34,27.14,61.6,1010.87,0,none
N01,2026-01-01T00:04:35,28.05,58.44,1009.34,0,none
N02,2026-01-01T00:04:35,27.23,61.76,1010.9,0,none
N03,2026-01-01T00:04:35,28.37,59.03,1009.89,0,none
N04,2026-01-01T00:04:35,26.96,59.96,1010.6,0,none
N05,2026-01-01T00:04:35,27.12,58.92,1010.34,0,none
N06,2026-01-01T00:04:35,28.11,59.57,1010.58,0,none
N07,2026-01-01T00:04:35,28.26,58.69,1010.81,0,none
N08,2026-01-01T00:04:35,28.55,60.08,1009.61,0,none
N09,2026-01-01T00:04:35,28.6,60.27,1009.45,0,none
N10,2026-01-01T00:04:35,26.94,62.03,1010.25,0,none
N01,2026-01-01T00:04:36,28.44,57.4,1009.75,0,none
N02,2026-01-01T00:04:36,27.56,61.92,1011.14,0,none
N03,2026-01-01T00:04:36,28.64,58.84,1010.48,0,none
N04,2026-01-01T00:04:36,26.98,59.69,1010.11,0,none
N05,2026-01-01T00:04:36,26.84,59.34,1010.61,0,none
N06,2026-01-01T00:04:36,27.87,58.4,1009.99,0,none
N07,2026-01-01T00:04:36,28.33,58.01,1010.76,0,none
N08,2026-01-01T00:04:36,28.14,60.16,1009.78,0,none
N09,2026-01-01T00:04:36,28.46,60.42,1008.99,0,none
N10,2026-01-01T00:04:36,27.04,62.71,1010.08,0,none
N01,2026-01-01T00:04:37,28.16,58.41,1009.94,0,none
N02,2026-01-01T00:04:37,26.85,61.85,1010.32,0,none
N03,2026-01-01T00:04:37,28.62,58.52,1009.61,0,none
N04,2026-01-01T00:04:37,27.08,59.03,1010.87,0,none
N05,2026-01-01T00:04:37,26.95,59.24,1010.25,0,none
N06,2026-01-01T00:04:37,27.82,59.44,1010.33,0,none
N07,2026-01-01T00:04:37,28.5,58.73,1010.81,0,none
N08,2026-01-01T00:04:37,28.05,59.45,1009.42,0,none
N09,2026-01-01T00:04:37,28.64,59.37,1009.29,0,none
N10,2026-01-01T00:04:37,27.3,62.14,1010.28,0,none
N01,2026-01-01T00:04:38,27.93,58.6,1009.35,0,none
N02,2026-01-01T00:04:38,27.27,60.81,1010.15,0,none
N03,2026-01-01T00:04:38,28.28,58.21,1010.09,0,none
N04,2026-01-01T00:04:38,26.9,59.03,1010.46,0,none
N05,2026-01-01T00:04:38,27.11,59.7,1011.3,0,none
N06,2026-01-01T00:04:38,27.61,59.93,1010.82,0,none
N07,2026-01-01T00:04:38,28.49,57.82,1010.89,0,none
N08,2026-01-01T00:04:38,28.17,60.16,1009.48,0,none
N09,2026-01-01T00:04:38,28.51,60.1,1009.47,0,none
N10,2026-01-01T00:04:38,26.87,62.58,1010.68,0,none
N01,2026-01-01T00:04:39,28.06,58.48,1009.16,0,none
N02,2026-01-01T00:04:39,27.13,61.41,1010.81,0,none
N03,2026-01-01T00:04:39,28.4,57.88,1009.84,0,none
N04,2026-01-01T00:04:39,26.92,59.29,1010.31,0,none
N05,2026-01-01T00:04:39,27.14,59.14,1009.61,0,none
N06,2026-01-01T00:04:39,27.77,58.97,1010.79,0,none
N07,2026-01-01T00:04:39,28.16,58.22,1011.04,0,none
N08,2026-01-01T00:04:39,27.93,60.2,1009.26,0,none
N09,2026-01-01T00:04:39,28.69,59.16,1009.43,0,none
N10,2026-01-01T00:04:39,26.8,61.76,1009.99,0,none
N01,2026-01-01T00:04:40,27.72,57.69,1009.34,0,none
N02,2026-01-01T00:04:40,27.1,62.35,1010.9,0,none
N03,2026-01-01T00:04:40,28.25,59.42,1009.81,0,none
N04,2026-01-01T00:04:40,26.86,58.71,1010.29,0,none
N05,2026-01-01T00:04:40,26.56,59.11,1010.51,0,none
N06,2026-01-01T00:04:40,27.67,58.95,1010.18,0,none
N07,2026-01-01T00:04:40,28.1,57.83,1010.77,0,none
N08,2026-01-01T00:04:40,28.13,59.61,1009.14,0,none
N09,2026-01-01T00:04:40,28.41,58.98,1008.68,0,none
N10,2026-01-01T00:04:40,26.66,61.43,1009.93,1,drift
N01,2026-01-01T00:04:41,27.72,58.04,1010.12,0,none
N02,2026-01-01T00:04:41,27.17,61.72,1010.17,0,none
N03,2026-01-01T00:04:41,28.48,58.9,1009.69,0,none
N04,2026-01-01T00:04:41,26.71,59.31,1010.51,0,none
N05,2026-01-01T00:04:41,26.91,58.18,1010.54,0,none
N06,2026-01-01T00:04:41,27.42,59.41,1010.27,0,none
N07,2026-01-01T00:04:41,28.1,58.33,1010.42,0,none
N08,2026-01-01T00:04:41,27.83,60.56,1008.95,0,none
N09,2026-01-01T00:04:41,28.44,59.72,1008.97,0,none
N10,2026-01-01T00:04:41,26.23,59.62,1009.87,1,drift
N01,2026-01-01T00:04:42,27.96,58.65,1009.61,0,none
N02,2026-01-01T00:04:42,27.16,61.67,1010.75,0,none
N03,2026-01-01T00:04:42,28.3,59.28,1010.07,0,none
N04,2026-01-01T00:04:42,26.94,59.46,1010.26,0,none
N05,2026-01-01T00:04:42,26.98,58.71,1010.52,0,none
N06,2026-01-01T00:04:42,27.75,59.7,1010.62,0,none
N07,2026-01-01T00:04:42,28.22,58.69,1011.2,0,none
N08,2026-01-01T00:04:42,27.76,60.44,1009.04,0,none
N09,2026-01-01T00:04:42,28.29,60.71,1009.41,0,none
N10,2026-01-01T00:04:42,26.47,59.98,1008.89,1,drift
N01,2026-01-01T00:04:43,27.87,58.21,1009.88,0,none
N02,2026-01-01T00:04:43,27.02,61.91,1010.75,0,none
N03,2026-01-01T00:04:43,28.44,58.42,1010.01,0,none
N04,2026-01-01T00:04:43,26.72,58.13,1010.16,0,none
N05,2026-01-01T00:04:43,27.08,59.12,1010.32,0,none
N06,2026-01-01T00:04:43,27.64,59.36,1010.53,0,none
N07,2026-01-01T00:04:43,28.1,58.74,1009.96,0,none
N08,2026-01-01T00:04:43,27.85,58.83,1009.39,0,none
N09,2026-01-01T00:04:43,28.23,59.37,1009.23,0,none
N10,2026-01-01T00:04:43,26.05,59.82,1007.94,1,drift
N01,2026-01-01T00:04:44,27.89,57.42,1009.56,0,none
N02,2026-01-01T00:04:44,26.76,61.31,1010.8,0,none
N03,2026-01-01T00:04:44,28.16,58.61,1009.72,0,none
N04,2026-01-01T00:04:44,26.97,58.34,1009.5,0,none
N05,2026-01-01T00:04:44,26.59,57.64,1010.23,0,none
N06,2026-01-01T00:04:44,27.65,58.5,1010.13,0,none
N07,2026-01-01T00:04:44,27.94,58.52,1010.16,0,none
N08,2026-01-01T00:04:44,28.0,59.4,1009.03,0,none
N09,2026-01-01T00:04:44,28.29,59.64,1008.23,0,none
N10,2026-01-01T00:04:44,25.41,58.67,1006.81,1,drift
N01,2026-01-01T00:04:45,27.78,57.69,1009.59,0,none
N02,2026-01-01T00:04:45,27.04,62.13,,0,none
N03,2026-01-01T00:04:45,28.42,59.05,1009.84,0,none
N04,2026-01-01T00:04:45,26.83,59.53,1010.09,0,none
N05,2026-01-01T00:04:45,26.76,58.39,1010.15,0,none
N06,2026-01-01T00:04:45,27.68,59.04,1009.78,0,none
N07,2026-01-01T00:04:45,28.22,58.05,1009.94,0,none
N08,2026-01-01T00:04:45,27.77,59.11,1008.97,0,none
N09,2026-01-01T00:04:45,28.27,59.23,1009.08,0,none
N10,2026-01-01T00:04:45,25.06,59.37,1006.29,1,drift
N01,2026-01-01T00:04:46,27.72,58.15,1009.07,0,none
N02,2026-01-01T00:04:46,27.07,62.59,1010.15,0,none
N03,2026-01-01T00:04:46,28.17,57.67,1009.44,0,none
N04,2026-01-01T00:04:46,26.6,59.37,1009.12,0,none
N05,2026-01-01T00:04:46,26.7,58.57,1010.12,0,none
N06,2026-01-01T00:04:46,27.49,58.65,1009.72,0,none
N07,2026-01-01T00:04:46,28.15,58.27,1010.48,0,none
N08,2026-01-01T00:04:46,27.75,58.85,1008.87,0,none
N09,2026-01-01T00:04:46,28.25,58.4,1008.74,0,none
N10,2026-01-01T00:04:46,24.8,57.62,1006.01,1,drift
N01,2026-01-01T00:04:47,27.82,57.71,1009.13,0,none
N02,2026-01-01T00:04:47,26.92,61.4,1010.64,0,none
N03,2026-01-01T00:04:47,28.23,58.14,1009.87,0,none
N04,2026-01-01T00:04:47,26.59,58.09,1009.53,0,none
N05,2026-01-01T00:04:47,26.76,58.84,1009.69,0,none
N06,2026-01-01T00:04:47,27.54,58.65,1010.75,0,none
N07,2026-01-01T00:04:47,28.13,58.07,1010.67,0,none
N08,2026-01-01T00:04:47,27.77,59.64,1009.28,0,none
N09,2026-01-01T00:04:47,28.11,59.84,1008.99,0,none
N10,2026-01-01T00:04:47,24.72,57.28,1005.17,1,drift
N01,2026-01-01T00:04:48,27.63,57.23,1009.18,0,none
N02,2026-01-01T00:04:48,27.12,60.85,1010.39,0,none
N03,2026-01-01T00:04:48,28.38,58.21,1009.43,0,none
N04,2026-01-01T00:04:48,26.58,58.86,1010.14,0,none
N05,2026-01-01T00:04:48,26.64,57.69,1010.68,0,none
N06,2026-01-01T00:04:48,27.36,59.25,1009.8,0,none
N07,2026-01-01T00:04:48,27.99,56.89,1010.13,1,drift
N08,2026-01-01T00:04:48,27.92,59.08,1008.6,0,none
N09,2026-01-01T00:04:48,28.34,58.98,1008.41,0,none
N10,2026-01-01T00:04:48,24.58,55.93,1004.53,1,drift
N01,2026-01-01T00:04:49,27.71,57.72,1009.17,0,none
N02,2026-01-01T00:04:49,26.85,59.97,1010.26,0,none
N03,2026-01-01T00:04:49,27.94,58.24,1010.29,0,none
N04,2026-01-01T00:04:49,26.75,58.21,1009.35,0,none
N05,2026-01-01T00:04:49,26.65,58.22,1009.91,0,none
N06,2026-01-01T00:04:49,27.7,58.93,1010.24,0,none
N07,2026-01-01T00:04:49,27.54,55.96,1009.05,1,drift
N08,2026-01-01T00:04:49,27.86,59.69,1009.34,0,none
N09,2026-01-01T00:04:49,28.26,59.25,1008.95,0,none
N10,2026-01-01T00:04:49,24.37,55.3,1004.04,1,drift
N01,2026-01-01T00:04:50,27.68,57.07,1009.17,0,none
N02,2026-01-01T00:04:50,26.8,61.02,1009.77,0,none
N03,2026-01-01T00:04:50,28.35,57.53,1009.76,0,none
N04,2026-01-01T00:04:50,26.49,59.24,1009.48,0,none
N05,2026-01-01T00:04:50,26.52,59.53,1009.55,0,none
N06,2026-01-01T00:04:50,27.48,58.76,1010.19,0,none
N07,2026-01-01T00:04:50,26.99,55.45,1008.69,1,drift
N08,2026-01-01T00:04:50,27.73,58.81,1008.93,0,none
N09,2026-01-01T00:04:50,28.24,59.5,1008.15,0,none
N10,2026-01-01T00:04:50,24.1,54.95,1003.45,1,drift
N01,2026-01-01T00:04:51,27.69,57.63,1008.78,0,none
N02,2026-01-01T00:04:51,27.19,59.44,1009.43,0,none
N03,2026-01-01T00:04:51,28.38,56.49,1009.38,0,none
N04,2026-01-01T00:04:51,26.72,59.03,1009.39,0,none
N05,2026-01-01T00:04:51,26.44,58.71,1009.86,0,none
N06,2026-01-01T00:04:51,27.4,58.95,1009.63,0,none
N07,2026-01-01T00:04:51,26.7,54.69,1007.83,1,drift
N08,2026-01-01T00:04:51,27.67,59.24,1008.76,0,none
N09,2026-01-01T00:04:51,21.56,39.61,1023.05,1,spoof
N10,2026-01-01T00:04:51,23.76,54.06,1002.57,1,drift
N01,2026-01-01T00:04:52,27.64,56.6,1009.05,0,none
N02,2026-01-01T00:04:52,26.79,61.6,1009.6,0,none
N03,2026-01-01T00:04:52,28.26,58.52,1008.72,0,none
N04,2026-01-01T00:04:52,26.29,58.31,1009.3,0,none
N05,2026-01-01T00:04:52,26.4,58.21,1009.51,0,none
N06,2026-01-01T00:04:52,27.4,58.47,1009.56,0,none
N07,2026-01-01T00:04:52,26.71,54.54,1006.71,1,drift
N08,2026-01-01T00:04:52,27.95,58.63,1009.36,0,none
N09,2026-01-01T00:04:52,29.17,66.89,1024.46,1,spoof
N10,2026-01-01T00:04:52,23.69,52.75,1001.84,1,drift
N01,2026-01-01T00:04:53,27.49,57.01,1008.59,0,none
N02,2026-01-01T00:04:53,26.78,60.6,1009.55,0,none
N03,2026-01-01T00:04:53,28.07,58.2,1009.04,0,none
N04,2026-01-01T00:04:53,26.61,58.14,1008.74,0,none
N05,2026-01-01T00:04:53,26.37,59.28,1009.49,0,none
N06,2026-01-01T00:04:53,27.34,58.34,1009.15,0,none
N07,2026-01-01T00:04:53,26.1,53.91,1006.68,1,drift
N08,2026-01-01T00:04:53,27.54,58.92,1008.69,0,none
N09,2026-01-01T00:04:53,27.44,36.75,1009.42,1,spoof
N10,2026-01-01T00:04:53,23.12,53.19,1001.03,1,drift
N01,2026-01-01T00:04:54,27.44,57.69,1009.25,0,none
N02,2026-01-01T00:04:54,26.79,60.08,1009.92,0,none
N03,2026-01-01T00:04:54,27.66,57.74,1009.0,0,none
N04,2026-01-01T00:04:54,26.69,57.7,1009.0,0,none
N05,2026-01-01T00:04:54,26.37,58.19,1010.18,0,none
N06,2026-01-01T00:04:54,27.23,58.06,1009.36,0,none
N07,2026-01-01T00:04:54,25.94,52.87,1004.84,1,drift
N08,2026-01-01T00:04:54,27.61,58.33,1008.47,0,none
N09,2026-01-01T00:04:54,29.35,36.57,983.98,1,spoof
N10,2026-01-01T00:04:54,22.81,51.84,1000.71,1,drift
N01,2026-01-01T00:04:55,27.59,57.27,1008.23,0,none
N02,2026-01-01T00:04:55,26.64,60.58,1009.71,0,none
N03,2026-01-01T00:04:55,27.83,56.86,1009.19,0,none
N04,2026-01-01T00:04:55,26.61,57.68,1009.42,0,none
N05,2026-01-01T00:04:55,26.73,58.79,1009.65,0,none
N06,2026-01-01T00:04:55,27.38,58.24,1009.6,0,none
N07,2026-01-01T00:04:55,25.65,52.48,1005.12,1,drift
N08,2026-01-01T00:04:55,27.57,58.1,1008.1,0,none
N09,2026-01-01T00:04:55,33.04,56.79,1023.38,1,spoof
N10,2026-01-01T00:04:55,22.6,50.98,999.3,1,drift
N01,2026-01-01T00:04:56,27.68,56.91,1008.6,0,none
N02,2026-01-01T00:04:56,26.64,60.87,1009.47,0,none
N03,2026-01-01T00:04:56,27.8,57.26,1008.9,0,none
N04,2026-01-01T00:04:56,26.48,58.09,1009.35,0,none
N05,2026-01-01T00:04:56,26.16,57.72,1009.62,0,none
N06,2026-01-01T00:04:56,27.38,58.19,1009.84,0,none
N07,2026-01-01T00:04:56,25.75,50.56,1005.14,1,drift
N08,2026-01-01T00:04:56,27.54,57.49,1008.85,0,none
N09,2026-01-01T00:04:56,29.91,37.69,1021.67,1,spoof
N10,2026-01-01T00:04:56,22.23,50.67,999.92,1,drift
N01,2026-01-01T00:04:57,27.37,57.12,1008.55,0,none
N02,2026-01-01T00:04:57,26.87,60.35,1009.71,0,none
N03,2026-01-01T00:04:57,27.96,57.09,1009.72,0,none
N04,2026-01-01T00:04:57,26.38,58.02,1009.42,0,none
N05,2026-01-01T00:04:57,26.35,57.63,1009.43,0,none
N06,2026-01-01T00:04:57,26.95,58.2,1009.47,0,none
N07,2026-01-01T00:04:57,25.11,49.94,1003.83,1,drift
N08,2026-01-01T00:04:57,27.7,59.03,1007.97,0,none
N09,2026-01-01T00:04:57,18.12,66.97,1034.48,1,spoof
N10,2026-01-01T00:04:57,22.13,49.57,998.87,1,drift
N01,2026-01-01T00:04:58,27.73,56.69,1008.66,0,none
N02,2026-01-01T00:04:58,26.9,60.16,1009.36,0,none
N03,2026-01-01T00:04:58,28.0,57.8,1009.26,0,none
N04,2026-01-01T00:04:58,26.55,58.09,1009.18,0,none
N05,2026-01-01T00:04:58,26.13,58.67,1009.57,0,none
N06,2026-01-01T00:04:58,27.45,57.99,1009.32,0,none
N07,2026-01-01T00:04:58,24.99,49.48,1003.13,1,drift
N08,2026-01-01T00:04:58,27.69,57.58,1008.11,0,none
N09,2026-01-01T00:04:58,26.59,41.73,982.55,1,spoof
N10,2026-01-01T00:04:58,21.66,49.41,997.74,1,drift
N01,2026-01-01T00:04:59,27.57,56.36,1008.29,0,none
N02,2026-01-01T00:04:59,26.7,60.47,1009.91,0,none
N03,2026-01-01T00:04:59,28.0,57.56,1008.61,0,none
N04,2026-01-01T00:04:59,26.35,57.63,1009.16,0,none
N05,2026-01-01T00:04:59,26.44,58.24,1009.57,0,none
N06,2026-01-01T00:04:59,27.23,58.11,1009.13,0,none
N07,2026-01-01T00:04:59,24.56,49.99,1002.95,1,drift
N08,2026-01-01T00:04:59,27.67,57.28,1008.16,0,none
N09,2026-01-01T00:04:59,22.77,49.82,1015.36,1,spoof
N10,2026-01-01T00:04:59,21.59,48.68,996.79,1,drift
N01,2026-01-01T00:05:00,27.41,56.66,1008.54,0,none
N02,2026-01-01T00:05:00,26.39,59.76,1009.87,0,none
N03,2026-01-01T00:05:00,38.2,72.2,1030.98,1,spike
N04,2026-01-01T00:05:00,26.11,57.58,1008.86,0,none
N05,2026-01-01T00:05:00,26.64,56.96,1009.63,0,none
N06,2026-01-01T00:05:00,27.25,57.34,1008.85,0,none
N07,2026-01-01T00:05:00,24.41,48.39,1001.86,1,drift
N08,2026-01-01T00:05:00,27.46,58.44,1008.36,0,none
N09,2026-01-01T00:05:00,20.83,40.45,999.34,1,spoof
N10,2026-01-01T00:05:00,21.35,48.76,997.1,1,drift
N01,2026-01-01T00:05:01,27.86,55.61,1008.35,0,none
N02,2026-01-01T00:05:01,26.7,60.16,1009.63,0,none
N03,2026-01-01T00:05:01,37.01,73.92,1024.26,1,spike
N04,2026-01-01T00:05:01,26.31,57.68,1009.01,0,none
N05,2026-01-01T00:05:01,26.4,56.65,1009.87,0,none
N06,2026-01-01T00:05:01,27.46,57.53,1008.94,0,none
N07,2026-01-01T00:05:01,24.06,47.7,1001.66,1,drift
N08,2026-01-01T00:05:01,27.37,57.72,1008.16,0,none
N09,2026-01-01T00:05:01,39.11,85.67,1010.49,1,spoof
N10,2026-01-01T00:05:01,20.91,47.61,995.45,1,drift
N01,2026-01-01T00:05:02,27.39,56.9,1008.79,0,none
N02,2026-01-01T00:05:02,26.61,60.24,1009.71,0,none
N03,2026-01-01T00:05:02,34.95,81.33,1026.88,1,spike
N04,2026-01-01T00:05:02,26.54,57.45,1008.82,0,none
N05,2026-01-01T00:05:02,26.38,57.04,1009.39,0,none
N06,2026-01-01T00:05:02,27.26,57.13,1009.5,0,none
N07,2026-01-01T00:05:02,24.29,47.44,1000.28,1,drift
N08,2026-01-01T00:05:02,27.29,58.37,1008.4,0,none
N09,2026-01-01T00:05:02,31.61,33.0,982.59,1,spoof
N10,2026-01-01T00:05:02,20.6,47.13,995.36,1,drift
N01,2026-01-01T00:05:03,27.46,56.42,1008.65,0,none
N02,2026-01-01T00:05:03,26.62,60.32,1008.98,0,none
N03,2026-01-01T00:05:03,38.44,79.67,1031.71,1,spike
N04,2026-01-01T00:05:03,26.31,57.53,1009.24,0,none
N05,2026-01-01T00:05:03,26.35,56.75,1008.97,0,none
N06,2026-01-01T00:05:03,27.23,57.16,1009.01,0,none
N07,2026-01-01T00:05:03,23.82,46.65,999.85,1,drift
N08,2026-01-01T00:05:03,27.57,58.7,1008.67,0,none
N09,2026-01-01T00:05:03,27.56,64.43,1027.36,1,spoof
N10,2026-01-01T00:05:03,20.49,45.96,995.06,1,drift
N01,2026-01-01T00:05:04,27.22,56.45,1008.35,0,none
N02,2026-01-01T00:05:04,26.68,59.08,1008.86,0,none
N03,2026-01-01T00:05:04,38.21,78.43,1032.8,1,spike
N04,2026-01-01T00:05:04,26.3,56.67,1008.74,0,none
N05,2026-01-01T00:05:04,26.12,57.59,1008.73,0,none
N06,2026-01-01T00:05:04,27.19,56.1,1008.47,0,none
N07,2026-01-01T00:05:04,23.83,45.71,999.2,1,drift
N08,2026-01-01T00:05:04,27.39,58.53,1008.06,0,none
N09,2026-01-01T00:05:04,18.11,35.84,999.07,1,spoof
N10,2026-01-01T00:05:04,20.29,45.22,993.94,1,drift
N01,2026-01-01T00:05:05,27.63,56.36,1007.45,0,none
N02,2026-01-01T00:05:05,26.68,59.72,1009.24,0,none
N03,2026-01-01T00:05:05,38.31,76.41,1030.54,1,spike
N04,2026-01-01T00:05:05,26.24,57.13,1008.73,0,none
N05,2026-01-01T00:05:05,26.56,56.84,1009.23,0,none
N06,2026-01-01T00:05:05,27.05,57.56,1008.74,0,none
N07,2026-01-01T00:05:05,23.24,44.79,998.88,1,drift
N08,2026-01-01T00:05:05,27.48,57.15,1007.6,0,none
N09,2026-01-01T00:05:05,21.53,48.81,1019.59,1,spoof
N10,2026-01-01T00:05:05,19.99,44.91,993.56,1,drift
N01,2026-01-01T00:05:06,27.44,55.34,1008.2,0,none
N02,2026-01-01T00:05:06,26.56,58.78,1009.23,0,none
N03,2026-01-01T00:05:06,37.94,81.1,1025.67,1,spike
N04,2026-01-01T00:05:06,26.2,57.21,1008.67,0,none
N05,2026-01-01T00:05:06,26.18,56.52,1009.13,0,none
N06,2026-01-01T00:05:06,27.01,56.34,1008.86,0,none
N07,2026-01-01T00:05:06,22.99,44.5,998.26,1,drift
N08,2026-01-01T00:05:06,27.36,57.66,1008.22,0,none
N09,2026-01-01T00:05:06,16.25,77.35,995.73,1,spoof
N10,2026-01-01T00:05:06,19.89,43.63,992.63,1,drift
N01,2026-01-01T00:05:07,27.18,56.51,1007.73,0,none
N02,2026-01-01T00:05:07,26.49,59.19,1009.68,0,none
N03,2026-01-01T00:05:07,38.64,81.04,1033.44,1,spike
N04,2026-01-01T00:05:07,26.45,56.76,1009.04,0,none
N05,2026-01-01T00:05:07,26.14,56.73,1008.93,0,none
N06,2026-01-01T00:05:07,27.12,56.42,1008.8,0,none
N07,2026-01-01T00:05:07,22.55,44.77,997.57,1,drift
N08,2026-01-01T00:05:07,27.31,57.7,1007.6,0,none
N09,2026-01-01T00:05:07,19.42,72.55,985.99,1,spoof
N10,2026-01-01T00:05:07,19.42,41.84,992.77,1,drift
N01,2026-01-01T00:05:08,27.21,55.4,1008.16,0,none
N02,2026-01-01T00:05:08,26.67,59.01,1008.76,0,none
N03,2026-01-01T00:05:08,27.69,56.54,1008.88,0,none
N04,2026-01-01T00:05:08,26.3,56.27,1008.66,0,none
N05,2026-01-01T00:05:08,26.12,56.89,1008.98,0,none
N06,2026-01-01T00:05:08,27.1,56.29,1008.76,0,none
N07,2026-01-01T00:05:08,21.97,42.96,997.27,1,drift
N08,2026-01-01T00:05:08,27.24,57.1,1007.58,0,none
N09,2026-01-01T00:05:08,39.34,68.13,1002.11,1,spoof
N10,2026-01-01T00:05:08,19.0,42.68,991.42,1,drift
N01,2026-01-01T00:05:09,26.92,55.28,1007.7,0,none
N02,2026-01-01T00:05:09,26.67,58.48,1008.7,0,none
N03,2026-01-01T00:05:09,27.6,55.23,1008.49,0,none
N04,2026-01-01T00:05:09,26.21,56.51,1008.51,0,none
N05,2026-01-01T00:05:09,26.15,55.46,1008.85,0,none
N06,2026-01-01T00:05:09,26.65,56.33,1008.66,0,none
N07,2026-01-01T00:05:09,22.04,41.65,995.98,1,drift
N08,2026-01-01T00:05:09,27.54,56.79,1007.39,0,none
N09,2026-01-01T00:05:09,26.87,72.85,1019.3,1,spoof
N10,2026-01-01T00:05:09,18.8,42.15,991.02,1,drift
N01,2026-01-01T00:05:10,27.22,54.83,1008.36,0,none
N02,2026-01-01T00:05:10,26.45,58.24,1008.88,0,none
N03,2026-01-01T00:05:10,27.45,55.59,1008.91,0,none
N04,2026-01-01T00:05:10,26.26,55.32,1008.65,0,none
N05,2026-01-01T00:05:10,25.83,55.55,1009.09,0,none
N06,2026-01-01T00:05:10,27.08,55.72,1008.85,0,none
N07,2026-01-01T00:05:10,21.83,41.24,995.77,1,drift
N08,2026-01-01T00:05:10,27.32,56.38,1007.42,0,none
N09,2026-01-01T00:05:10,28.81,30.93,1021.17,1,spoof
N10,2026-01-01T00:05:10,18.45,39.62,990.06,1,drift
N01,2026-01-01T00:05:11,26.95,55.21,1007.6,0,none
N02,2026-01-01T00:05:11,26.11,57.98,1008.76,0,none
N03,2026-01-01T00:05:11,27.75,56.21,1008.24,0,none
N04,2026-01-01T00:05:11,25.97,55.74,1008.4,0,none
N05,2026-01-01T00:05:11,25.94,55.97,1008.77,0,none
N06,2026-01-01T00:05:11,26.98,55.31,1008.39,0,none
N07,2026-01-01T00:05:11,21.39,41.64,995.01,1,drift
N08,2026-01-01T00:05:11,27.04,56.31,1007.54,0,none
N09,2026-01-01T00:05:11,27.5,53.51,1029.01,1,spoof
N10,2026-01-01T00:05:11,18.12,40.4,989.38,1,drift
N01,2026-01-01T00:05:12,27.12,53.96,1007.55,0,none
N02,2026-01-01T00:05:12,26.38,58.3,1008.92,0,none
N03,2026-01-01T00:05:12,27.89,54.86,1008.44,0,none
N04,2026-01-01T00:05:12,25.81,55.86,1008.24,0,none
N05,2026-01-01T00:05:12,25.85,55.74,1008.8,0,none
N06,2026-01-01T00:05:12,26.77,56.54,1008.47,0,none
N07,2026-01-01T00:05:12,21.5,40.53,993.96,1,drift
N08,2026-01-01T00:05:12,27.19,56.31,1007.49,0,none
N09,2026-01-01T00:05:12,31.04,41.7,998.56,1,spoof
N10,2026-01-01T00:05:12,18.03,38.61,989.12,1,drift
N01,2026-01-01T00:05:13,27.05,54.86,1008.0,0,none
N02,2026-01-01T00:05:13,26.16,58.85,1008.15,0,none
N03,2026-01-01T00:05:13,27.45,55.33,1008.65,0,none
N04,2026-01-01T00:05:13,25.98,55.63,1008.12,0,none
N05,2026-01-01T00:05:13,25.74,54.9,1008.71,0,none
N06,2026-01-01T00:05:13,26.94,56.25,1008.59,0,none
N07,2026-01-01T00:05:13,20.78,39.2,993.01,1,drift
N08,2026-01-01T00:05:13,26.93,55.74,1007.28,0,none
N09,2026-01-01T00:05:13,28.71,47.65,988.45,1,spoof
N10,2026-01-01T00:05:13,17.41,37.87,988.15,1,drift
N01,2026-01-01T00:05:14,26.84,54.22,1007.66,0,none
N02,2026-01-01T00:05:14,26.2,58.06,1008.24,0,none
N03,2026-01-01T00:05:14,27.41,55.25,1008.11,0,none
N04,2026-01-01T00:05:14,25.71,56.5,1007.7,0,none
N05,2026-01-01T00:05:14,25.76,56.51,1009.14,0,none
N06,2026-01-01T00:05:14,26.84,55.31,1008.73,0,none
N07,2026-01-01T00:05:14,20.38,38.58,992.85,1,drift
N08,2026-01-01T00:05:14,27.29,56.26,1008.16,0,none
N09,2026-01-01T00:05:14,26.52,50.14,998.86,1,spoof
N10,2026-01-01T00:05:14,17.43,37.64,987.06,1,drift
N01,2026-01-01T00:05:15,26.92,55.39,1007.69,0,none
N02,2026-01-01T00:05:15,26.17,57.77,1008.55,0,none
N03,2026-01-01T00:05:15,27.58,54.84,1008.09,0,none
N04,2026-01-01T00:05:15,25.96,55.2,1008.04,0,none
N05,2026-01-01T00:05:15,25.98,55.37,1008.53,0,none
N06,2026-01-01T00:05:15,26.69,55.44,1008.62,0,none
N07,2026-01-01T00:05:15,20.18,38.64,992.54,1,drift
N08,2026-01-01T00:05:15,27.29,56.86,1007.83,0,none
N09,2026-01-01T00:05:15,24.98,85.52,1033.91,1,spoof
N10,2026-01-01T00:05:15,16.95,36.05,987.25,1,drift
N01,2026-01-01T00:05:16,27.15,54.37,1007.74,0,none
N02,2026-01-01T00:05:16,26.07,58.8,1008.67,0,none
N03,2026-01-01T00:05:16,27.37,55.85,1007.87,0,none
N04,2026-01-01T00:05:16,25.81,55.25,1008.46,0,none
N05,2026-01-01T00:05:16,25.94,56.31,1008.36,0,none
N06,2026-01-01T00:05:16,26.89,55.79,1008.03,0,none
N07,2026-01-01T00:05:16,19.9,35.98,991.21,1,drift
N08,2026-01-01T00:05:16,26.81,55.58,1007.53,0,none
N09,2026-01-01T00:05:16,37.0,74.63,993.64,1,spoof
N10,2026-01-01T00:05:16,16.81,35.62,986.66,1,drift
N01,2026-01-01T00:05:17,27.05,54.84,1007.66,0,none
N02,2026-01-01T00:05:17,26.18,57.58,1007.8,0,none
N03,2026-01-01T00:05:17,27.41,54.29,1007.92,0,none
N04,2026-01-01T00:05:17,25.92,55.03,1008.1,0,none
N05,2026-01-01T00:05:17,25.91,55.06,1008.74,0,none
N06,2026-01-01T00:05:17,26.82,54.86,1008.69,0,none
N07,2026-01-01T00:05:17,19.63,36.5,990.42,1,drift
N08,2026-01-01T00:05:17,27.06,56.21,1007.28,0,none
N09,2026-01-01T00:05:17,27.59,56.28,1007.51,0,none
N10,2026-01-01T00:05:17,16.47,35.82,985.86,1,drift
N01,2026-01-01T00:05:18,26.81,54.48,1007.43,0,none
N02,2026-01-01T00:05:18,26.12,58.98,1008.93,0,none
N03,2026-01-01T00:05:18,27.46,54.72,1008.08,0,none
N04,2026-01-01T00:05:18,25.32,55.04,1008.93,0,none
N05,2026-01-01T00:05:18,25.74,54.14,1008.42,0,none
N06,2026-01-01T00:05:18,26.92,55.07,1008.11,0,none
N07,2026-01-01T00:05:18,19.2,36.3,990.5,1,drift
N08,2026-01-01T00:05:18,26.81,56.25,1007.45,0,none
N09,2026-01-01T00:05:18,27.47,55.77,1007.54,0,none
N10,2026-01-01T00:05:18,16.24,35.96,984.83,1,drift
N01,2026-01-01T00:05:19,26.94,54.76,1007.65,0,none
N02,2026-01-01T00:05:19,25.82,57.99,1008.68,0,none
N03,2026-01-01T00:05:19,27.32,53.52,1008.88,0,none
N04,2026-01-01T00:05:19,25.95,54.99,1009.04,0,none
N05,2026-01-01T00:05:19,25.67,54.94,1009.17,0,none
N06,2026-01-01T00:05:19,26.67,55.81,1007.92,0,none
N07,2026-01-01T00:05:19,19.11,35.13,990.02,1,drift
N08,2026-01-01T00:05:19,26.95,55.51,1007.61,0,none
N09,2026-01-01T00:05:19,27.41,55.77,1007.54,0,none
N10,2026-01-01T00:05:19,15.95,34.56,984.66,1,drift
N01,2026-01-01T00:05:20,27.06,55.19,1007.72,0,none
N02,2026-01-01T00:05:20,25.89,57.38,1009.02,0,none
N03,2026-01-01T00:05:20,27.26,54.85,1007.7,0,none
N04,2026-01-01T00:05:20,25.35,55.05,1008.26,0,none
N05,2026-01-01T00:05:20,25.48,55.42,1009.21,0,none
N06,2026-01-01T00:05:20,26.32,56.2,1008.0,0,none
N07,2026-01-01T00:05:20,18.56,34.35,988.92,1,drift
N08,2026-01-01T00:05:20,27.02,56.0,1008.1,0,none
N09,2026-01-01T00:05:20,27.23,55.71,1006.9,0,none
N10,2026-01-01T00:05:20,15.32,33.04,984.88,1,drift
N01,2026-01-01T00:05:21,27.02,53.54,1007.53,0,none
N02,2026-01-01T00:05:21,26.17,57.49,1008.74,0,none
N03,2026-01-01T00:05:21,27.54,55.1,1007.85,0,none
N04,2026-01-01T00:05:21,25.54,54.27,1008.69,0,none
N05,2026-01-01T00:05:21,25.39,54.94,1008.66,0,none
N06,2026-01-01T00:05:21,26.56,54.88,1008.63,0,none
N07,2026-01-01T00:05:21,18.74,33.65,988.5,1,drift
N08,2026-01-01T00:05:21,26.78,54.73,1007.19,0,none
N09,2026-01-01T00:05:21,27.47,55.84,1007.0,0,none
N10,2026-01-01T00:05:21,15.45,33.22,983.85,1,drift
N01,2026-01-01T00:05:22,26.84,54.19,1008.47,0,none
N02,2026-01-01T00:05:22,25.86,57.57,1008.97,0,none
N03,2026-01-01T00:05:22,27.19,55.05,1008.61,0,none
N04,2026-01-01T00:05:22,25.82,55.5,1008.46,0,none
N05,2026-01-01T00:05:22,25.6,54.85,1008.47,1,stuck
N06,2026-01-01T00:05:22,26.53,55.45,1008.69,0,none
N07,2026-01-01T00:05:22,18.22,33.89,988.62,1,drift
N08,2026-01-01T00:05:22,26.76,56.48,1008.2,0,none
N09,2026-01-01T00:05:22,27.18,56.36,1007.38,0,none
N10,2026-01-01T00:05:22,15.16,31.6,983.16,1,drift
N01,2026-01-01T00:05:23,26.71,54.2,1007.97,0,none
N02,2026-01-01T00:05:23,25.91,57.79,1008.12,0,none
N03,2026-01-01T00:05:23,27.08,54.34,1007.78,0,none
N04,2026-01-01T00:05:23,25.63,55.54,1008.31,0,none
N05,2026-01-01T00:05:23,25.6,54.85,1008.47,1,stuck
N06,2026-01-01T00:05:23,26.49,53.86,1008.82,0,none
N07,2026-01-01T00:05:23,17.98,32.08,987.03,1,drift
N08,2026-01-01T00:05:23,27.06,55.71,1007.11,0,none
N09,2026-01-01T00:05:23,27.18,54.97,1006.84,0,none
N10,2026-01-01T00:05:23,15.0,31.18,982.42,1,drift
N01,2026-01-01T00:05:24,26.92,53.85,1007.36,0,none
N02,2026-01-01T00:05:24,25.9,57.42,1009.53,0,none
N03,2026-01-01T00:05:24,27.29,53.47,1007.91,0,none
N04,2026-01-01T00:05:24,25.45,54.85,1008.57,0,none
N05,2026-01-01T00:05:24,25.6,54.85,1008.47,1,stuck
N06,2026-01-01T00:05:24,26.65,54.89,1008.56,0,none
N07,2026-01-01T00:05:24,17.77,31.78,986.57,1,drift
N08,2026-01-01T00:05:24,26.98,55.78,1007.11,0,none
N09,2026-01-01T00:05:24,27.14,55.65,1007.68,0,none
N10,2026-01-01T00:05:24,15.0,31.58,981.43,1,drift
N01,2026-01-01T00:05:25,26.61,54.06,1007.06,0,none
N02,2026-01-01T00:05:25,26.11,57.54,1008.72,0,none
N03,2026-01-01T00:05:25,27.18,54.41,1008.09,0,none
N04,2026-01-01T00:05:25,25.63,55.08,1008.42,0,none
N05,2026-01-01T00:05:25,25.6,54.85,1008.47,1,stuck
N06,2026-01-01T00:05:25,26.43,55.01,1008.38,0,none
N07,2026-01-01T00:05:25,17.6,31.46,986.41,1,drift
N08,2026-01-01T00:05:25,26.82,55.86,1007.86,0,none
N09,2026-01-01T00:05:25,27.28,55.25,1007.43,0,none
N10,2026-01-01T00:05:25,15.0,30.96,981.12,1,drift
N01,2026-01-01T00:05:26,26.67,53.63,1007.53,0,none
N02,2026-01-01T00:05:26,25.9,56.91,1008.38,0,none
N03,2026-01-01T00:05:26,27.25,54.35,1007.7,0,none
N04,2026-01-01T00:05:26,25.53,55.94,1008.24,0,none
N05,2026-01-01T00:05:26,25.6,54.85,1008.47,1,stuck
N06,2026-01-01T00:05:26,26.52,54.67,1008.72,0,none
N07,2026-01-01T00:05:26,17.33,30.12,985.49,1,drift
N08,2026-01-01T00:05:26,26.92,54.76,1007.71,0,none
N09,2026-01-01T00:05:26,27.14,54.97,1007.59,0,none
N10,2026-01-01T00:05:26,15.0,30.0,980.14,1,drift
N01,2026-01-01T00:05:27,26.64,54.67,1007.48,0,none
N02,2026-01-01T00:05:27,25.95,57.1,1008.62,0,none
N03,2026-01-01T00:05:27,27.32,54.28,1007.89,0,none
N04,2026-01-01T00:05:27,25.66,55.56,1008.79,0,none
N05,2026-01-01T00:05:27,25.6,54.85,1008.47,1,stuck
N06,2026-01-01T00:05:27,26.52,55.1,1008.29,0,none
N07,2026-01-01T00:05:27,16.94,30.14,984.8,1,drift
N08,2026-01-01T00:05:27,26.49,54.64,1006.93,0,none
N09,2026-01-01T00:05:27,27.58,55.33,1006.97,0,none
N10,2026-01-01T00:05:27,15.0,30.0,980.02,1,drift
N01,2026-01-01T00:05:28,26.48,53.8,1007.87,0,none
N02,2026-01-01T00:05:28,26.13,58.22,1009.36,0,none
N03,2026-01-01T00:05:28,27.05,54.01,1008.1,0,none
N04,2026-01-01T00:05:28,25.51,55.1,1008.44,0,none
N05,2026-01-01T00:05:28,25.6,54.85,1008.47,1,stuck
N06,2026-01-01T00:05:28,26.3,54.68,1008.08,0,none
N07,2026-01-01T00:05:28,27.09,53.59,1008.28,0,none
N08,2026-01-01T00:05:28,26.64,55.83,1006.83,0,none
N09,2026-01-01T00:05:28,27.03,55.48,1006.59,0,none
N10,2026-01-01T00:05:28,15.0,30.0,980.0,1,drift
N01,2026-01-01T00:05:29,26.8,53.54,1006.81,0,none
N02,2026-01-01T00:05:29,25.86,57.2,1008.67,0,none
N03,2026-01-01T00:05:29,26.75,53.88,1007.32,0,none
N04,2026-01-01T00:05:29,25.36,54.68,1008.26,0,none
N05,2026-01-01T00:05:29,25.6,54.85,1008.47,1,stuck
N06,2026-01-01T00:05:29,26.37,53.99,1008.68,0,none
N07,2026-01-01T00:05:29,26.93,54.28,1009.02,0,none
N08,2026-01-01T00:05:29,26.71,55.73,1007.28,0,none
N09,2026-01-01T00:05:29,27.07,57.02,1007.56,0,none
N10,2026-01-01T00:05:29,15.0,30.0,980.0,1,drift
N01,2026-01-01T00:05:30,26.71,53.64,1007.42,0,none
N02,2026-01-01T00:05:30,25.86,56.73,1008.93,0,none
N03,2026-01-01T00:05:30,26.99,53.87,1007.74,0,none
N04,2026-01-01T00:05:30,25.57,54.47,1008.29,0,none
N05,2026-01-01T00:05:30,25.6,54.85,1008.47,1,stuck
N06,2026-01-01T00:05:30,26.5,55.01,1008.52,0,none
N07,2026-01-01T00:05:30,26.87,54.33,1008.5,0,none
N08,2026-01-01T00:05:30,26.56,54.57,1007.57,0,none
N09,2026-01-01T00:05:30,27.22,54.62,1006.64,0,none
N10,2026-01-01T00:05:30,25.7,56.64,1008.4,0,none
N01,2026-01-01T00:05:31,26.5,53.8,1007.32,0,none
N02,2026-01-01T00:05:31,25.81,57.74,1008.57,0,none
N03,2026-01-01T00:05:31,27.13,52.74,1008.45,0,none
N04,2026-01-01T00:05:31,25.58,54.36,1007.94,0,none
N05,2026-01-01T00:05:31,25.6,54.85,1008.47,1,stuck
N06,2026-01-01T00:05:31,26.46,54.14,1008.61,0,none
N07,2026-01-01T00:05:31,26.97,53.49,1009.18,0,none
N08,2026-01-01T00:05:31,26.6,55.07,1006.81,0,none
N09,2026-01-01T00:05:31,27.44,54.96,1007.09,0,none
N10,2026-01-01T00:05:31,25.66,57.95,1008.68,0,none
N01,2026-01-01T00:05:32,26.2,53.5,1007.14,0,none
N02,2026-01-01T00:05:32,25.55,57.66,1008.26,0,none
N03,2026-01-01T00:05:32,26.86,53.15,1007.36,0,none
N04,2026-01-01T00:05:32,25.46,54.9,1007.95,0,none
N05,2026-01-01T00:05:32,25.6,54.85,1008.47,1,stuck
N06,2026-01-01T00:05:32,26.45,53.58,1008.19,0,none
N07,2026-01-01T00:05:32,26.91,53.87,1008.62,0,none
N08,2026-01-01T00:05:32,26.65,54.89,1007.28,0,none
N09,2026-01-01T00:05:32,27.26,54.6,1006.96,0,none
N10,2026-01-01T00:05:32,25.66,57.69,1008.27,0,none
N01,2026-01-01T00:05:33,26.69,53.23,1007.24,0,none
N02,2026-01-01T00:05:33,25.66,56.33,1007.83,0,none
N03,2026-01-01T00:05:33,26.91,54.69,1007.78,0,none
N04,2026-01-01T00:05:33,25.21,54.56,1008.07,0,none
N05,2026-01-01T00:05:33,25.6,54.85,1008.47,1,stuck
N06,2026-01-01T00:05:33,26.21,53.63,1008.1,0,none
N07,2026-01-01T00:05:33,26.92,53.31,1009.23,0,none
N08,2026-01-01T00:05:33,26.56,54.53,1006.69,0,none
N09,2026-01-01T00:05:33,27.19,54.77,1006.53,0,none
N10,2026-01-01T00:05:33,25.69,57.53,1008.58,0,none
N01,2026-01-01T00:05:34,26.52,53.88,1007.4,0,none
N02,2026-01-01T00:05:34,25.67,56.11,1008.36,0,none
N03,2026-01-01T00:05:34,27.01,54.28,1007.0,0,none
N04,2026-01-01T00:05:34,25.38,54.23,1007.66,0,none
N05,2026-01-01T00:05:34,25.6,54.85,1008.47,1,stuck
N06,2026-01-01T00:05:34,26.26,53.85,1008.14,0,none
N07,2026-01-01T00:05:34,26.64,53.03,1007.97,0,none
N08,2026-01-01T00:05:34,26.35,54.36,1007.34,0,none
N09,2026-01-01T00:05:34,26.97,54.68,1006.67,0,none
N10,2026-01-01T00:05:34,25.42,57.62,1008.71,0,none
N01,2026-01-01T00:05:35,,53.67,1007.05,0,none
N02,2026-01-01T00:05:35,25.79,56.81,1008.15,0,none
N03,2026-01-01T00:05:35,27.19,53.83,1007.36,0,none
N04,2026-01-01T00:05:35,25.37,54.33,1007.81,0,none
N05,2026-01-01T00:05:35,25.6,54.85,1008.47,1,stuck
N06,2026-01-01T00:05:35,26.34,53.91,1007.94,0,none
N07,2026-01-01T00:05:35,26.91,53.25,1008.61,0,none
N08,2026-01-01T00:05:35,26.5,54.82,1007.17,0,none
N09,2026-01-01T00:05:35,26.9,54.71,1006.4,0,none
N10,2026-01-01T00:05:35,25.4,56.72,1008.06,0,none
N01,2026-01-01T00:05:36,26.29,53.13,1007.6,0,none
N02,2026-01-01T00:05:36,25.64,56.46,1007.69,0,none
N03,2026-01-01T00:05:36,26.84,53.26,1007.73,0,none
N04,2026-01-01T00:05:36,25.29,53.95,1007.45,0,none
N05,2026-01-01T00:05:36,25.6,54.85,1008.47,1,stuck
N06,2026-01-01T00:05:36,26.23,53.93,1008.12,0,none
N07,2026-01-01T00:05:36,26.74,52.63,1008.84,0,none
N08,2026-01-01T00:05:36,26.46,54.97,1006.68,0,none
N09,2026-01-01T00:05:36,27.02,54.75,1007.37,0,none
N10,2026-01-01T00:05:36,25.42,57.33,1008.22,0,none
N01,2026-01-01T00:05:37,26.29,53.17,1007.08,0,none
N02,2026-01-01T00:05:37,25.67,56.8,1007.96,0,none
N03,2026-01-01T00:05:37,26.74,53.5,1007.88,0,none
N04,2026-01-01T00:05:37,25.33,53.67,1007.91,0,none
N05,2026-01-01T00:05:37,25.6,54.85,1008.47,1,stuck
N06,2026-01-01T00:05:37,26.27,53.68,1008.23,0,none
N07,2026-01-01T00:05:37,26.82,52.1,1008.31,0,none
N08,2026-01-01T00:05:37,26.39,54.44,1007.77,0,none
N09,2026-01-01T00:05:37,27.07,54.25,1006.9,0,none
N10,2026-01-01T00:05:37,25.63,56.77,1008.18,0,none
N01,2026-01-01T00:05:38,26.04,52.94,1007.68,0,none
N02,2026-01-01T00:05:38,25.58,56.9,1008.76,0,none
N03,2026-01-01T00:05:38,26.83,53.44,1007.83,0,none
N04,2026-01-01T00:05:38,25.42,54.48,1007.81,0,none
N05,2026-01-01T00:05:38,25.6,54.85,1008.47,1,stuck
N06,2026-01-01T00:05:38,25.88,53.33,1008.19,0,none
N07,2026-01-01T00:05:38,26.71,52.92,1008.24,0,none
N08,2026-01-01T00:05:38,26.62,53.84,1006.75,0,none
N09,2026-01-01T00:05:38,26.94,54.29,1007.31,0,none
N10,2026-01-01T00:05:38,25.65,57.27,1008.69,1,drift
N01,2026-01-01T00:05:39,26.53,53.28,1007.22,0,none
N02,2026-01-01T00:05:39,25.61,56.54,1008.07,0,none
N03,2026-01-01T00:05:39,26.85,52.92,1007.34,0,none
N04,2026-01-01T00:05:39,25.3,53.67,1008.0,0,none
N05,2026-01-01T00:05:39,25.6,54.85,1008.47,1,stuck
N06,2026-01-01T00:05:39,26.13,53.59,1007.87,0,none
N07,2026-01-01T00:05:39,26.53,52.77,1008.38,0,none
N08,2026-01-01T00:05:39,26.28,55.06,1006.77,0,none
N09,2026-01-01T00:05:39,26.96,54.25,1006.19,0,none
N10,2026-01-01T00:05:39,26.03,58.11,1009.45,1,drift
N01,2026-01-01T00:05:40,26.34,52.74,1007.6,0,none
N02,2026-01-01T00:05:40,25.51,55.64,1007.86,0,none
N03,2026-01-01T00:05:40,26.51,52.25,1007.32,0,none
N04,2026-01-01T00:05:40,25.16,53.63,1007.92,0,none
N05,2026-01-01T00:05:40,25.6,54.85,1008.47,1,stuck
N06,2026-01-01T00:05:40,25.86,52.84,1007.7,0,none
N07,2026-01-01T00:05:40,26.63,53.21,1008.5,0,none
N08,2026-01-01T00:05:40,26.12,54.28,1006.83,0,none
N09,2026-01-01T00:05:40,26.88,54.96,1006.63,0,none
N10,2026-01-01T00:05:40,25.89,59.58,1009.92,1,drift
N01,2026-01-01T00:05:41,26.39,53.67,1007.27,0,none
N02,2026-01-01T00:05:41,25.21,56.46,1024.04,1,spoof
N03,2026-01-01T00:05:41,26.92,53.98,1007.62,0,none
N04,2026-01-01T00:05:41,25.0,53.09,1008.0,0,none
N05,2026-01-01T00:05:41,25.6,54.85,1008.47,1,stuck
N06,2026-01-01T00:05:41,25.97,53.66,1007.81,0,none
N07,2026-01-01T00:05:41,26.75,52.41,1008.27,0,none
N08,2026-01-01T00:05:41,26.3,54.61,1007.39,0,none
N09,2026-01-01T00:05:41,26.9,54.73,1007.51,0,none
N10,2026-01-01T00:05:41,26.43,60.14,1010.4,1,drift
N01,2026-01-01T00:05:42,26.19,53.06,1007.33,0,none
N02,2026-01-01T00:05:42,28.66,73.78,1037.51,1,spoof
N03,2026-01-01T00:05:42,26.51,53.53,1007.32,0,none
N04,2026-01-01T00:05:42,25.22,53.42,1007.41,0,none
N05,2026-01-01T00:05:42,25.6,54.85,1008.47,1,stuck
N06,2026-01-01T00:05:42,26.01,53.62,1008.24,0,none
N07,2026-01-01T00:05:42,26.44,53.22,1008.82,0,none
N08,2026-01-01T00:05:42,26.34,54.6,1007.48,0,none
N09,2026-01-01T00:05:42,26.75,53.68,1006.73,0,none
N10,2026-01-01T00:05:42,26.59,60.2,1011.05,1,drift
N01,2026-01-01T00:05:43,26.26,52.45,1007.88,0,none
N02,2026-01-01T00:05:43,23.67,71.3,1004.96,1,spoof
N03,2026-01-01T00:05:43,26.87,52.63,1007.21,0,none
N04,2026-01-01T00:05:43,24.86,54.49,1007.89,0,none
N05,2026-01-01T00:05:43,25.6,54.85,1008.47,1,stuck
N06,2026-01-01T00:05:43,26.12,54.29,1007.84,0,none
N07,2026-01-01T00:05:43,26.41,53.53,1008.47,0,none
N08,2026-01-01T00:05:43,26.17,53.69,1006.89,0,none
N09,2026-01-01T00:05:43,26.72,54.25,1006.57,0,none
N10,2026-01-01T00:05:43,26.86,59.91,1011.74,1,drift
N01,2026-01-01T00:05:44,25.99,52.6,1007.24,0,none
N02,2026-01-01T00:05:44,36.93,80.01,998.28,1,spoof
N03,2026-01-01T00:05:44,26.8,53.1,1007.11,0,none
N04,2026-01-01T00:05:44,25.29,53.45,1007.62,0,none
N05,2026-01-01T00:05:44,25.6,54.85,1008.47,1,stuck
N06,2026-01-01T00:05:44,26.28,53.79,1007.61,0,none
N07,2026-01-01T00:05:44,26.77,52.3,1008.15,0,none
N08,2026-01-01T00:05:44,26.49,54.86,1006.75,0,none
N09,2026-01-01T00:05:44,26.64,53.54,1006.62,0,none
N10,2026-01-01T00:05:44,26.97,60.59,1012.31,1,drift
N01,2026-01-01T00:05:45,26.18,52.29,1006.69,0,none
N02,2026-01-01T00:05:45,36.62,85.74,1004.63,1,spoof
N03,2026-01-01T00:05:45,26.86,52.83,1007.19,0,none
N04,2026-01-01T00:05:45,25.31,53.32,1008.01,0,none
N05,2026-01-01T00:05:45,25.6,54.85,1008.47,1,stuck
N06,2026-01-01T00:05:45,26.28,53.53,1008.06,0,none
N07,2026-01-01T00:05:45,26.49,52.19,1008.16,0,none
N08,2026-01-01T00:05:45,26.19,53.98,1007.1,0,none
N09,2026-01-01T00:05:45,26.52,53.42,1006.67,0,none
N10,2026-01-01T00:05:45,27.52,61.24,1012.76,1,drift
N01,2026-01-01T00:05:46,26.31,51.18,1007.02,0,none
N02,2026-01-01T00:05:46,25.04,83.62,986.24,1,spoof
N03,2026-01-01T00:05:46,26.74,52.04,1007.24,0,none
N04,2026-01-01T00:05:46,24.75,54.17,1007.62,0,none
N05,2026-01-01T00:05:46,25.6,54.85,1008.47,1,stuck
N06,2026-01-01T00:05:46,25.68,53.2,1007.48,0,none
N07,2026-01-01T00:05:46,26.57,51.81,1008.78,0,none
N08,2026-01-01T00:05:46,26.44,53.62,1006.6,0,none
N09,2026-01-01T00:05:46,27.0,53.92,1007.06,0,none
N10,2026-01-01T00:05:46,27.72,61.24,1013.34,1,drift
N01,2026-01-01T00:05:47,26.27,52.45,1007.04,0,none
N02,2026-01-01T00:05:47,37.0,76.35,1022.0,1,spoof
N03,2026-01-01T00:05:47,26.77,53.03,1007.27,0,none
N04,2026-01-01T00:05:47,25.03,52.72,1007.37,0,none
N05,2026-01-01T00:05:47,25.6,54.85,1008.47,1,stuck
N06,2026-01-01T00:05:47,26.25,53.65,1007.83,0,none
N07,2026-01-01T00:05:47,26.47,51.45,1008.29,0,none
N08,2026-01-01T00:05:47,26.24,54.12,1006.99,0,none
N09,2026-01-01T00:05:47,26.86,54.11,1007.13,0,none
N10,2026-01-01T00:05:47,27.79,62.82,1013.61,1,drift
N01,2026-01-01T00:05:48,25.87,52.68,1006.61,0,none
N02,2026-01-01T00:05:48,19.1,57.44,1006.17,1,spoof
N03,2026-01-01T00:05:48,26.78,52.61,1007.53,0,none
N04,2026-01-01T00:05:48,25.17,54.21,1007.28,0,none
N05,2026-01-01T00:05:48,25.6,54.85,1008.47,1,stuck
N06,2026-01-01T00:05:48,26.06,53.11,1007.64,0,none
N07,2026-01-01T00:05:48,26.55,52.56,1007.71,0,none
N08,2026-01-01T00:05:48,20.03,43.54,1016.53,1,spoof
N09,2026-01-01T00:05:48,27.0,54.3,1006.74,0,none
N10,2026-01-01T00:05:48,27.9,63.11,1014.31,1,drift
N01,2026-01-01T00:05:49,26.04,51.52,1007.01,0,none
N02,2026-01-01T00:05:49,25.56,67.75,1002.21,1,spoof
N03,2026-01-01T00:05:49,26.55,52.61,1007.6,0,none
N04,2026-01-01T00:05:49,24.9,53.18,1008.02,0,none
N05,2026-01-01T00:05:49,25.6,54.85,1008.47,1,stuck
N06,2026-01-01T00:05:49,25.98,54.29,1008.22,0,none
N07,2026-01-01T00:05:49,26.29,51.76,1008.09,0,none
N08,2026-01-01T00:05:49,18.77,53.45,1002.12,1,spoof
N09,2026-01-01T00:05:49,26.82,53.69,1006.38,0,none
N10,2026-01-01T00:05:49,28.19,63.85,1015.09,1,drift
N01,2026-01-01T00:05:50,25.91,52.64,1007.04,0,none
N02,2026-01-01T00:05:50,18.41,81.7,981.35,1,spoof
N03,2026-01-01T00:05:50,26.59,52.64,1007.5,0,none
N04,2026-01-01T00:05:50,24.56,52.42,1007.66,0,none
N05,2026-01-01T00:05:50,25.6,54.85,1008.47,1,stuck
N06,2026-01-01T00:05:50,25.81,53.1,1007.47,0,none
N07,2026-01-01T00:05:50,26.29,51.86,1007.96,0,none
N08,2026-01-01T00:05:50,26.55,47.34,1007.5,1,spoof
N09,2026-01-01T00:05:50,26.6,54.33,1006.28,0,none
N10,2026-01-01T00:05:50,28.39,63.93,1015.02,1,drift
N01,2026-01-01T00:05:51,25.99,53.07,1006.98,0,none
N02,2026-01-01T00:05:51,35.89,89.2,989.84,1,spoof
N03,2026-01-01T00:05:51,26.66,52.99,1006.93,0,none
N04,2026-01-01T00:05:51,25.07,53.36,1007.16,0,none
N05,2026-01-01T00:05:51,25.6,54.85,1008.47,1,stuck
N06,2026-01-01T00:05:51,25.93,52.91,1007.44,0,none
N07,2026-01-01T00:05:51,26.18,52.26,1007.83,0,none
N08,2026-01-01T00:05:51,17.65,50.86,1039.05,1,spoof
N09,2026-01-01T00:05:51,26.67,54.04,1006.84,0,none
N10,2026-01-01T00:05:51,28.55,64.79,1016.4,1,drift
N01,2026-01-01T00:05:52,26.17,52.49,1006.38,0,none
N02,2026-01-01T00:05:52,34.18,41.49,1006.3,1,spoof
N03,2026-01-01T00:05:52,26.7,51.4,1006.88,0,none
N04,2026-01-01T00:05:52,24.8,52.71,1006.75,0,none
N05,2026-01-01T00:05:52,25.6,54.85,1008.47,1,stuck
N06,2026-01-01T00:05:52,25.86,52.87,1007.8,0,none
N07,2026-01-01T00:05:52,26.53,52.2,1008.1,0,none
N08,2026-01-01T00:05:52,27.1,69.92,1037.28,1,spoof
N09,2026-01-01T00:05:52,26.6,52.45,1005.99,0,none
N10,2026-01-01T00:05:52,28.82,65.11,1016.79,1,drift
N01,2026-01-01T00:05:53,25.95,51.79,1006.47,0,none
N02,2026-01-01T00:05:53,30.22,49.91,992.93,1,spoof
N03,2026-01-01T00:05:53,26.38,51.88,1007.01,0,none
N04,2026-01-01T00:05:53,24.98,52.58,1007.52,0,none
N05,2026-01-01T00:05:53,25.6,54.85,1008.47,1,stuck
N06,2026-01-01T00:05:53,25.96,53.23,1007.29,0,none
N07,2026-01-01T00:05:53,26.57,50.89,1007.89,0,none
N08,2026-01-01T00:05:53,16.41,74.46,1003.66,1,spoof
N09,2026-01-01T00:05:53,26.44,52.61,1006.39,0,none
N10,2026-01-01T00:05:53,29.07,66.31,1016.92,1,drift
N01,2026-01-01T00:05:54,26.23,51.37,1006.67,0,none
N02,2026-01-01T00:05:54,29.61,48.32,1020.88,1,spoof
N03,2026-01-01T00:05:54,26.44,51.83,1007.49,0,none
N04,2026-01-01T00:05:54,25.05,52.85,1007.22,0,none
N05,2026-01-01T00:05:54,24.96,53.74,1007.84,0,none
N06,2026-01-01T00:05:54,25.98,53.22,1007.39,0,none
N07,2026-01-01T00:05:54,26.48,51.72,1008.16,0,none
N08,2026-01-01T00:05:54,26.53,51.38,998.02,1,spoof
N09,2026-01-01T00:05:54,26.76,53.7,1005.95,0,none
N10,2026-01-01T00:05:54,29.37,65.94,1017.57,1,drift
N01,2026-01-01T00:05:55,26.09,52.1,1007.17,0,none
N02,2026-01-01T00:05:55,39.51,55.63,982.25,1,spoof
N03,2026-01-01T00:05:55,26.29,52.25,1007.36,0,none
N04,2026-01-01T00:05:55,25.22,52.22,1007.31,1,stuck
N05,2026-01-01T00:05:55,24.86,52.29,1007.94,0,none
N06,2026-01-01T00:05:55,26.01,52.89,1007.72,0,none
N07,2026-01-01T00:05:55,26.34,51.61,1007.39,0,none
N08,2026-01-01T00:05:55,24.54,35.26,1008.75,1,spoof
N09,2026-01-01T00:05:55,26.57,52.18,1006.02,0,none
N10,2026-01-01T00:05:55,29.46,66.75,1018.84,1,drift
N01,2026-01-01T00:05:56,26.16,52.0,1006.45,0,none
N02,2026-01-01T00:05:56,16.21,65.73,1000.42,1,spoof
N03,2026-01-01T00:05:56,26.48,52.2,1007.08,0,none
N04,2026-01-01T00:05:56,25.22,52.22,1007.31,1,stuck
N05,2026-01-01T00:05:56,24.95,52.12,1007.33,0,none
N06,2026-01-01T00:05:56,25.76,52.43,1007.4,0,none
N07,2026-01-01T00:05:56,26.14,52.69,1007.74,0,none
N08,2026-01-01T00:05:56,34.38,59.42,1018.11,1,spoof
N09,2026-01-01T00:05:56,26.51,52.63,1006.02,0,none
N10,2026-01-01T00:05:56,29.94,67.67,1018.91,1,drift
N01,2026-01-01T00:05:57,25.79,51.65,1006.36,0,none
N02,2026-01-01T00:05:57,30.21,81.59,1033.92,1,spoof
N03,2026-01-01T00:05:57,26.12,52.39,1006.93,0,none
N04,2026-01-01T00:05:57,25.22,52.22,1007.31,1,stuck
N05,2026-01-01T00:05:57,24.86,53.8,1007.02,0,none
N06,2026-01-01T00:05:57,25.94,53.0,1007.32,0,none
N07,2026-01-01T00:05:57,26.49,51.85,1007.68,0,none
N08,2026-01-01T00:05:57,39.65,80.06,984.79,1,spoof
N09,2026-01-01T00:05:57,26.7,53.17,1006.69,0,none
N10,2026-01-01T00:05:57,30.04,68.9,1018.98,1,drift
N01,2026-01-01T00:05:58,26.02,51.47,1006.58,0,none
N02,2026-01-01T00:05:58,25.07,55.28,1007.67,0,none
N03,2026-01-01T00:05:58,26.69,51.47,1006.5,0,none
N04,2026-01-01T00:05:58,25.22,52.22,1007.31,1,stuck
N05,2026-01-01T00:05:58,24.88,52.35,1007.6,0,none
N06,2026-01-01T00:05:58,25.94,53.02,1007.34,0,none
N07,2026-01-01T00:05:58,26.21,52.0,1008.11,0,none
N08,2026-01-01T00:05:58,29.35,71.41,999.69,1,spoof
N09,2026-01-01T00:05:58,26.69,52.9,1006.09,0,none
N10,2026-01-01T00:05:58,30.23,68.35,1020.09,1,drift
N01,2026-01-01T00:05:59,26.24,50.82,1006.65,0,none
N02,2026-01-01T00:05:59,25.02,55.23,1007.76,0,none
N03,2026-01-01T00:05:59,26.38,51.27,1006.9,0,none
N04,2026-01-01T00:05:59,25.22,52.22,1007.31,1,stuck
N05,2026-01-01T00:05:59,24.72,53.22,1007.45,0,none
N06,2026-01-01T00:05:59,25.38,52.21,1007.73,0,none
N07,2026-01-01T00:05:59,26.15,51.7,1007.48,0,none
N08,2026-01-01T00:05:59,21.15,87.39,1016.81,1,spoof
N09,2026-01-01T00:05:59,26.37,52.16,1006.39,0,none
N10,2026-01-01T00:05:59,30.38,68.98,1020.87,1,drift
N01,2026-01-01T00:06:00,26.04,51.41,1006.65,0,none
N02,2026-01-01T00:06:00,25.21,55.74,1007.38,0,none
N03,2026-01-01T00:06:00,26.37,51.29,1006.1,0,none
N04,2026-01-01T00:06:00,25.22,52.22,1007.31,1,stuck
N05,2026-01-01T00:06:00,24.77,52.31,1007.29,0,none
N06,2026-01-01T00:06:00,25.87,52.94,1007.57,0,none
N07,2026-01-01T00:06:00,26.27,50.97,1007.76,0,none
N08,2026-01-01T00:06:00,17.9,75.3,993.8,1,spoof
N09,2026-01-01T00:06:00,26.66,52.76,1006.22,0,none
N10,2026-01-01T00:06:00,30.79,68.65,1020.68,1,drift
N01,2026-01-01T00:06:01,25.66,50.63,1006.71,0,none
N02,2026-01-01T00:06:01,25.12,55.6,1006.78,0,none
N03,2026-01-01T00:06:01,26.59,51.13,1006.37,0,none
N04,2026-01-01T00:06:01,25.22,52.22,1007.31,1,stuck
N05,2026-01-01T00:06:01,24.58,52.55,1007.44,0,none
N06,2026-01-01T00:06:01,25.88,51.81,1007.3,0,none
N07,2026-01-01T00:06:01,26.39,51.65,1007.76,0,none
N08,2026-01-01T00:06:01,29.77,75.6,1034.07,1,spoof
N09,2026-01-01T00:06:01,26.44,52.92,1005.5,0,none
N10,2026-01-01T00:06:01,31.03,69.75,1021.35,1,drift
N01,2026-01-01T00:06:02,25.94,51.5,1006.42,0,none
N02,2026-01-01T00:06:02,25.31,54.74,1006.92,0,none
N03,2026-01-01T00:06:02,26.37,51.31,1006.65,0,none
N04,2026-01-01T00:06:02,25.22,52.22,1007.31,1,stuck
N05,2026-01-01T00:06:02,24.95,52.56,1007.12,0,none
N06,2026-01-01T00:06:02,25.67,51.98,1007.3,0,none
N07,2026-01-01T00:06:02,26.33,51.25,1007.32,0,none
N08,2026-01-01T00:06:02,21.0,63.05,984.52,1,spoof
N09,2026-01-01T00:06:02,27.02,52.41,1005.62,0,none
N10,2026-01-01T00:06:02,31.28,70.31,1022.05,1,drift
N01,2026-01-01T00:06:03,25.9,51.49,1006.19,0,none
N02,2026-01-01T00:06:03,25.3,55.2,1007.6,0,none
N03,2026-01-01T00:06:03,26.46,51.58,1007.29,0,none
N04,2026-01-01T00:06:03,25.22,52.22,1007.31,1,stuck
N05,2026-01-01T00:06:03,24.67,52.28,1007.52,0,none
N06,2026-01-01T00:06:03,25.83,52.41,1007.19,1,stuck
N07,2026-01-01T00:06:03,26.61,51.9,1007.66,0,none
N08,2026-01-01T00:06:03,33.04,34.2,1001.62,1,spoof
N09,2026-01-01T00:06:03,26.39,53.42,1006.2,0,none
N10,2026-01-01T00:06:03,31.53,71.68,1022.89,1,drift
N01,2026-01-01T00:06:04,25.99,51.82,1006.13,0,none
N02,2026-01-01T00:06:04,25.29,54.42,1007.36,0,none
N03,2026-01-01T00:06:04,26.51,51.26,1006.48,0,none
N04,2026-01-01T00:06:04,25.22,52.22,1007.31,1,stuck
N05,2026-01-01T00:06:04,25.08,52.53,1007.84,0,none
N06,2026-01-01T00:06:04,25.83,52.41,1007.19,1,stuck
N07,2026-01-01T00:06:04,26.31,50.13,1007.33,0,none
N08,2026-01-01T00:06:04,25.98,53.35,1005.33,0,none
N09,2026-01-01T00:06:04,26.81,52.9,1006.46,0,none
N10,2026-01-01T00:06:04,31.73,72.04,1023.19,1,drift
N01,2026-01-01T00:06:05,25.97,51.96,1007.06,0,none
N02,2026-01-01T00:06:05,25.14,55.05,1007.88,0,none
N03,2026-01-01T00:06:05,26.54,51.72,1007.22,0,none
N04,2026-01-01T00:06:05,25.22,52.22,1007.31,1,stuck
N05,2026-01-01T00:06:05,24.98,52.96,1007.09,0,none
N06,2026-01-01T00:06:05,25.83,52.41,1007.19,1,stuck
N07,2026-01-01T00:06:05,26.27,52.12,1007.55,0,none
N08,2026-01-01T00:06:05,25.9,53.42,1006.24,0,none
N09,2026-01-01T00:06:05,26.73,52.97,1006.09,0,none
N10,2026-01-01T00:06:05,31.93,73.28,1023.99,1,drift
N01,2026-01-01T00:06:06,25.87,50.68,1006.24,0,none
N02,2026-01-01T00:06:06,25.11,55.09,1007.32,1,stuck
N03,2026-01-01T00:06:06,26.44,51.78,1007.14,0,none
N04,2026-01-01T00:06:06,25.22,52.22,1007.31,1,stuck
N05,2026-01-01T00:06:06,24.77,51.65,1007.35,0,none
N06,2026-01-01T00:06:06,25.83,52.41,1007.19,1,stuck
N07,2026-01-01T00:06:06,26.15,50.51,1007.6,0,none
N08,2026-01-01T00:06:06,25.75,53.82,1005.74,0,none
N09,2026-01-01T00:06:06,26.32,52.94,1006.22,0,none
N10,2026-01-01T00:06:06,25.14,55.28,1007.51,0,none
N01,2026-01-01T00:06:07,26.0,51.16,1006.61,0,none
N02,2026-01-01T00:06:07,25.11,55.09,1007.32,1,stuck
N03,2026-01-01T00:06:07,21.22,47.5,1022.86,1,spoof
N04,2026-01-01T00:06:07,25.22,52.22,1007.31,1,stuck
N05,2026-01-01T00:06:07,24.85,52.27,1006.92,0,none
N06,2026-01-01T00:06:07,25.83,52.41,1007.19,1,stuck
N07,2026-01-01T00:06:07,26.26,51.21,1008.25,0,none
N08,2026-01-01T00:06:07,25.97,52.27,1005.72,0,none
N09,2026-01-01T00:06:07,26.74,52.56,1005.65,0,none
N10,2026-01-01T00:06:07,24.88,55.31,1006.79,0,none
N01,2026-01-01T00:06:08,25.89,52.2,1006.32,0,none
N02,2026-01-01T00:06:08,25.11,55.09,1007.32,1,stuck
N03,2026-01-01T00:06:08,27.88,71.06,994.94,1,spoof
N04,2026-01-01T00:06:08,25.22,52.22,1007.31,1,stuck
N05,2026-01-01T00:06:08,24.49,52.29,1007.5,0,none
N06,2026-01-01T00:06:08,25.83,52.41,1007.19,1,stuck
N07,2026-01-01T00:06:08,26.31,50.33,1007.8,0,none
N08,2026-01-01T00:06:08,26.12,52.72,1006.21,0,none
N09,2026-01-01T00:06:08,26.78,52.59,1006.29,0,none
N10,2026-01-01T00:06:08,24.78,56.29,1007.14,0,none
N01,2026-01-01T00:06:09,25.91,51.41,1006.6,0,none
N02,2026-01-01T00:06:09,25.11,55.09,1007.32,1,stuck
N03,2026-01-01T00:06:09,31.32,60.8,1015.79,1,spoof
N04,2026-01-01T00:06:09,25.22,52.22,1007.31,1,stuck
N05,2026-01-01T00:06:09,24.96,52.95,1007.58,0,none
N06,2026-01-01T00:06:09,25.83,52.41,1007.19,1,stuck
N07,2026-01-01T00:06:09,26.25,51.45,1008.09,0,none
N08,2026-01-01T00:06:09,25.87,53.12,1006.1,0,none
N09,2026-01-01T00:06:09,26.42,53.05,1006.44,0,none
N10,2026-01-01T00:06:09,25.04,54.91,1007.57,0,none
N01,2026-01-01T00:06:10,25.79,51.82,1006.53,0,none
N02,2026-01-01T00:06:10,25.11,55.09,1007.32,1,stuck
N03,2026-01-01T00:06:10,17.13,63.69,1011.34,1,spoof
N04,2026-01-01T00:06:10,25.22,52.22,1007.31,1,stuck
N05,2026-01-01T00:06:10,24.46,52.57,1008.14,0,none
N06,2026-01-01T00:06:10,25.83,52.41,1007.19,1,stuck
N07,2026-01-01T00:06:10,26.18,50.78,1007.56,0,none
N08,2026-01-01T00:06:10,25.76,52.61,1006.19,0,none
N09,2026-01-01T00:06:10,26.28,53.3,1005.78,0,none
N10,2026-01-01T00:06:10,24.96,54.96,1007.34,0,none
N01,2026-01-01T00:06:11,29.45,61.41,1012.05,1,replay
N02,2026-01-01T00:06:11,25.11,55.09,1007.32,1,stuck
N03,2026-01-01T00:06:11,25.25,40.14,1036.41,1,spoof
N04,2026-01-01T00:06:11,25.22,52.22,1007.31,1,stuck
N05,2026-01-01T00:06:11,24.82,52.31,1007.59,0,none
N06,2026-01-01T00:06:11,25.83,52.41,1007.19,1,stuck
N07,2026-01-01T00:06:11,26.0,51.3,1007.58,0,none
N08,2026-01-01T00:06:11,25.76,53.84,1006.04,0,none
N09,2026-01-01T00:06:11,26.67,52.57,1005.42,0,none
N10,2026-01-01T00:06:11,24.93,54.1,1007.29,0,none
N01,2026-01-01T00:06:12,29.57,61.84,1011.87,1,replay
N02,2026-01-01T00:06:12,25.11,55.09,1007.32,1,stuck
N03,2026-01-01T00:06:12,35.29,48.46,998.43,1,spoof
N04,2026-01-01T00:06:12,25.22,52.22,1007.31,1,stuck
N05,2026-01-01T00:06:12,24.71,51.95,1007.52,0,none
N06,2026-01-01T00:06:12,25.83,52.41,1007.19,1,stuck
N07,2026-01-01T00:06:12,26.17,50.59,1007.73,0,none
N08,2026-01-01T00:06:12,25.84,52.87,1006.46,0,none
N09,2026-01-01T00:06:12,26.1,52.12,1006.11,0,none
N10,2026-01-01T00:06:12,24.77,54.91,1007.22,0,none
N01,2026-01-01T00:06:13,29.29,61.44,1011.38,1,replay
N02,2026-01-01T00:06:13,25.11,55.09,1007.32,1,stuck
N03,2026-01-01T00:06:13,15.46,80.8,1028.99,1,spoof
N04,2026-01-01T00:06:13,25.22,52.22,1007.31,1,stuck
N05,2026-01-01T00:06:13,24.77,52.63,1007.17,0,none
N06,2026-01-01T00:06:13,25.83,52.41,1007.19,1,stuck
N07,2026-01-01T00:06:13,26.13,51.18,1007.53,0,none
N08,2026-01-01T00:06:13,26.05,53.0,1006.03,0,none
N09,2026-01-01T00:06:13,26.39,52.07,1006.2,0,none
N10,2026-01-01T00:06:13,24.73,55.31,1007.43,0,none
N01,2026-01-01T00:06:14,29.7,62.4,1011.49,1,replay
N02,2026-01-01T00:06:14,25.11,55.09,1007.32,1,stuck
N03,2026-01-01T00:06:14,29.74,58.0,1019.13,1,spoof
N04,2026-01-01T00:06:14,25.22,52.22,1007.31,1,stuck
N05,2026-01-01T00:06:14,24.72,50.82,1007.79,0,none
N06,2026-01-01T00:06:14,25.83,52.41,1007.19,1,stuck
N07,2026-01-01T00:06:14,25.95,50.54,1007.72,0,none
N08,2026-01-01T00:06:14,23.52,50.26,989.94,1,spoof
N09,2026-01-01T00:06:14,26.39,52.77,1006.24,0,none
N10,2026-01-01T00:06:14,24.83,54.41,1007.23,0,none
N01,2026-01-01T00:06:15,29.34,61.86,1011.85,1,replay
N02,2026-01-01T00:06:15,25.11,55.09,1007.32,1,stuck
N03,2026-01-01T00:06:15,29.89,75.49,1018.02,1,spoof
N04,2026-01-01T00:06:15,25.22,52.22,1007.31,1,stuck
N05,2026-01-01T00:06:15,24.56,51.1,1006.77,0,none
N06,2026-01-01T00:06:15,25.83,52.41,1007.19,1,stuck
N07,2026-01-01T00:06:15,26.02,50.6,1007.7,0,none
N08,2026-01-01T00:06:15,39.26,31.89,990.18,1,spoof
N09,2026-01-01T00:06:15,26.2,53.37,1006.17,0,none
N10,2026-01-01T00:06:15,24.9,55.34,1007.96,0,none
N01,2026-01-01T00:06:16,29.21,62.2,1011.33,1,replay
N02,2026-01-01T00:06:16,25.11,55.09,1007.32,1,stuck
N03,2026-01-01T00:06:16,30.49,37.1,1014.68,1,spoof
N04,2026-01-01T00:06:16,25.22,52.22,1007.31,1,stuck
N05,2026-01-01T00:06:16,24.18,51.76,1007.23,0,none
N06,2026-01-01T00:06:16,25.83,52.41,1007.19,1,stuck
N07,2026-01-01T00:06:16,25.97,50.57,1007.66,0,none
N08,2026-01-01T00:06:16,34.54,46.92,992.71,1,spoof
N09,2026-01-01T00:06:16,26.17,52.22,1005.79,0,none
N10,2026-01-01T00:06:16,24.76,55.15,1007.14,0,none
N01,2026-01-01T00:06:17,29.16,61.03,1011.49,1,replay
N02,2026-01-01T00:06:17,25.11,55.09,1007.32,1,stuck
N03,2026-01-01T00:06:17,26.18,50.8,1006.65,0,none
N04,2026-01-01T00:06:17,25.22,52.22,1007.31,1,stuck
N05,2026-01-01T00:06:17,24.53,51.24,1007.57,0,none
N06,2026-01-01T00:06:17,25.83,52.41,1007.19,1,stuck
N07,2026-01-01T00:06:17,25.99,50.69,1007.71,0,none
N08,2026-01-01T00:06:17,35.21,77.23,1031.33,1,spoof
N09,2026-01-01T00:06:17,26.3,52.64,1005.7,0,none
N10,2026-01-01T00:06:17,24.59,55.26,1007.57,0,none
N01,2026-01-01T00:06:18,29.26,60.61,1011.35,1,replay
N02,2026-01-01T00:06:18,25.11,55.09,1007.32,1,stuck
N03,2026-01-01T00:06:18,26.28,51.76,1006.85,0,none
N04,2026-01-01T00:06:18,25.22,52.22,1007.31,1,stuck
N05,2026-01-01T00:06:18,24.59,51.63,1006.69,0,none
N06,2026-01-01T00:06:18,25.83,52.41,1007.19,1,stuck
N07,2026-01-01T00:06:18,25.89,51.1,1007.84,0,none
N08,2026-01-01T00:06:18,28.29,68.47,993.79,1,spoof
N09,2026-01-01T00:06:18,26.36,52.15,1005.84,0,none
N10,2026-01-01T00:06:18,24.78,54.61,1007.26,0,none
N01,2026-01-01T00:06:19,29.12,61.38,1011.64,1,replay
N02,2026-01-01T00:06:19,25.11,55.09,1007.32,1,stuck
N03,2026-01-01T00:06:19,25.95,50.17,1006.66,0,none
N04,2026-01-01T00:06:19,25.22,52.22,1007.31,1,stuck
N05,2026-01-01T00:06:19,24.24,51.63,1007.56,0,none
N06,2026-01-01T00:06:19,25.83,52.41,1007.19,1,stuck
N07,2026-01-01T00:06:19,25.94,49.94,1007.92,0,none
N08,2026-01-01T00:06:19,23.95,37.52,1033.59,1,spoof
N09,2026-01-01T00:06:19,25.9,52.37,1005.92,0,none
N10,2026-01-01T00:06:19,24.52,54.76,1006.89,0,none
N01,2026-01-01T00:06:20,29.33,60.74,1010.95,1,replay
N02,2026-01-01T00:06:20,25.11,55.09,1007.32,1,stuck
N03,2026-01-01T00:06:20,25.57,50.62,1006.72,0,none
N04,2026-01-01T00:06:20,25.22,52.22,1007.31,1,stuck
N05,2026-01-01T00:06:20,24.25,52.2,1007.22,0,none
N06,2026-01-01T00:06:20,25.83,52.41,1007.19,1,stuck
N07,2026-01-01T00:06:20,25.81,49.99,1007.56,0,none
N08,2026-01-01T00:06:20,21.03,76.88,995.58,1,spoof
N09,2026-01-01T00:06:20,25.86,52.36,1005.75,0,none
N10,2026-01-01T00:06:20,24.64,55.08,1007.46,0,none
N01,2026-01-01T00:06:21,29.19,59.85,1011.23,1,replay
N02,2026-01-01T00:06:21,25.11,55.09,1007.32,1,stuck
N03,2026-01-01T00:06:21,25.76,50.77,1007.04,0,none
N04,2026-01-01T00:06:21,25.22,52.22,1007.31,1,stuck
N05,2026-01-01T00:06:21,24.18,51.07,1007.38,0,none
N06,2026-01-01T00:06:21,25.83,52.41,1007.19,1,stuck
N07,2026-01-01T00:06:21,25.54,49.9,1007.97,0,none
N08,2026-01-01T00:06:21,15.35,89.81,1033.43,1,spoof
N09,2026-01-01T00:06:21,26.1,52.4,1005.89,0,none
N10,2026-01-01T00:06:21,24.49,54.9,1007.38,0,none
N01,2026-01-01T00:06:22,29.35,60.56,1011.21,1,replay
N02,2026-01-01T00:06:22,25.11,55.09,1007.32,1,stuck
N03,2026-01-01T00:06:22,25.96,51.17,1007.04,0,none
N04,2026-01-01T00:06:22,25.22,52.22,1007.31,1,stuck
N05,2026-01-01T00:06:22,24.12,50.97,1007.43,0,none
N06,2026-01-01T00:06:22,25.83,52.41,1007.19,1,stuck
N07,2026-01-01T00:06:22,25.68,51.14,1007.72,0,none
N08,2026-01-01T00:06:22,28.75,36.52,1016.22,1,spoof
N09,2026-01-01T00:06:22,25.76,52.21,1005.74,0,none
N10,2026-01-01T00:06:22,24.49,54.37,1007.29,0,none
N01,2026-01-01T00:06:23,29.25,60.84,1011.24,1,replay
N02,2026-01-01T00:06:23,25.11,55.09,1007.32,1,stuck
N03,2026-01-01T00:06:23,25.68,51.22,1006.95,0,none
N04,2026-01-01T00:06:23,24.18,51.43,1007.16,0,none
N05,2026-01-01T00:06:23,24.22,51.2,1007.34,0,none
N06,2026-01-01T00:06:23,25.83,52.41,1007.19,1,stuck
N07,2026-01-01T00:06:23,25.59,50.64,1007.2,0,none
N08,2026-01-01T00:06:23,29.13,80.54,990.31,1,spoof
N09,2026-01-01T00:06:23,26.09,52.3,1006.27,0,none
N10,2026-01-01T00:06:23,24.52,54.93,1006.85,0,none
N01,2026-01-01T00:06:24,29.16,61.47,1011.53,1,replay
N02,2026-01-01T00:06:24,25.11,55.09,1007.32,1,stuck
N03,2026-01-01T00:06:24,25.95,51.17,1007.03,0,none
N04,2026-01-01T00:06:24,24.38,51.38,1006.63,0,none
N05,2026-01-01T00:06:24,24.17,51.65,1006.9,0,none
N06,2026-01-01T00:06:24,25.83,52.41,1007.19,1,stuck
N07,2026-01-01T00:06:24,25.63,50.65,1007.3,0,none
N08,2026-01-01T00:06:24,29.8,37.94,1028.71,1,spoof
N09,2026-01-01T00:06:24,26.35,52.73,1006.06,0,none
N10,2026-01-01T00:06:24,24.47,54.8,1007.46,0,none
N01,2026-01-01T00:06:25,29.14,60.3,1010.71,1,replay
N02,2026-01-01T00:06:25,25.11,55.09,1007.32,1,stuck
N03,2026-01-01T00:06:25,25.95,50.84,1007.03,0,none
N04,2026-01-01T00:06:25,24.29,51.04,1006.8,0,none
N05,2026-01-01T00:06:25,24.42,52.07,1007.26,0,none
N06,2026-01-01T00:06:25,25.83,52.41,1007.19,1,stuck
N07,2026-01-01T00:06:25,25.64,50.2,1007.21,0,none
N08,2026-01-01T00:06:25,25.59,87.05,1008.41,1,spoof
N09,2026-01-01T00:06:25,26.16,52.74,1005.73,0,none
N10,2026-01-01T00:06:25,24.33,54.47,1007.22,0,none
N01,2026-01-01T00:06:26,29.32,59.98,1011.57,1,replay
N02,2026-01-01T00:06:26,25.11,55.09,1007.32,1,stuck
N03,2026-01-01T00:06:26,25.89,50.75,1006.91,0,none
N04,2026-01-01T00:06:26,24.29,51.33,1007.16,0,none
N05,2026-01-01T00:06:26,24.35,50.9,1007.14,0,none
N06,2026-01-01T00:06:26,25.83,52.41,1007.19,1,stuck
N07,2026-01-01T00:06:26,25.59,50.2,1008.12,0,none
N08,2026-01-01T00:06:26,25.5,52.12,1006.49,0,none
N09,2026-01-01T00:06:26,25.94,51.31,1005.67,0,none
N10,2026-01-01T00:06:26,24.5,54.49,1007.25,0,none
N01,2026-01-01T00:06:27,28.83,60.88,1011.5,1,replay
N02,2026-01-01T00:06:27,25.11,55.09,1007.32,1,stuck
N03,2026-01-01T00:06:27,25.99,50.65,1007.28,0,none
N04,2026-01-01T00:06:27,24.45,50.72,1007.05,0,none
N05,2026-01-01T00:06:27,24.44,51.45,1006.98,0,none
N06,2026-01-01T00:06:27,25.83,52.41,1007.19,1,stuck
N07,2026-01-01T00:06:27,25.8,51.08,1007.55,0,none
N08,2026-01-01T00:06:27,25.26,52.3,1006.57,0,none
N09,2026-01-01T00:06:27,25.81,51.17,1005.55,0,none
N10,2026-01-01T00:06:27,24.66,54.15,1007.48,0,none
N01,2026-01-01T00:06:28,29.11,60.34,1010.49,1,replay
N02,2026-01-01T00:06:28,25.11,55.09,1007.32,1,stuck
N03,2026-01-01T00:06:28,25.72,50.95,1006.59,0,none
N04,2026-01-01T00:06:28,24.14,51.06,1006.98,0,none
N05,2026-01-01T00:06:28,24.26,51.76,1007.88,0,none
N06,2026-01-01T00:06:28,25.83,52.41,1007.19,1,stuck
N07,2026-01-01T00:06:28,25.66,49.98,1007.77,0,none
N08,2026-01-01T00:06:28,25.44,51.86,1006.67,0,none
N09,2026-01-01T00:06:28,25.75,51.37,1005.81,0,none
N10,2026-01-01T00:06:28,24.35,54.42,1007.11,0,none
N01,2026-01-01T00:06:29,29.21,60.49,1010.96,1,replay
N02,2026-01-01T00:06:29,24.61,53.75,1007.21,0,none
N03,2026-01-01T00:06:29,25.87,49.9,1006.66,0,none
N04,2026-01-01T00:06:29,24.19,50.92,1006.69,0,none
N05,2026-01-01T00:06:29,24.11,50.58,1007.44,0,none
N06,2026-01-01T00:06:29,25.83,52.41,1007.19,1,stuck
N07,2026-01-01T00:06:29,25.55,49.68,1007.9,0,none
N08,2026-01-01T00:06:29,25.39,51.26,1006.22,0,none
N09,2026-01-01T00:06:29,25.86,51.96,1006.54,0,none
N10,2026-01-01T00:06:29,24.26,53.62,1006.73,0,none
N01,2026-01-01T00:06:30,28.9,60.55,1010.8,1,replay
N02,2026-01-01T00:06:30,24.56,53.35,1007.38,0,none
N03,2026-01-01T00:06:30,25.57,50.1,1006.96,0,none
N04,2026-01-01T00:06:30,24.18,50.57,1006.79,0,none
N05,2026-01-01T00:06:30,23.93,51.91,1007.23,0,none
N06,2026-01-01T00:06:30,24.82,51.26,1007.48,0,none
N07,2026-01-01T00:06:30,25.7,50.47,1007.35,0,none
N08,2026-01-01T00:06:30,25.37,51.54,1006.32,0,none
N09,2026-01-01T00:06:30,26.02,51.56,1006.49,0,none
N10,2026-01-01T00:06:30,24.18,54.31,1007.39,0,none
N01,2026-01-01T00:06:31,28.94,59.89,1010.97,1,replay
N02,2026-01-01T00:06:31,24.51,52.92,1007.7,0,none
N03,2026-01-01T00:06:31,25.73,50.97,1006.84,0,none
N04,2026-01-01T00:06:31,24.37,52.3,1007.0,0,none
N05,2026-01-01T00:06:31,24.36,50.46,1007.1,0,none
N06,2026-01-01T00:06:31,25.37,51.0,1006.92,0,none
N07,2026-01-01T00:06:31,25.64,49.92,1007.73,0,none
N08,2026-01-01T00:06:31,25.25,52.18,1006.21,0,none
N09,2026-01-01T00:06:31,25.97,51.81,1005.3,0,none
N10,2026-01-01T00:06:31,24.32,54.83,1007.33,0,none
N01,2026-01-01T00:06:32,29.02,60.43,1011.01,1,replay
N02,2026-01-01T00:06:32,24.79,54.03,1007.3,0,none
N03,2026-01-01T00:06:32,25.64,50.26,1006.4,0,none
N04,2026-01-01T00:06:32,23.96,50.68,1006.87,0,none
N05,2026-01-01T00:06:32,24.03,49.93,1007.3,0,none
N06,2026-01-01T00:06:32,25.18,50.38,1007.4,0,none
N07,2026-01-01T00:06:32,25.68,51.13,1007.7,0,none
N08,2026-01-01T00:06:32,25.32,51.57,1006.49,0,none
N09,2026-01-01T00:06:32,25.96,51.04,1005.76,0,none
N10,2026-01-01T00:06:32,24.26,53.94,1007.25,0,none
N01,2026-01-01T00:06:33,28.81,60.54,1010.76,1,replay
N02,2026-01-01T00:06:33,24.42,52.82,1007.14,0,none
N03,2026-01-01T00:06:33,25.56,50.02,1006.37,0,none
N04,2026-01-01T00:06:33,24.18,49.93,1006.52,0,none
N05,2026-01-01T00:06:33,24.09,50.46,1007.11,0,none
N06,2026-01-01T00:06:33,25.03,51.19,1006.63,0,none
N07,2026-01-01T00:06:33,25.74,48.94,1007.19,0,none
N08,2026-01-01T00:06:33,25.17,51.04,1005.93,0,none
N09,2026-01-01T00:06:33,25.83,52.25,1005.44,0,none
N10,2026-01-01T00:06:33,24.41,53.5,1006.78,0,none
N01,2026-01-01T00:06:34,29.22,60.36,1011.38,1,replay
N02,2026-01-01T00:06:34,24.66,52.61,1007.57,0,none
N03,2026-01-01T00:06:34,25.67,49.99,1006.49,0,none
N04,2026-01-01T00:06:34,24.35,50.27,1006.5,0,none
N05,2026-01-01T00:06:34,24.13,50.68,1007.66,0,none
N06,2026-01-01T00:06:34,25.13,50.5,1006.49,0,none
N07,2026-01-01T00:06:34,25.73,49.25,1007.42,0,none
N08,2026-01-01T00:06:34,25.03,50.82,1006.01,0,none
N09,2026-01-01T00:06:34,26.17,50.73,1006.2,0,none
N10,2026-01-01T00:06:34,24.42,53.84,1006.26,0,none
N01,2026-01-01T00:06:35,29.02,60.41,1010.91,1,replay
N02,2026-01-01T00:06:35,24.62,53.55,1007.16,0,none
N03,2026-01-01T00:06:35,25.52,49.59,1006.62,0,none
N04,2026-01-01T00:06:35,23.92,51.06,1007.24,0,none
N05,2026-01-01T00:06:35,23.95,50.48,1006.8,0,none
N06,2026-01-01T00:06:35,25.16,49.94,1007.25,0,none
N07,2026-01-01T00:06:35,25.42,50.03,1007.03,0,none
N08,2026-01-01T00:06:35,25.22,50.32,1006.32,0,none
N09,2026-01-01T00:06:35,25.79,50.74,1005.97,0,none
N10,2026-01-01T00:06:35,24.11,53.32,1007.02,0,none
N01,2026-01-01T00:06:36,28.74,60.97,1011.46,1,replay
N02,2026-01-01T00:06:36,24.47,52.79,1006.74,0,none
N03,2026-01-01T00:06:36,25.47,49.26,1006.72,0,none
N04,2026-01-01T00:06:36,24.29,51.29,1006.64,0,none
N05,2026-01-01T00:06:36,24.26,51.26,1007.17,0,none
N06,2026-01-01T00:06:36,24.87,49.31,1007.09,0,none
N07,2026-01-01T00:06:36,25.52,49.82,1007.6,1,stuck
N08,2026-01-01T00:06:36,25.41,50.74,1005.58,0,none
N09,2026-01-01T00:06:36,25.84,51.02,1005.76,0,none
N10,2026-01-01T00:06:36,24.09,52.73,1007.26,0,none
N01,2026-01-01T00:06:37,28.65,61.06,1010.86,1,replay
N02,2026-01-01T00:06:37,24.3,52.52,1007.46,0,none
N03,2026-01-01T00:06:37,25.78,49.72,1006.51,0,none
N04,2026-01-01T00:06:37,24.0,50.13,1007.15,0,none
N05,2026-01-01T00:06:37,24.19,50.27,1007.75,0,none
N06,2026-01-01T00:06:37,24.89,50.8,1007.53,0,none
N07,2026-01-01T00:06:37,25.52,49.82,1007.6,1,stuck
N08,2026-01-01T00:06:37,25.48,50.93,1005.88,0,none
N09,2026-01-01T00:06:37,25.74,51.1,1005.78,0,none
N10,2026-01-01T00:06:37,24.02,53.2,1006.67,0,none
N01,2026-01-01T00:06:38,28.71,60.54,1010.81,1,replay
N02,2026-01-01T00:06:38,24.62,52.1,1006.94,0,none
N03,2026-01-01T00:06:38,25.93,49.18,1006.79,0,none
N04,2026-01-01T00:06:38,23.96,50.24,1006.54,0,none
N05,2026-01-01T00:06:38,23.92,50.21,1007.04,0,none
N06,2026-01-01T00:06:38,25.07,48.99,1006.48,0,none
N07,2026-01-01T00:06:38,25.52,49.82,1007.6,1,stuck
N08,2026-01-01T00:06:38,25.55,50.32,1005.9,0,none
N09,2026-01-01T00:06:38,25.7,50.46,1005.44,0,none
N10,2026-01-01T00:06:38,24.18,53.25,1006.75,0,none
N01,2026-01-01T00:06:39,28.73,60.34,1010.61,1,replay
N02,2026-01-01T00:06:39,24.38,53.38,1006.84,0,none
N03,2026-01-01T00:06:39,25.32,48.82,1006.17,0,none
N04,2026-01-01T00:06:39,24.03,50.53,1006.34,0,none
N05,2026-01-01T00:06:39,23.97,50.2,1007.19,0,none
N06,2026-01-01T00:06:39,24.91,50.05,1006.76,0,none
N07,2026-01-01T00:06:39,25.52,49.82,1007.6,1,stuck
N08,2026-01-01T00:06:39,25.33,50.46,1005.7,0,none
N09,2026-01-01T00:06:39,25.89,50.73,1006.21,0,none
N10,2026-01-01T00:06:39,24.24,53.98,1006.75,0,none
N01,2026-01-01T00:06:40,28.76,60.26,1010.54,1,replay
N02,2026-01-01T00:06:40,24.54,51.73,1007.01,0,none
N03,2026-01-01T00:06:40,25.37,49.68,1006.97,0,none
N04,2026-01-01T00:06:40,23.89,49.58,1006.92,0,none
N05,2026-01-01T00:06:40,24.15,50.2,1006.74,0,none
N06,2026-01-01T00:06:40,25.01,49.96,1007.07,0,none
N07,2026-01-01T00:06:40,25.52,49.82,1007.6,1,stuck
N08,2026-01-01T00:06:40,25.16,50.95,1005.49,0,none
N09,2026-01-01T00:06:40,25.61,50.83,1005.26,0,none
N10,2026-01-01T00:06:40,23.86,53.72,1006.13,0,none
N01,2026-01-01T00:06:41,28.51,60.23,1010.62,1,replay
N02,2026-01-01T00:06:41,24.24,53.16,1007.26,0,none
N03,2026-01-01T00:06:41,25.36,49.57,1006.72,0,none
N04,2026-01-01T00:06:41,24.07,50.53,1007.04,0,none
N05,2026-01-01T00:06:41,23.99,48.98,1007.2,0,none
N06,2026-01-01T00:06:41,24.89,50.27,1006.95,0,none
N07,2026-01-01T00:06:41,25.52,49.82,1007.6,1,stuck
N08,2026-01-01T00:06:41,25.3,51.21,1005.81,0,none
N09,2026-01-01T00:06:41,26.04,51.29,1005.51,0,none
N10,2026-01-01T00:06:41,24.17,52.39,1006.19,0,none
N01,2026-01-01T00:06:42,28.66,60.55,1010.64,1,replay
N02,2026-01-01T00:06:42,24.26,52.5,1006.94,0,none
N03,2026-01-01T00:06:42,25.54,,1006.71,0,none
N04,2026-01-01T00:06:42,23.87,49.88,1006.58,0,none
N05,2026-01-01T00:06:42,23.71,49.71,1007.03,0,none
N06,2026-01-01T00:06:42,24.91,49.45,1007.23,0,none
N07,2026-01-01T00:06:42,25.52,49.82,1007.6,1,stuck
N08,2026-01-01T00:06:42,24.86,50.16,1005.53,0,none
N09,2026-01-01T00:06:42,25.7,50.89,1005.29,0,none
N10,2026-01-01T00:06:42,24.06,53.26,1006.73,0,none
N01,2026-01-01T00:06:43,28.56,60.72,1010.75,1,replay
N02,2026-01-01T00:06:43,24.4,51.88,1007.11,0,none
N03,2026-01-01T00:06:43,25.29,49.65,1006.65,0,none
N04,2026-01-01T00:06:43,23.98,50.19,1006.63,0,none
N05,2026-01-01T00:06:43,23.95,48.93,1006.86,0,none
N06,2026-01-01T00:06:43,24.92,50.16,1006.82,0,none
N07,2026-01-01T00:06:43,25.52,49.82,1007.6,1,stuck
N08,2026-01-01T00:06:43,25.02,49.94,1005.63,0,none
N09,2026-01-01T00:06:43,25.53,49.98,1005.25,0,none
N10,2026-01-01T00:06:43,24.2,52.56,1007.65,0,none
N01,2026-01-01T00:06:44,28.4,60.19,1011.28,1,replay
N02,2026-01-01T00:06:44,24.3,51.99,1006.61,0,none
N03,2026-01-01T00:06:44,25.48,48.83,1006.64,0,none
N04,2026-01-01T00:06:44,23.72,49.4,1006.57,0,none
N05,2026-01-01T00:06:44,23.88,49.72,1006.35,0,none
N06,2026-01-01T00:06:44,24.97,49.61,1006.87,0,none
N07,2026-01-01T00:06:44,25.52,49.82,1007.6,1,stuck
N08,2026-01-01T00:06:44,24.92,49.92,1005.66,0,none
N09,2026-01-01T00:06:44,25.3,50.35,1005.72,0,none
N10,2026-01-01T00:06:44,24.03,52.31,1007.12,0,none
N01,2026-01-01T00:06:45,28.45,60.21,1010.92,1,replay
N02,2026-01-01T00:06:45,24.35,53.67,1007.25,0,none
N03,2026-01-01T00:06:45,25.43,49.06,1006.55,0,none
N04,2026-01-01T00:06:45,24.18,50.07,1006.56,0,none
N05,2026-01-01T00:06:45,23.77,48.68,1007.29,0,none
N06,2026-01-01T00:06:45,24.62,49.42,1006.7,0,none
N07,2026-01-01T00:06:45,25.52,49.82,1007.6,1,stuck
N08,2026-01-01T00:06:45,24.97,50.22,1006.05,0,none
N09,2026-01-01T00:06:45,25.41,50.52,1005.79,0,none
N10,2026-01-01T00:06:45,23.91,52.61,1006.9,0,none
N01,2026-01-01T00:06:46,28.42,60.57,1010.52,1,replay
N02,2026-01-01T00:06:46,24.21,52.01,1007.33,0,none
N03,2026-01-01T00:06:46,25.3,49.27,1006.49,0,none
N04,2026-01-01T00:06:46,23.91,49.13,1006.87,0,none
N05,2026-01-01T00:06:46,23.97,48.59,1007.21,0,none
N06,2026-01-01T00:06:46,24.88,49.58,1006.96,0,none
N07,2026-01-01T00:06:46,25.52,49.82,1007.6,1,stuck
N08,2026-01-01T00:06:46,25.02,50.21,1005.76,0,none
N09,2026-01-01T00:06:46,25.6,50.14,1005.24,0,none
N10,2026-01-01T00:06:46,24.09,52.06,1007.21,0,none
N01,2026-01-01T00:06:47,28.39,59.98,1010.71,1,replay
N02,2026-01-01T00:06:47,23.92,52.65,1006.83,0,none
N03,2026-01-01T00:06:47,25.06,47.96,1006.63,0,none
N04,2026-01-01T00:06:47,23.79,49.1,1005.95,0,none
N05,2026-01-01T00:06:47,23.55,49.15,1007.22,0,none
N06,2026-01-01T00:06:47,24.81,49.1,1006.75,0,none
N07,2026-01-01T00:06:47,25.52,49.82,1007.6,1,stuck
N08,2026-01-01T00:06:47,25.04,50.21,1005.48,0,none
N09,2026-01-01T00:06:47,25.65,50.31,1005.44,0,none
N10,2026-01-01T00:06:47,23.95,52.27,1006.91,0,none
N01,2026-01-01T00:06:48,28.69,59.56,1010.68,1,replay
N02,2026-01-01T00:06:48,24.22,52.3,1007.21,0,none
N03,2026-01-01T00:06:48,25.32,49.57,1006.18,0,none
N04,2026-01-01T00:06:48,23.72,48.26,1006.03,0,none
N05,2026-01-01T00:06:48,23.9,48.74,1006.79,0,none
N06,2026-01-01T00:06:48,24.67,49.81,1006.5,0,none
N07,2026-01-01T00:06:48,25.52,49.82,1007.6,1,stuck
N08,2026-01-01T00:06:48,24.97,49.71,1005.56,0,none
N09,2026-01-01T00:06:48,25.32,49.66,1005.39,0,none
N10,2026-01-01T00:06:48,23.87,51.65,1007.14,0,none
N01,2026-01-01T00:06:49,24.8,47.87,1005.62,0,none
N02,2026-01-01T00:06:49,24.15,52.51,1006.53,0,none
N03,2026-01-01T00:06:49,25.15,48.63,1006.52,0,none
N04,2026-01-01T00:06:49,23.7,51.01,1006.27,0,none
N05,2026-01-01T00:06:49,23.76,49.15,1006.73,0,none
N06,2026-01-01T00:06:49,24.96,49.5,1006.71,0,none
N07,2026-01-01T00:06:49,25.52,49.82,1007.6,1,stuck
N08,2026-01-01T00:06:49,25.13,49.92,1005.41,0,none
N09,2026-01-01T00:06:49,25.56,50.01,1005.44,0,none
N10,2026-01-01T00:06:49,23.96,52.48,1006.86,0,none
N01,2026-01-01T00:06:50,24.68,48.44,1006.25,0,none
N02,2026-01-01T00:06:50,24.08,51.54,1006.63,0,none
N03,2026-01-01T00:06:50,25.28,48.73,1006.22,0,none
N04,2026-01-01T00:06:50,23.91,49.4,1006.67,0,none
N05,2026-01-01T00:06:50,23.99,50.13,1007.41,0,none
N06,2026-01-01T00:06:50,24.61,49.25,1006.26,0,none
N07,2026-01-01T00:06:50,25.52,49.82,1007.6,1,stuck
N08,2026-01-01T00:06:50,24.94,50.44,1005.72,0,none
N09,2026-01-01T00:06:50,25.39,49.34,1005.32,0,none
N10,2026-01-01T00:06:50,23.88,52.54,1006.65,0,none
N01,2026-01-01T00:06:51,24.83,46.85,1005.85,0,none
N02,2026-01-01T00:06:51,23.98,51.5,1006.88,0,none
N03,2026-01-01T00:06:51,24.88,48.66,1006.52,0,none
N04,2026-01-01T00:06:51,23.67,49.83,1006.28,0,none
N05,2026-01-01T00:06:51,23.73,50.14,1006.64,0,none
N06,2026-01-01T00:06:51,24.75,49.63,1006.82,0,none
N07,2026-01-01T00:06:51,25.52,49.82,1007.6,1,stuck
N08,2026-01-01T00:06:51,24.84,49.83,1005.59,0,none
N09,2026-01-01T00:06:51,25.41,49.44,1005.6,0,none
N10,2026-01-01T00:06:51,23.98,53.5,1006.68,0,none
N01,2026-01-01T00:06:52,25.01,49.14,1005.84,0,none
N02,2026-01-01T00:06:52,24.29,51.25,1007.31,0,none
N03,2026-01-01T00:06:52,25.22,48.5,1006.56,0,none
N04,2026-01-01T00:06:52,24.12,48.72,1006.32,0,none
N05,2026-01-01T00:06:52,23.55,48.88,1006.72,0,none
N06,2026-01-01T00:06:52,24.66,50.48,1006.56,0,none
N07,2026-01-01T00:06:52,25.52,49.82,1007.6,1,stuck
N08,2026-01-01T00:06:52,24.9,50.71,1005.51,0,none
N09,2026-01-01T00:06:52,25.34,49.85,1005.6,0,none
N10,2026-01-01T00:06:52,23.86,52.87,1006.79,0,none
N01,2026-01-01T00:06:53,25.11,49.0,1006.12,0,none
N02,2026-01-01T00:06:53,24.22,51.96,1006.79,0,none
N03,2026-01-01T00:06:53,25.08,49.14,1006.3,0,none
N04,2026-01-01T00:06:53,23.7,50.24,1006.27,0,none
N05,2026-01-01T00:06:53,23.88,50.3,1006.52,0,none
N06,2026-01-01T00:06:53,24.57,49.42,1006.45,0,none
N07,2026-01-01T00:06:53,25.52,49.82,1007.6,1,stuck
N08,2026-01-01T00:06:53,25.12,49.5,1005.41,0,none
N09,2026-01-01T00:06:53,25.44,49.88,1005.06,0,none
N10,2026-01-01T00:06:53,23.84,52.37,1006.37,0,none
N01,2026-01-01T00:06:54,24.51,49.06,1005.59,0,none
N02,2026-01-01T00:06:54,23.85,52.23,1006.55,0,none
N03,2026-01-01T00:06:54,25.46,47.59,1005.79,0,none
N04,2026-01-01T00:06:54,23.55,49.62,1006.23,0,none
N05,2026-01-01T00:06:54,23.6,49.54,1006.64,0,none
N06,2026-01-01T00:06:54,24.45,49.74,1006.27,0,none
N07,2026-01-01T00:06:54,25.52,49.82,1007.6,1,stuck
N08,2026-01-01T00:06:54,24.7,50.02,1005.12,0,none
N09,2026-01-01T00:06:54,25.54,50.38,1005.2,0,none
N10,2026-01-01T00:06:54,23.92,52.54,1006.09,0,none
N01,2026-01-01T00:06:55,24.8,48.67,1005.42,0,none
N02,2026-01-01T00:06:55,24.07,52.0,1006.81,0,none
N03,2026-01-01T00:06:55,24.93,48.15,1006.49,0,none
N04,2026-01-01T00:06:55,23.66,49.02,1006.35,0,none
N05,2026-01-01T00:06:55,23.65,49.87,1006.41,0,none
N06,2026-01-01T00:06:55,24.58,49.55,1006.55,0,none
N07,2026-01-01T00:06:55,25.52,49.82,1007.6,1,stuck
N08,2026-01-01T00:06:55,25.06,50.26,1005.34,0,none
N09,2026-01-01T00:06:55,25.08,49.89,1005.3,0,none
N10,2026-01-01T00:06:55,24.19,52.91,1006.48,0,none
N01,2026-01-01T00:06:56,24.6,49.36,1005.02,0,none
N02,2026-01-01T00:06:56,24.05,52.31,1006.86,0,none
N03,2026-01-01T00:06:56,25.16,48.42,1005.64,0,none
N04,2026-01-01T00:06:56,23.49,49.63,1006.13,0,none
N05,2026-01-01T00:06:56,23.37,49.52,1006.41,0,none
N06,2026-01-01T00:06:56,24.74,49.35,1005.99,0,none
N07,2026-01-01T00:06:56,25.52,49.82,1007.6,1,stuck
N08,2026-01-01T00:06:56,24.83,50.11,1005.18,0,none
N09,2026-01-01T00:06:56,25.18,50.65,1004.66,0,none
N10,2026-01-01T00:06:56,23.34,52.29,1006.54,0,none
N01,2026-01-01T00:06:57,24.8,48.68,1005.23,0,none
N02,2026-01-01T00:06:57,23.93,51.37,1006.6,0,none
N03,2026-01-01T00:06:57,25.16,48.53,1006.27,0,none
N04,2026-01-01T00:06:57,23.49,49.26,1005.88,0,none
N05,2026-01-01T00:06:57,23.77,49.72,1006.51,0,none
N06,2026-01-01T00:06:57,24.39,49.55,1006.23,0,none
N07,2026-01-01T00:06:57,25.52,49.82,1007.6,1,stuck
N08,2026-01-01T00:06:57,24.82,49.4,1004.86,0,none
N09,2026-01-01T00:06:57,25.28,50.43,1005.22,0,none
N10,2026-01-01T00:06:57,27.36,63.4,1010.84,1,replay
N01,2026-01-01T00:06:58,24.61,48.62,1005.05,0,none
N02,2026-01-01T00:06:58,24.01,52.38,1006.18,0,none
N03,2026-01-01T00:06:58,25.23,48.78,1005.7,0,none
N04,2026-01-01T00:06:58,23.73,50.1,1006.0,0,none
N05,2026-01-01T00:06:58,23.73,48.17,1005.89,0,none
N06,2026-01-01T00:06:58,24.41,48.92,1006.68,0,none
N07,2026-01-01T00:06:58,25.52,49.82,1007.6,1,stuck
N08,2026-01-01T00:06:58,24.73,49.4,1004.68,0,none
N09,2026-01-01T00:06:58,25.31,50.73,1004.91,0,none
N10,2026-01-01T00:06:58,27.25,62.88,1011.21,1,replay
N01,2026-01-01T00:06:59,24.81,47.83,1005.29,0,none
N02,2026-01-01T00:06:59,23.89,51.21,1006.29,0,none
N03,2026-01-01T00:06:59,25.31,48.79,1005.09,0,none
N04,2026-01-01T00:06:59,23.9,49.65,1006.39,0,none
N05,2026-01-01T00:06:59,23.42,49.06,1005.66,0,none
N06,2026-01-01T00:06:59,24.46,48.97,1006.2,0,none
N07,2026-01-01T00:06:59,25.52,49.82,1007.6,1,stuck
N08,2026-01-01T00:06:59,24.58,49.47,1004.86,0,none
N09,2026-01-01T00:06:59,25.16,49.67,1004.43,0,none
N10,2026-01-01T00:06:59,27.21,63.26,1010.93,1,replay
N01,2026-01-01T00:07:00,24.44,47.13,1005.42,0,none
N02,2026-01-01T00:07:00,23.94,51.62,1006.58,0,none
N03,2026-01-01T00:07:00,25.21,48.92,1006.02,0,none
N04,2026-01-01T00:07:00,23.56,49.57,1005.8,0,none
N05,2026-01-01T00:07:00,23.33,48.64,1006.06,0,none
N06,2026-01-01T00:07:00,24.64,49.34,1005.72,0,none
N07,2026-01-01T00:07:00,25.52,49.82,1007.6,1,stuck
N08,2026-01-01T00:07:00,24.8,50.19,1004.57,0,none
N09,2026-01-01T00:07:00,25.31,49.83,1004.36,0,none
N10,2026-01-01T00:07:00,27.21,62.63,1011.05,1,replay
N01,2026-01-01T00:07:01,24.72,47.97,1005.07,0,none
N02,2026-01-01T00:07:01,23.71,51.61,1005.9,0,none
N03,2026-01-01T00:07:01,25.19,48.66,1005.44,0,none
N04,2026-01-01T00:07:01,23.5,48.96,1006.17,0,none
N05,2026-01-01T00:07:01,23.57,49.24,1006.26,0,none
N06,2026-01-01T00:07:01,24.65,47.93,1006.58,0,none
N07,2026-01-01T00:07:01,25.52,49.82,1007.6,1,stuck
N08,2026-01-01T00:07:01,24.7,50.44,1005.11,0,none
N09,2026-01-01T00:07:01,25.13,49.78,1005.02,0,none
N10,2026-01-01T00:07:01,27.15,62.97,1011.0,1,replay
N01,2026-01-01T00:07:02,24.54,47.91,1006.0,0,none
N02,2026-01-01T00:07:02,23.56,52.08,1006.85,0,none
N03,2026-01-01T00:07:02,24.94,48.8,1005.91,0,none
N04,2026-01-01T00:07:02,23.31,48.29,1005.47,0,none
N05,2026-01-01T00:07:02,23.75,49.63,1006.82,0,none
N06,2026-01-01T00:07:02,24.42,49.74,1006.62,0,none
N07,2026-01-01T00:07:02,25.52,49.82,1007.6,1,stuck
N08,2026-01-01T00:07:02,24.36,49.32,1004.85,0,none
N09,2026-01-01T00:07:02,24.96,49.81,1005.04,0,none
N10,2026-01-01T00:07:02,27.18,62.22,1010.78,1,replay
N01,2026-01-01T00:07:03,24.69,48.13,1005.36,0,none
N02,2026-01-01T00:07:03,23.89,51.45,1006.45,0,none
N03,2026-01-01T00:07:03,24.81,48.07,1005.25,0,none
N04,2026-01-01T00:07:03,23.15,49.58,1005.66,0,none
N05,2026-01-01T00:07:03,23.23,49.92,1006.29,0,none
N06,2026-01-01T00:07:03,24.32,48.3,1005.91,0,none
N07,2026-01-01T00:07:03,25.52,49.82,1007.6,1,stuck
N08,2026-01-01T00:07:03,24.74,48.79,1005.07,0,none
N09,2026-01-01T00:07:03,25.13,49.23,1004.53,0,none
N10,2026-01-01T00:07:03,27.19,63.29,1011.1,1,replay
N01,2026-01-01T00:07:04,24.1,48.95,1005.09,0,none
N02,2026-01-01T00:07:04,23.99,51.35,1006.63,0,none
N03,2026-01-01T00:07:04,24.94,47.71,1005.9,0,none
N04,2026-01-01T00:07:04,23.29,49.31,1006.09,0,none
N05,2026-01-01T00:07:04,23.6,48.96,1006.08,0,none
N06,2026-01-01T00:07:04,24.47,48.84,1006.19,0,none
N07,2026-01-01T00:07:04,25.52,49.82,1007.6,1,stuck
N08,2026-01-01T00:07:04,24.76,49.56,1004.82,0,none
N09,2026-01-01T00:07:04,25.08,49.11,1004.86,0,none
N10,2026-01-01T00:07:04,27.01,62.15,1010.9,1,replay
N01,2026-01-01T00:07:05,24.48,47.72,1004.94,0,none
N02,2026-01-01T00:07:05,23.88,51.47,1006.69,0,none
N03,2026-01-01T00:07:05,24.9,48.61,1005.61,0,none
N04,2026-01-01T00:07:05,23.4,49.33,1005.88,0,none
N05,2026-01-01T00:07:05,23.49,49.49,1006.09,0,none
N06,2026-01-01T00:07:05,24.25,48.62,1005.72,0,none
N07,2026-01-01T00:07:05,25.52,49.82,1007.6,1,stuck
N08,2026-01-01T00:07:05,24.88,49.7,1004.62,0,none
N09,2026-01-01T00:07:05,25.3,48.83,1004.8,0,none
N10,2026-01-01T00:07:05,27.39,62.07,1010.86,1,replay
N01,2026-01-01T00:07:06,24.39,48.15,1004.6,0,none
N02,2026-01-01T00:07:06,27.49,61.38,1011.84,1,replay
N03,2026-01-01T00:07:06,24.94,49.28,1005.9,0,none
N04,2026-01-01T00:07:06,23.4,48.42,1005.43,0,none
N05,2026-01-01T00:07:06,23.46,49.36,1006.48,0,none
N06,2026-01-01T00:07:06,24.1,49.08,1006.06,0,none
N07,2026-01-01T00:07:06,25.52,49.82,1007.6,1,stuck
N08,2026-01-01T00:07:06,24.45,49.72,1004.67,0,none
N09,2026-01-01T00:07:06,25.2,49.33,1004.91,0,none
N10,2026-01-01T00:07:06,27.0,62.41,1011.02,1,replay
N01,2026-01-01T00:07:07,24.57,48.36,1005.21,0,none
N02,2026-01-01T00:07:07,27.5,62.48,1011.2,1,replay
N03,2026-01-01T00:07:07,24.96,48.06,1005.52,0,none
N04,2026-01-01T00:07:07,23.37,49.34,1006.31,0,none
N05,2026-01-01T00:07:07,23.2,48.38,1006.49,0,none
N06,2026-01-01T00:07:07,24.53,49.48,1005.93,0,none
N07,2026-01-01T00:07:07,25.52,49.82,1007.6,1,stuck
N08,2026-01-01T00:07:07,24.71,49.45,1005.29,0,none
N09,2026-01-01T00:07:07,25.37,49.21,1004.72,0,none
N10,2026-01-01T00:07:07,27.18,62.04,1010.95,1,replay
N01,2026-01-01T00:07:08,24.71,47.63,1005.44,0,none
N02,2026-01-01T00:07:08,27.46,62.41,1011.4,1,replay
N03,2026-01-01T00:07:08,25.21,47.83,1005.87,0,none
N04,2026-01-01T00:07:08,23.69,49.5,1005.96,0,none
N05,2026-01-01T00:07:08,23.52,48.43,1006.22,0,none
N06,2026-01-01T00:07:08,24.44,48.89,1006.65,0,none
N07,2026-01-01T00:07:08,25.52,49.82,1007.6,1,stuck
N08,2026-01-01T00:07:08,24.59,49.31,1004.96,0,none
N09,2026-01-01T00:07:08,25.11,48.12,1004.9,0,none
N10,2026-01-01T00:07:08,27.14,61.6,1010.87,1,replay
N01,2026-01-01T00:07:09,24.65,48.13,1004.94,0,none
N02,2026-01-01T00:07:09,27.39,61.65,1010.62,1,replay
N03,2026-01-01T00:07:09,24.95,47.85,1005.78,0,none
N04,2026-01-01T00:07:09,23.62,49.11,1005.84,0,none
N05,2026-01-01T00:07:09,23.2,48.83,1006.36,0,none
N06,2026-01-01T00:07:09,24.35,48.31,1006.44,0,none
N07,2026-01-01T00:07:09,25.52,49.82,1007.6,1,stuck
N08,2026-01-01T00:07:09,24.26,49.84,1005.04,0,none
N09,2026-01-01T00:07:09,25.36,49.55,1005.53,0,none
N10,2026-01-01T00:07:09,26.94,62.03,1010.25,1,replay
N01,2026-01-01T00:07:10,24.75,48.11,1005.4,0,none
N02,2026-01-01T00:07:10,27.6,61.9,1011.12,1,replay
N03,2026-01-01T00:07:10,25.27,47.94,1006.26,0,none
N04,2026-01-01T00:07:10,23.56,49.03,1005.56,0,none
N05,2026-01-01T00:07:10,23.43,48.02,1005.92,0,none
N06,2026-01-01T00:07:10,24.48,49.11,1006.5,0,none
N07,2026-01-01T00:07:10,25.52,49.82,1007.6,1,stuck
N08,2026-01-01T00:07:10,24.72,49.45,1004.74,0,none
N09,2026-01-01T00:07:10,24.99,49.49,1005.37,0,none
N10,2026-01-01T00:07:10,27.04,62.71,1010.08,1,replay
N01,2026-01-01T00:07:11,24.52,47.51,1005.74,0,none
N02,2026-01-01T00:07:11,27.43,61.59,1011.07,1,replay
N03,2026-01-01T00:07:11,24.86,47.39,1005.29,0,none
N04,2026-01-01T00:07:11,23.49,48.87,1006.62,0,none
N05,2026-01-01T00:07:11,23.59,47.87,1006.21,0,none
N06,2026-01-01T00:07:11,24.42,48.76,1006.26,0,none
N07,2026-01-01T00:07:11,25.52,49.82,1007.6,1,stuck
N08,2026-01-01T00:07:11,24.72,48.57,1004.71,0,none
N09,2026-01-01T00:07:11,25.54,49.37,1004.73,0,none
N10,2026-01-01T00:07:11,27.3,62.14,1010.28,1,replay
N01,2026-01-01T00:07:12,24.9,47.26,1005.48,0,none
N02,2026-01-01T00:07:12,27.52,61.83,1010.47,1,replay
N03,2026-01-01T00:07:12,25.36,47.67,1006.15,0,none
N04,2026-01-01T00:07:12,23.42,48.22,1005.86,0,none
N05,2026-01-01T00:07:12,23.35,48.34,1006.41,0,none
N06,2026-01-01T00:07:12,24.52,48.39,1005.98,0,none
N07,2026-01-01T00:07:12,24.88,47.4,1006.21,0,none
N08,2026-01-01T00:07:12,24.79,49.12,1004.87,0,none
N09,2026-01-01T00:07:12,25.05,49.29,1004.97,0,none
N10,2026-01-01T00:07:12,26.87,62.58,1010.68,1,replay
N01,2026-01-01T00:07:13,24.68,47.48,1005.4,0,none
N02,2026-01-01T00:07:13,27.47,61.44,1011.39,1,replay
N03,2026-01-01T00:07:13,24.98,48.19,1005.98,0,none
N04,2026-01-01T00:07:13,23.22,48.36,1006.49,0,none
N05,2026-01-01T00:07:13,23.62,48.54,1006.58,0,none
N06,2026-01-01T00:07:13,24.58,49.65,1006.12,0,none
N07,2026-01-01T00:07:13,25.18,47.42,1006.56,0,none
N08,2026-01-01T00:07:13,24.57,49.55,1004.75,0,none
N09,2026-01-01T00:07:13,25.43,49.26,1005.1,0,none
N10,2026-01-01T00:07:13,26.8,61.76,1009.99,1,replay
N01,2026-01-01T00:07:14,24.64,47.51,1005.52,0,none
N02,2026-01-01T00:07:14,27.44,61.59,1010.84,1,replay
N03,2026-01-01T00:07:14,25.29,49.15,1005.07,0,none
N04,2026-01-01T00:07:14,23.37,48.85,1005.51,0,none
N05,2026-01-01T00:07:14,23.48,48.12,1006.16,0,none
N06,2026-01-01T00:07:14,24.43,49.02,1006.51,0,none
N07,2026-01-01T00:07:14,24.73,48.11,1006.28,0,none
N08,2026-01-01T00:07:14,25.03,48.67,1005.34,0,none
N09,2026-01-01T00:07:14,25.24,49.68,1005.53,0,none
N10,2026-01-01T00:07:14,26.91,62.03,1010.53,1,replay
N01,2026-01-01T00:07:15,24.93,46.88,1005.94,0,none
N02,2026-01-01T00:07:15,27.28,61.27,1011.05,1,replay
N03,2026-01-01T00:07:15,24.87,48.48,1005.72,0,none
N04,2026-01-01T00:07:15,23.59,49.13,1005.98,0,none
N05,2026-01-01T00:07:15,23.45,47.94,1006.45,0,none
N06,2026-01-01T00:07:15,23.93,48.75,1006.25,0,none
N07,2026-01-01T00:07:15,25.06,47.65,1006.45,0,none
N08,2026-01-01T00:07:15,24.88,49.1,1005.14,0,none
N09,2026-01-01T00:07:15,24.93,50.53,1005.09,0,none
N10,2026-01-01T00:07:15,26.73,60.82,1011.07,1,replay
N01,2026-01-01T00:07:16,24.71,47.08,1005.2,0,none
N02,2026-01-01T00:07:16,27.23,61.76,1010.9,1,replay
N03,2026-01-01T00:07:16,25.15,46.86,1005.45,0,none
N04,2026-01-01T00:07:16,23.39,49.08,1005.63,0,none
N05,2026-01-01T00:07:16,23.34,48.24,1006.05,0,none
N06,2026-01-01T00:07:16,24.43,48.87,1006.49,0,none
N07,2026-01-01T00:07:16,24.92,47.37,1006.78,0,none
N08,2026-01-01T00:07:16,24.87,49.26,1005.18,0,none
N09,2026-01-01T00:07:16,25.19,50.29,1004.97,0,none
N10,2026-01-01T00:07:16,27.22,61.78,1010.69,1,replay
N01,2026-01-01T00:07:17,29.41,62.69,1012.1,1,replay
N02,2026-01-01T00:07:17,27.56,61.92,1011.14,1,replay
N03,2026-01-01T00:07:17,25.03,47.8,1005.83,0,none
N04,2026-01-01T00:07:17,23.52,48.4,1005.92,0,none
N05,2026-01-01T00:07:17,23.51,48.86,1006.09,0,none
N06,2026-01-01T00:07:17,24.35,48.1,1006.04,0,none
N07,2026-01-01T00:07:17,24.73,48.16,1006.58,0,none
N08,2026-01-01T00:07:17,24.64,49.23,1004.84,0,none
N09,2026-01-01T00:07:17,24.94,49.83,1004.73,0,none
N10,2026-01-01T00:07:17,23.24,52.18,1005.74,0,none
N01,2026-01-01T00:07:18,29.37,62.0,1012.16,1,replay
N02,2026-01-01T00:07:18,26.85,61.85,1010.32,1,replay
N03,2026-01-01T00:07:18,25.28,48.37,1005.65,0,none
N04,2026-01-01T00:07:18,23.38,48.24,1005.97,0,none
N05,2026-01-01T00:07:18,23.59,48.89,1006.34,0,none
N06,2026-01-01T00:07:18,24.41,48.14,1006.03,0,none
N07,2026-01-01T00:07:18,25.11,47.61,1006.17,0,none
N08,2026-01-01T00:07:18,24.67,49.77,1005.2,0,none
N09,2026-01-01T00:07:18,25.07,49.34,1005.0,0,none
N10,2026-01-01T00:07:18,23.61,51.51,1006.24,0,none
N01,2026-01-01T00:07:19,29.8,63.41,1012.46,1,replay
N02,2026-01-01T00:07:19,27.27,60.81,1010.15,1,replay
N03,2026-01-01T00:07:19,24.96,47.25,1005.7,0,none
N04,2026-01-01T00:07:19,23.43,48.44,1005.54,0,none
N05,2026-01-01T00:07:19,23.17,48.06,1006.74,0,none
N06,2026-01-01T00:07:19,24.33,48.64,1005.77,0,none
N07,2026-01-01T00:07:19,24.92,46.6,1006.41,0,none
N08,2026-01-01T00:07:19,24.64,48.96,1005.23,0,none
N09,2026-01-01T00:07:19,25.26,49.14,1005.21,0,none
N10,2026-01-01T00:07:19,23.7,51.6,1005.89,0,none
N01,2026-01-01T00:07:20,29.41,63.77,1011.66,1,replay
N02,2026-01-01T00:07:20,27.13,61.41,1010.81,1,replay
N03,2026-01-01T00:07:20,25.15,48.43,1005.8,0,none
N04,2026-01-01T00:07:20,23.36,48.19,1006.12,0,none
N05,2026-01-01T00:07:20,23.41,47.47,1006.32,0,none
N06,2026-01-01T00:07:20,24.57,48.69,1006.37,0,none
N07,2026-01-01T00:07:20,25.15,47.63,1006.72,0,none
N08,2026-01-01T00:07:20,24.69,48.83,1005.08,0,none
N09,2026-01-01T00:07:20,25.05,49.71,1005.21,0,none
N10,2026-01-01T00:07:20,23.97,51.37,1005.78,0,none
N01,2026-01-01T00:07:21,29.3,62.5,1012.37,1,replay
N02,2026-01-01T00:07:21,27.1,62.35,1010.9,1,replay
N03,2026-01-01T00:07:21,25.05,47.69,1005.89,0,none
N04,2026-01-01T00:07:21,23.65,48.93,1005.92,0,none
N05,2026-01-01T00:07:21,23.82,48.72,1006.11,0,none
N06,2026-01-01T00:07:21,24.39,48.26,1006.01,0,none
N07,2026-01-01T00:07:21,25.0,47.9,1006.89,0,none
N08,2026-01-01T00:07:21,24.85,49.41,1004.51,0,none
N09,2026-01-01T00:07:21,25.29,49.72,1004.74,0,none
N10,2026-01-01T00:07:21,23.57,51.76,1006.39,0,none
N01,2026-01-01T00:07:22,29.62,61.99,1012.2,1,replay
N02,2026-01-01T00:07:22,27.17,61.72,1010.17,1,replay
N03,2026-01-01T00:07:22,25.24,48.17,1005.65,0,none
N04,2026-01-01T00:07:22,23.61,49.56,,0,none
N05,2026-01-01T00:07:22,23.56,49.56,1006.35,0,none
N06,2026-01-01T00:07:22,24.42,49.11,1005.88,0,none
N07,2026-01-01T00:07:22,25.16,48.62,1006.85,0,none
N08,2026-01-01T00:07:22,24.93,,1005.64,0,none
N09,2026-01-01T00:07:22,25.22,49.25,1004.13,0,none
N10,2026-01-01T00:07:22,23.89,51.73,1005.52,0,none
N01,2026-01-01T00:07:23,29.6,62.54,1012.3,1,replay
N02,2026-01-01T00:07:23,27.16,61.67,1010.75,1,replay
N03,2026-01-01T00:07:23,25.12,47.88,1005.28,0,none
N04,2026-01-01T00:07:23,23.35,49.37,1005.92,0,none
N05,2026-01-01T00:07:23,23.65,48.86,1005.69,0,none
N06,2026-01-01T00:07:23,24.55,48.91,1006.0,0,none
N07,2026-01-01T00:07:23,24.89,48.39,1006.6,0,none
N08,2026-01-01T00:07:23,24.8,49.56,1005.22,0,none
N09,2026-01-01T00:07:23,24.91,49.08,1005.4,0,none
N10,2026-01-01T00:07:23,23.72,51.72,1006.35,0,none
N01,2026-01-01T00:07:24,29.61,62.28,1012.58,1,replay
N02,2026-01-01T00:07:24,27.02,61.91,1010.75,1,replay
N03,2026-01-01T00:07:24,25.25,48.54,1005.93,0,none
N04,2026-01-01T00:07:24,23.56,48.83,1005.99,0,none
N05,2026-01-01T00:07:24,23.35,48.16,1006.19,0,none
N06,2026-01-01T00:07:24,24.46,49.6,1006.27,0,none
N07,2026-01-01T00:07:24,25.04,47.31,1006.72,0,none
N08,2026-01-01T00:07:24,24.34,49.57,1005.13,0,none
N09,2026-01-01T00:07:24,25.13,49.17,1004.73,0,none
N10,2026-01-01T00:07:24,23.59,52.12,1006.15,0,none
N01,2026-01-01T00:07:25,29.53,62.17,1012.18,1,replay
N02,2026-01-01T00:07:25,26.76,61.31,1010.8,1,replay
N03,2026-01-01T00:07:25,25.29,47.61,1005.35,0,none
N04,2026-01-01T00:07:25,23.72,48.76,1006.17,0,none
N05,2026-01-01T00:07:25,23.23,48.92,1006.15,0,none
N06,2026-01-01T00:07:25,24.33,49.34,1006.09,0,none
N07,2026-01-01T00:07:25,24.84,48.06,1006.8,0,none
N08,2026-01-01T00:07:25,24.54,50.04,1005.12,0,none
N09,2026-01-01T00:07:25,25.12,49.65,1004.69,0,none
N10,2026-01-01T00:07:25,23.59,52.68,1006.51,0,none
N01,2026-01-01T00:07:26,29.84,62.11,1012.3,1,replay
N02,2026-01-01T00:07:26,27.04,62.13,1010.77,1,replay
N03,2026-01-01T00:07:26,25.19,48.35,1006.27,0,none
N04,2026-01-01T00:07:26,23.43,48.83,1006.16,0,none
N05,2026-01-01T00:07:26,23.37,49.03,1005.96,0,none
N06,2026-01-01T00:07:26,24.93,48.72,1006.51,1,drift
N07,2026-01-01T00:07:26,24.71,48.18,1006.45,0,none
N08,2026-01-01T00:07:26,24.73,49.46,1005.23,0,none
N09,2026-01-01T00:07:26,25.23,49.43,1005.24,0,none
N10,2026-01-01T00:07:26,23.9,51.77,1006.25,0,none
N01,2026-01-01T00:07:27,29.33,62.33,1012.33,1,replay
N02,2026-01-01T00:07:27,27.07,62.59,1010.15,1,replay
N03,2026-01-01T00:07:27,25.01,48.85,1005.65,0,none
N04,2026-01-01T00:07:27,23.66,48.84,1005.79,0,none
N05,2026-01-01T00:07:27,23.78,48.45,1006.88,0,none
N06,2026-01-01T00:07:27,25.07,50.19,1006.99,1,drift
N07,2026-01-01T00:07:27,25.05,48.03,1006.75,0,none
N08,2026-01-01T00:07:27,24.54,50.1,1004.97,0,none
N09,2026-01-01T00:07:27,24.98,50.56,1004.12,0,none
N10,2026-01-01T00:07:27,23.68,51.37,1006.06,0,none
N01,2026-01-01T00:07:28,29.42,63.06,1012.16,1,replay
N02,2026-01-01T00:07:28,26.92,61.4,1010.64,1,replay
N03,2026-01-01T00:07:28,25.1,47.98,1005.77,0,none
N04,2026-01-01T00:07:28,23.65,49.54,1005.37,0,none
N05,2026-01-01T00:07:28,23.82,48.43,1006.52,0,none
N06,2026-01-01T00:07:28,25.56,51.49,1007.74,1,drift
N07,2026-01-01T00:07:28,25.07,47.56,1007.03,0,none
N08,2026-01-01T00:07:28,24.69,49.28,1005.64,0,none
N09,2026-01-01T00:07:28,25.38,49.79,1004.3,0,none
N10,2026-01-01T00:07:28,23.77,52.27,1006.03,0,none
N01,2026-01-01T00:07:29,29.44,61.87,1011.97,1,replay
N02,2026-01-01T00:07:29,27.12,60.85,1010.39,1,replay
N03,2026-01-01T00:07:29,25.04,48.74,1005.68,0,none
N04,2026-01-01T00:07:29,23.64,48.3,1006.2,0,none
N05,2026-01-01T00:07:29,23.35,49.23,1006.07,0,none
N06,2026-01-01T00:07:29,25.54,51.97,1008.68,1,drift
N07,2026-01-01T00:07:29,25.09,48.11,1006.81,0,none
N08,2026-01-01T00:07:29,24.72,49.6,1004.97,0,none
N09,2026-01-01T00:07:29,25.44,49.59,1005.06,0,none
N10,2026-01-01T00:07:29,23.35,51.34,1006.14,0,none
N01,2026-01-01T00:07:30,29.56,62.9,1011.61,1,replay
N02,2026-01-01T00:07:30,26.85,59.97,1010.26,1,replay
N03,2026-01-01T00:07:30,25.14,48.29,1005.78,0,none
N04,2026-01-01T00:07:30,23.54,49.55,1005.72,0,none
N05,2026-01-01T00:07:30,23.43,49.75,1006.13,0,none
N06,2026-01-01T00:07:30,25.84,52.45,1008.89,1,drift
N07,2026-01-01T00:07:30,25.07,47.32,1006.64,0,none
N08,2026-01-01T00:07:30,24.94,49.96,1005.25,0,none
N09,2026-01-01T00:07:30,24.97,49.79,1004.81,0,none
N10,2026-01-01T00:07:30,23.84,52.7,1006.24,0,none
N01,2026-01-01T00:07:31,29.35,61.9,1011.56,1,replay
N02,2026-01-01T00:07:31,26.8,61.02,1009.77,1,replay
N03,2026-01-01T00:07:31,25.27,48.69,1004.96,0,none
N04,2026-01-01T00:07:31,23.64,49.72,1005.88,0,none
N05,2026-01-01T00:07:31,24.01,49.06,1006.36,0,none
N06,2026-01-01T00:07:31,26.07,51.8,1009.83,1,drift
N07,2026-01-01T00:07:31,24.86,47.81,1006.77,0,none
N08,2026-01-01T00:07:31,25.03,49.67,1004.53,0,none
N09,2026-01-01T00:07:31,25.31,50.09,1004.76,0,none
N10,2026-01-01T00:07:31,35.68,72.98,996.72,1,spoof
N01,2026-01-01T00:07:32,29.62,61.68,1011.83,1,replay
N02,2026-01-01T00:07:32,27.19,59.44,1009.43,1,replay
N03,2026-01-01T00:07:32,25.09,47.79,1005.65,0,none
N04,2026-01-01T00:07:32,23.98,48.58,1005.58,0,none
N05,2026-01-01T00:07:32,23.51,49.02,1005.79,0,none
N06,2026-01-01T00:07:32,26.25,53.57,1009.78,1,drift
N07,2026-01-01T00:07:32,24.95,47.52,1006.88,0,none
N08,2026-01-01T00:07:32,25.1,49.9,1004.79,0,none
N09,2026-01-01T00:07:32,25.43,50.3,1005.1,0,none
N10,2026-01-01T00:07:32,35.94,64.77,1025.61,1,spoof
N01,2026-01-01T00:07:33,29.2,62.01,1011.15,1,replay
N02,2026-01-01T00:07:33,26.79,61.6,1009.6,1,replay
N03,2026-01-01T00:07:33,25.37,49.01,1005.54,0,none
N04,2026-01-01T00:07:33,23.63,49.26,1005.7,0,none
N05,2026-01-01T00:07:33,23.81,48.89,1006.26,0,none
N06,2026-01-01T00:07:33,26.62,53.92,1010.4,1,drift
N07,2026-01-01T00:07:33,25.27,47.34,1006.07,0,none
N08,2026-01-01T00:07:33,24.72,49.6,1005.32,0,none
N09,2026-01-01T00:07:33,25.51,49.41,1005.15,0,none
N10,2026-01-01T00:07:33,37.41,60.32,1004.79,1,spoof
N01,2026-01-01T00:07:34,29.64,61.97,1011.93,1,replay
N02,2026-01-01T00:07:34,26.78,60.6,1009.55,1,replay
N03,2026-01-01T00:07:34,25.2,48.21,1005.36,0,none
N04,2026-01-01T00:07:34,23.58,49.7,1005.76,0,none
N05,2026-01-01T00:07:34,31.6,35.18,1019.99,1,spoof
N06,2026-01-01T00:07:34,26.8,54.6,1011.48,1,drift
N07,2026-01-01T00:07:34,25.06,48.15,1006.3,0,none
N08,2026-01-01T00:07:34,25.13,50.53,1005.01,0,none
N09,2026-01-01T00:07:34,25.36,50.13,1004.81,0,none
N10,2026-01-01T00:07:34,35.3,35.36,983.49,1,spoof
N01,2026-01-01T00:07:35,29.38,62.05,1011.82,1,replay
N02,2026-01-01T00:07:35,26.79,60.08,1009.92,1,replay
N03,2026-01-01T00:07:35,25.18,48.08,1005.89,0,none
N04,2026-01-01T00:07:35,23.23,49.54,1005.66,0,none
N05,2026-01-01T00:07:35,16.26,74.38,982.96,1,spoof
N06,2026-01-01T00:07:35,26.8,55.1,1012.16,1,drift
N07,2026-01-01T00:07:35,24.83,48.28,1006.48,0,none
N08,2026-01-01T00:07:35,24.94,50.57,1004.99,0,none
N09,2026-01-01T00:07:35,25.18,49.21,1005.29,0,none
N10,2026-01-01T00:07:35,39.53,76.15,1030.81,1,spoof
N01,2026-01-01T00:07:36,29.28,60.92,1011.95,1,replay
N02,2026-01-01T00:07:36,26.64,60.58,1009.71,1,replay
N03,2026-01-01T00:07:36,25.1,48.33,1005.54,0,none
N04,2026-01-01T00:07:36,23.67,49.49,1004.95,0,none
N05,2026-01-01T00:07:36,31.68,66.38,1008.46,1,spoof
N06,2026-01-01T00:07:36,27.05,56.12,1012.28,1,drift
N07,2026-01-01T00:07:36,24.83,48.68,1006.84,0,none
N08,2026-01-01T00:07:36,24.97,49.89,1004.43,0,none
N09,2026-01-01T00:07:36,25.49,50.03,1004.71,0,none
N10,2026-01-01T00:07:36,24.91,76.56,1018.39,1,spoof
N01,2026-01-01T00:07:37,29.45,61.41,1012.05,1,replay
N02,2026-01-01T00:07:37,26.64,60.87,1009.47,1,replay
N03,2026-01-01T00:07:37,24.98,47.93,1005.32,0,none
N04,2026-01-01T00:07:37,23.68,48.74,1005.97,0,none
N05,2026-01-01T00:07:37,29.52,44.51,999.08,1,spoof
N06,2026-01-01T00:07:37,27.45,55.83,1013.17,1,drift
N07,2026-01-01T00:07:37,24.94,48.34,1006.21,0,none
N08,2026-01-01T00:07:37,24.87,49.39,1005.01,0,none
N09,2026-01-01T00:07:37,25.13,50.05,1004.88,0,none
N10,2026-01-01T00:07:37,26.02,83.52,1026.84,1,spoof
N01,2026-01-01T00:07:38,29.57,61.84,1011.87,1,replay
N02,2026-01-01T00:07:38,26.87,60.35,1009.71,1,replay
N03,2026-01-01T00:07:38,25.33,47.85,1005.55,0,none
N04,2026-01-01T00:07:38,23.56,49.51,1006.22,0,none
N05,2026-01-01T00:07:38,29.86,68.32,1011.37,1,spoof
N06,2026-01-01T00:07:38,27.52,57.13,1013.39,1,drift
N07,2026-01-01T00:07:38,25.03,48.69,1006.52,0,none
N08,2026-01-01T00:07:38,24.79,49.54,1005.47,0,none
N09,2026-01-01T00:07:38,25.47,49.27,1004.59,0,none
N10,2026-01-01T00:07:38,30.02,38.95,990.87,1,spoof
N01,2026-01-01T00:07:39,29.29,61.44,1011.38,1,replay
N02,2026-01-01T00:07:39,26.9,60.16,1009.36,1,replay
N03,2026-01-01T00:07:39,25.21,47.83,1005.9,0,none
N04,2026-01-01T00:07:39,23.96,49.64,1005.61,0,none
N05,2026-01-01T00:07:39,33.37,47.3,981.49,1,spoof
N06,2026-01-01T00:07:39,28.41,57.66,1014.13,1,drift
N07,2026-01-01T00:07:39,25.04,47.8,1006.43,0,none
N08,2026-01-01T00:07:39,24.73,48.74,1004.65,0,none
N09,2026-01-01T00:07:39,25.28,50.4,1004.53,0,none
N10,2026-01-01T00:07:39,21.36,73.47,996.84,1,spoof
N01,2026-01-01T00:07:40,29.7,62.4,1011.49,1,replay
N02,2026-01-01T00:07:40,26.7,60.47,1009.91,1,replay
N03,2026-01-01T00:07:40,25.01,48.39,1005.37,0,none
N04,2026-01-01T00:07:40,23.78,48.55,1006.35,0,none
N05,2026-01-01T00:07:40,35.75,61.06,994.42,1,spoof
N06,2026-01-01T00:07:40,28.48,58.02,1014.87,1,drift
N07,2026-01-01T00:07:40,25.02,46.74,1006.79,0,none
N08,2026-01-01T00:07:40,24.96,50.33,1004.66,0,none
N09,2026-01-01T00:07:40,25.4,49.19,1004.76,0,none
N10,2026-01-01T00:07:40,15.59,73.44,998.34,1,spoof
N01,2026-01-01T00:07:41,29.34,61.86,1011.85,1,replay
N02,2026-01-01T00:07:41,26.39,59.76,1009.87,1,replay
N03,2026-01-01T00:07:41,25.23,48.4,1006.11,0,none
N04,2026-01-01T00:07:41,23.97,49.46,1006.0,0,none
N05,2026-01-01T00:07:41,34.71,50.72,1017.73,1,spoof
N06,2026-01-01T00:07:41,28.45,58.39,1015.5,1,drift
N07,2026-01-01T00:07:41,25.03,47.82,1006.87,0,none
N08,2026-01-01T00:07:41,24.93,49.17,1004.65,0,none
N09,2026-01-01T00:07:41,25.13,50.1,1005.04,0,none
N10,2026-01-01T00:07:41,29.92,76.31,1021.2,1,spoof
N01,2026-01-01T00:07:42,29.21,62.2,1011.33,1,replay
N02,2026-01-01T00:07:42,26.7,60.16,1009.63,1,replay
N03,2026-01-01T00:07:42,25.07,48.17,1005.99,0,none
N04,2026-01-01T00:07:42,23.63,49.18,1006.32,0,none
N05,2026-01-01T00:07:42,35.15,50.64,1021.51,1,spoof
N06,2026-01-01T00:07:42,28.56,58.89,1015.93,1,drift
N07,2026-01-01T00:07:42,24.93,47.55,1006.38,0,none
N08,2026-01-01T00:07:42,24.66,48.96,1005.46,0,none
N09,2026-01-01T00:07:42,25.28,49.36,1005.05,0,none
N10,2026-01-01T00:07:42,32.22,71.91,1035.43,1,spoof
N01,2026-01-01T00:07:43,29.16,61.03,1011.49,1,replay
N02,2026-01-01T00:07:43,26.61,60.24,1009.71,1,replay
N03,2026-01-01T00:07:43,25.32,47.26,1005.47,0,none
N04,2026-01-01T00:07:43,23.36,48.52,1005.35,0,none
N05,2026-01-01T00:07:43,28.14,60.67,1027.01,1,spoof
N06,2026-01-01T00:07:43,29.12,59.23,1017.01,1,drift
N07,2026-01-01T00:07:43,24.71,47.06,1006.47,0,none
N08,2026-01-01T00:07:43,24.86,50.23,1005.18,0,none
N09,2026-01-01T00:07:43,25.43,49.09,1004.85,0,none
N10,2026-01-01T00:07:43,28.5,85.06,987.5,1,spoof
N01,2026-01-01T00:07:44,29.26,60.61,1011.35,1,replay
N02,2026-01-01T00:07:44,26.62,60.32,1008.98,1,replay
N03,2026-01-01T00:07:44,25.4,48.48,1005.49,0,none
N04,2026-01-01T00:07:44,23.62,48.4,1005.82,0,none
N05,2026-01-01T00:07:44,16.15,70.77,1013.18,1,spoof
N06,2026-01-01T00:07:44,29.29,59.62,1017.47,1,drift
N07,2026-01-01T00:07:44,25.07,47.24,1006.81,0,none
N08,2026-01-01T00:07:44,24.73,49.0,1004.83,0,none
N09,2026-01-01T00:07:44,25.43,49.21,1005.0,0,none
N10,2026-01-01T00:07:44,34.89,83.2,1021.14,1,spoof
N01,2026-01-01T00:07:45,24.52,47.46,1005.19,0,none
N02,2026-01-01T00:07:45,23.86,50.12,1005.85,0,none
N03,2026-01-01T00:07:45,24.93,48.61,1005.55,0,none
N04,2026-01-01T00:07:45,23.62,47.73,1005.77,0,none
N05,2026-01-01T00:07:45,18.89,35.88,1013.0,1,spoof
N06,2026-01-01T00:07:45,29.52,59.84,1018.4,1,drift
N07,2026-01-01T00:07:45,25.02,47.14,1006.39,0,none
N08,2026-01-01T00:07:45,24.63,48.86,1005.27,0,none
N09,2026-01-01T00:07:45,25.13,49.4,1005.11,0,none
N10,2026-01-01T00:07:45,23.5,51.82,1005.97,0,none
N01,2026-01-01T00:07:46,24.84,47.69,1004.96,0,none
N02,2026-01-01T00:07:46,24.03,51.21,1006.68,0,none
N03,2026-01-01T00:07:46,25.06,47.82,1005.95,0,none
N04,2026-01-01T00:07:46,23.56,48.53,1006.4,0,none
N05,2026-01-01T00:07:46,23.7,67.53,1012.19,1,spoof
N06,2026-01-01T00:07:46,29.74,60.9,1018.36,1,drift
N07,2026-01-01T00:07:46,25.07,48.64,1006.77,0,none
N08,2026-01-01T00:07:46,24.73,49.3,1005.21,0,none
N09,2026-01-01T00:07:46,,49.8,1005.02,0,none
N10,2026-01-01T00:07:46,23.52,51.53,1005.97,0,none
N01,2026-01-01T00:07:47,24.87,47.3,1004.94,0,none
N02,2026-01-01T00:07:47,23.92,51.42,1006.2,0,none
N03,2026-01-01T00:07:47,25.46,48.71,1005.55,0,none
N04,2026-01-01T00:07:47,23.62,48.73,1005.57,0,none
N05,2026-01-01T00:07:47,21.42,73.04,1026.83,1,spoof
N06,2026-01-01T00:07:47,30.04,63.02,1019.24,1,drift
N07,2026-01-01T00:07:47,24.85,47.86,1006.66,0,none
N08,2026-01-01T00:07:47,24.95,48.86,1004.63,0,none
N09,2026-01-01T00:07:47,25.1,49.45,1005.11,0,none
N10,2026-01-01T00:07:47,23.76,51.11,1005.84,0,none
N01,2026-01-01T00:07:48,24.8,47.44,1005.94,0,none
N02,2026-01-01T00:07:48,23.82,51.35,1006.0,0,none
N03,2026-01-01T00:07:48,25.21,47.71,1005.82,0,none
N04,2026-01-01T00:07:48,23.45,48.6,1006.22,0,none
N05,2026-01-01T00:07:48,23.69,48.44,1006.44,0,none
N06,2026-01-01T00:07:48,30.28,62.89,1019.46,1,drift
N07,2026-01-01T00:07:48,24.9,47.43,1006.78,0,none
N08,2026-01-01T00:07:48,24.93,50.03,1005.64,0,none
N09,2026-01-01T00:07:48,25.14,49.81,1005.14,0,none
N10,2026-01-01T00:07:48,23.6,51.89,1006.31,0,none
N01,2026-01-01T00:07:49,24.67,47.51,1005.36,0,none
N02,2026-01-01T00:07:49,23.83,49.98,1005.93,0,none
N03,2026-01-01T00:07:49,25.27,47.9,1006.08,0,none
N04,2026-01-01T00:07:49,23.63,48.1,1005.9,0,none
N05,2026-01-01T00:07:49,23.64,49.24,1006.44,0,none
N06,2026-01-01T00:07:49,30.43,62.45,1020.69,1,drift
N07,2026-01-01T00:07:49,24.92,47.31,1006.86,0,none
N08,2026-01-01T00:07:49,25.1,49.82,1005.89,0,none
N09,2026-01-01T00:07:49,25.35,49.21,1004.85,0,none
N10,2026-01-01T00:07:49,23.6,51.77,1006.4,0,none
N01,2026-01-01T00:07:50,24.68,47.41,1005.54,0,none
N02,2026-01-01T00:07:50,23.93,51.07,1006.14,0,none
N03,2026-01-01T00:07:50,25.13,47.83,1005.9,0,none
N04,2026-01-01T00:07:50,23.42,48.81,1006.16,0,none
N05,2026-01-01T00:07:50,23.37,48.09,1006.43,0,none
N06,2026-01-01T00:07:50,30.87,63.71,1021.34,1,drift
N07,2026-01-01T00:07:50,24.96,47.86,1006.93,0,none
N08,2026-01-01T00:07:50,24.96,49.14,1005.17,0,none
N09,2026-01-01T00:07:50,25.09,50.38,1004.77,0,none
N10,2026-01-01T00:07:50,23.58,51.05,1006.73,0,none
N01,2026-01-01T00:07:51,24.87,48.13,1005.78,0,none
N02,2026-01-01T00:07:51,23.94,51.15,1005.96,0,none
N03,2026-01-01T00:07:51,25.08,47.84,1006.16,0,none
N04,2026-01-01T00:07:51,23.51,48.92,1006.62,0,none
N05,2026-01-01T00:07:51,23.64,48.49,1005.68,0,none
N06,2026-01-01T00:07:51,30.96,64.54,1022.39,1,drift
N07,2026-01-01T00:07:51,24.85,47.67,1006.58,0,none
N08,2026-01-01T00:07:51,24.81,48.58,1005.56,0,none
N09,2026-01-01T00:07:51,25.48,49.91,1005.43,0,none
N10,2026-01-01T00:07:51,23.82,52.65,1006.42,0,none
N01,2026-01-01T00:07:52,24.86,47.66,1005.88,0,none
N02,2026-01-01T00:07:52,23.88,50.23,1006.59,0,none
N03,2026-01-01T00:07:52,25.1,48.14,1005.74,0,none
N04,2026-01-01T00:07:52,23.62,48.08,1006.46,0,none
N05,2026-01-01T00:07:52,23.91,49.38,1006.77,0,none
N06,2026-01-01T00:07:52,31.31,64.53,1022.57,1,drift
N07,2026-01-01T00:07:52,25.01,47.64,1005.97,0,none
N08,2026-01-01T00:07:52,24.69,49.36,1005.55,0,none
N09,2026-01-01T00:07:52,25.63,49.19,1004.8,0,none
N10,2026-01-01T00:07:52,23.61,52.17,1006.31,0,none
N01,2026-01-01T00:07:53,28.25,58.93,1010.28,1,replay
N02,2026-01-01T00:07:53,23.82,51.3,1006.08,0,none
N03,2026-01-01T00:07:53,25.15,47.67,1005.97,0,none
N04,2026-01-01T00:07:53,23.49,48.62,1005.7,0,none
N05,2026-01-01T00:07:53,23.7,48.82,1005.91,0,none
N06,2026-01-01T00:07:53,31.63,65.53,1022.95,1,drift
N07,2026-01-01T00:07:53,25.03,47.79,1006.95,0,none
N08,2026-01-01T00:07:53,24.8,49.18,1005.27,0,none
N09,2026-01-01T00:07:53,25.21,48.62,1005.55,0,none
N10,2026-01-01T00:07:53,23.75,51.87,1006.48,0,none
N01,2026-01-01T00:07:54,28.31,58.36,1009.63,1,replay
N02,2026-01-01T00:07:54,23.96,50.78,1006.5,0,none
N03,2026-01-01T00:07:54,25.06,48.17,1005.83,0,none
N04,2026-01-01T00:07:54,23.79,49.36,1005.56,0,none
N05,2026-01-01T00:07:54,23.56,49.28,1006.55,0,none
N06,2026-01-01T00:07:54,31.68,66.6,1023.61,1,drift
N07,2026-01-01T00:07:54,25.21,47.25,1006.16,0,none
N08,2026-01-01T00:07:54,24.82,49.29,1004.81,1,stuck
N09,2026-01-01T00:07:54,25.72,48.86,1005.13,0,none
N10,2026-01-01T00:07:54,23.92,51.3,1006.11,0,none
N01,2026-01-01T00:07:55,28.43,58.49,1010.2,1,replay
N02,2026-01-01T00:07:55,23.94,52.25,1006.83,0,none
N03,2026-01-01T00:07:55,25.32,48.64,1005.78,0,none
N04,2026-01-01T00:07:55,23.66,50.03,1006.29,0,none
N05,2026-01-01T00:07:55,23.57,49.16,1006.76,0,none
N06,2026-01-01T00:07:55,32.09,66.61,1024.5,1,drift
N07,2026-01-01T00:07:55,24.98,48.22,1006.94,0,none
N08,2026-01-01T00:07:55,24.82,49.29,1004.81,1,stuck
N09,2026-01-01T00:07:55,25.53,48.61,1005.19,0,none
N10,2026-01-01T00:07:55,23.72,51.85,1006.37,0,none
N01,2026-01-01T00:07:56,28.06,58.5,1010.05,1,replay
N02,2026-01-01T00:07:56,24.09,51.61,1006.66,0,none
N03,2026-01-01T00:07:56,25.42,47.34,1006.41,0,none
N04,2026-01-01T00:07:56,23.48,49.12,1006.24,0,none
N05,2026-01-01T00:07:56,23.63,48.15,1006.8,0,none
N06,2026-01-01T00:07:56,32.52,67.42,1024.67,1,drift
N07,2026-01-01T00:07:56,25.37,47.33,1006.76,0,none
N08,2026-01-01T00:07:56,24.82,49.29,1004.81,1,stuck
N09,2026-01-01T00:07:56,24.97,48.53,1004.79,0,none
N10,2026-01-01T00:07:56,23.92,51.5,1005.83,0,none
N01,2026-01-01T00:07:57,28.05,58.44,1009.34,1,replay
N02,2026-01-01T00:07:57,24.13,50.37,1006.78,0,none
N03,2026-01-01T00:07:57,25.33,47.23,1005.94,0,none
N04,2026-01-01T00:07:57,23.83,50.09,1005.88,0,none
N05,2026-01-01T00:07:57,23.64,48.94,1006.89,0,none
N06,2026-01-01T00:07:57,32.65,67.96,1025.69,1,drift
N07,2026-01-01T00:07:57,25.11,47.21,1007.21,0,none
N08,2026-01-01T00:07:57,24.82,49.29,1004.81,1,stuck
N09,2026-01-01T00:07:57,25.55,48.75,1005.34,0,none
N10,2026-01-01T00:07:57,23.85,50.89,1006.39,0,none
N01,2026-01-01T00:07:58,28.44,57.4,1009.75,1,replay
N02,2026-01-01T00:07:58,24.05,51.14,1006.55,0,none
N03,2026-01-01T00:07:58,25.14,47.77,1006.0,0,none
N04,2026-01-01T00:07:58,23.79,49.19,1006.39,0,none
N05,2026-01-01T00:07:58,24.11,48.17,1006.68,0,none
N06,2026-01-01T00:07:58,33.04,68.43,1026.55,1,drift
N07,2026-01-01T00:07:58,25.03,47.9,1006.61,0,none
N08,2026-01-01T00:07:58,24.82,49.29,1004.81,1,stuck
N09,2026-01-01T00:07:58,25.49,49.38,1004.96,0,none
N10,2026-01-01T00:07:58,24.12,52.25,1006.25,0,none
N01,2026-01-01T00:07:59,28.16,58.41,1009.94,1,replay
N02,2026-01-01T00:07:59,23.87,50.35,1006.48,0,none
N03,2026-01-01T00:07:59,25.36,48.64,1006.19,0,none
N04,2026-01-01T00:07:59,23.59,48.87,1005.99,0,none
N05,2026-01-01T00:07:59,23.75,48.24,1006.47,0,none
N06,2026-01-01T00:07:59,33.15,69.2,1026.86,1,drift
N07,2026-01-01T00:07:59,25.16,47.74,1007.38,0,none
N08,2026-01-01T00:07:59,24.82,49.29,1004.81,1,stuck
N09,2026-01-01T00:07:59,25.49,48.73,1005.47,0,none
N10,2026-01-01T00:07:59,23.87,52.47,1006.93,0,none
N01,2026-01-01T00:08:00,27.93,58.6,1009.35,1,replay
N02,2026-01-01T00:08:00,24.28,51.06,1006.73,0,none
N03,2026-01-01T00:08:00,25.38,48.19,1006.42,0,none
N04,2026-01-01T00:08:00,23.68,48.5,1005.83,0,none
N05,2026-01-01T00:08:00,23.64,48.27,1006.73,0,none
N06,2026-01-01T00:08:00,33.51,69.55,1027.5,1,drift
N07,2026-01-01T00:08:00,25.18,47.46,1007.07,0,none
N08,2026-01-01T00:08:00,24.82,49.29,1004.81,1,stuck
N09,2026-01-01T00:08:00,25.28,49.93,1005.16,0,none
N10,2026-01-01T00:08:00,23.57,51.15,1006.85,0,none
N01,2026-01-01T00:08:01,28.06,58.48,1009.16,1,replay
N02,2026-01-01T00:08:01,24.14,51.08,1007.04,0,none
N03,2026-01-01T00:08:01,25.33,47.65,1005.86,0,none
N04,2026-01-01T00:08:01,23.72,48.73,1006.06,0,none
N05,2026-01-01T00:08:01,23.65,48.64,1006.67,0,none
N06,2026-01-01T00:08:01,24.59,48.47,1006.69,0,none
N07,2026-01-01T00:08:01,25.2,47.93,1006.8,0,none
N08,2026-01-01T00:08:01,24.82,49.29,1004.81,1,stuck
N09,2026-01-01T00:08:01,25.33,49.17,1005.58,0,none
N10,2026-01-01T00:08:01,23.61,51.37,1006.8,0,none
N01,2026-01-01T00:08:02,27.72,57.69,1009.34,1,replay
N02,2026-01-01T00:08:02,24.05,52.56,1007.33,0,none
N03,2026-01-01T00:08:02,25.09,48.91,1006.16,0,none
N04,2026-01-01T00:08:02,24.07,48.94,1006.4,0,none
N05,2026-01-01T00:08:02,23.72,49.48,1006.96,0,none
N06,2026-01-01T00:08:02,24.62,48.37,1006.5,0,none
N07,2026-01-01T00:08:02,25.13,47.07,1006.92,0,none
N08,2026-01-01T00:08:02,24.82,49.29,1004.81,1,stuck
N09,2026-01-01T00:08:02,25.25,49.4,1005.08,0,none
N10,2026-01-01T00:08:02,24.03,52.23,1006.33,0,none
N01,2026-01-01T00:08:03,27.72,58.04,1010.12,1,replay
N02,2026-01-01T00:08:03,24.1,50.7,1007.02,0,none
N03,2026-01-01T00:08:03,25.44,47.65,1006.45,0,none
N04,2026-01-01T00:08:03,23.72,49.46,1006.3,0,none
N05,2026-01-01T00:08:03,32.28,67.47,1021.77,1,spike
N06,2026-01-01T00:08:03,24.42,48.71,1006.9,0,none
N07,2026-01-01T00:08:03,25.15,48.04,1007.07,0,none
N08,2026-01-01T00:08:03,24.82,49.29,1004.81,1,stuck
N09,2026-01-01T00:08:03,25.21,49.42,1005.38,0,none
N10,2026-01-01T00:08:03,24.02,51.76,1006.24,0,none
N01,2026-01-01T00:08:04,27.96,58.65,1009.61,1,replay
N02,2026-01-01T00:08:04,24.33,50.83,1006.52,0,none
N03,2026-01-01T00:08:04,25.01,47.49,1005.77,0,none
N04,2026-01-01T00:08:04,23.75,47.93,1006.62,0,none
N05,2026-01-01T00:08:04,30.33,65.83,1026.19,1,spike
N06,2026-01-01T00:08:04,24.59,48.7,1006.85,0,none
N07,2026-01-01T00:08:04,25.3,48.53,1007.05,0,none
N08,2026-01-01T00:08:04,24.82,49.29,1004.81,1,stuck
N09,2026-01-01T00:08:04,25.39,48.77,1005.08,0,none
N10,2026-01-01T00:08:04,23.76,52.3,1006.26,0,none
N01,2026-01-01T00:08:05,27.87,58.21,1009.88,1,replay
N02,2026-01-01T00:08:05,24.03,50.72,1006.98,0,none
N03,2026-01-01T00:08:05,25.18,48.31,1005.94,0,none
N04,2026-01-01T00:08:05,23.65,48.26,1006.16,0,none
N05,2026-01-01T00:08:05,30.72,69.69,1031.57,1,spike
N06,2026-01-01T00:08:05,24.67,48.85,1006.35,0,none
N07,2026-01-01T00:08:05,25.18,47.21,1007.27,0,none
N08,2026-01-01T00:08:05,24.82,49.29,1004.81,1,stuck
N09,2026-01-01T00:08:05,25.4,49.03,1004.72,0,none
N10,2026-01-01T00:08:05,23.67,52.25,1007.07,0,none
N01,2026-01-01T00:08:06,27.89,57.42,1009.56,1,replay
N02,2026-01-01T00:08:06,24.09,51.41,1006.93,0,none
N03,2026-01-01T00:08:06,25.32,47.97,1006.43,0,none
N04,2026-01-01T00:08:06,23.77,48.86,1006.81,0,none
N05,2026-01-01T00:08:06,32.25,72.34,1029.94,1,spike
N06,2026-01-01T00:08:06,24.68,49.67,1006.23,0,none
N07,2026-01-01T00:08:06,25.41,48.41,1006.97,0,none
N08,2026-01-01T00:08:06,24.82,49.29,1004.81,1,stuck
N09,2026-01-01T00:08:06,25.48,48.67,1005.55,0,none
N10,2026-01-01T00:08:06,23.86,51.68,1007.21,0,none
N01,2026-01-01T00:08:07,27.78,57.69,1009.59,1,replay
N02,2026-01-01T00:08:07,23.89,51.09,1006.38,0,none
N03,2026-01-01T00:08:07,25.3,47.83,1005.88,0,none
N04,2026-01-01T00:08:07,23.69,48.43,1006.0,0,none
N05,2026-01-01T00:08:07,33.69,75.49,1021.8,1,spike
N06,2026-01-01T00:08:07,24.79,48.85,1006.81,0,none
N07,2026-01-01T00:08:07,25.14,47.71,1006.99,0,none
N08,2026-01-01T00:08:07,24.82,49.29,1004.81,1,stuck
N09,2026-01-01T00:08:07,25.35,49.49,1005.68,0,none
N10,2026-01-01T00:08:07,24.0,51.82,1006.7,0,none
N01,2026-01-01T00:08:08,27.72,58.15,1009.07,1,replay
N02,2026-01-01T00:08:08,24.03,51.19,1006.64,0,none
N03,2026-01-01T00:08:08,25.27,48.18,1005.88,0,none
N04,2026-01-01T00:08:08,23.77,48.54,1006.93,0,none
N05,2026-01-01T00:08:08,32.62,65.69,1032.82,1,spike
N06,2026-01-01T00:08:08,24.69,48.73,1006.65,0,none
N07,2026-01-01T00:08:08,24.88,48.11,1006.97,0,none
N08,2026-01-01T00:08:08,24.82,49.29,1004.81,1,stuck
N09,2026-01-01T00:08:08,25.49,48.41,1005.33,0,none
N10,2026-01-01T00:08:08,23.99,51.58,1007.2,0,none
N01,2026-01-01T00:08:09,27.82,57.71,1009.13,1,replay
N02,2026-01-01T00:08:09,24.12,51.06,1006.48,0,none
N03,2026-01-01T00:08:09,25.54,47.91,1006.18,0,none
N04,2026-01-01T00:08:09,23.88,48.02,1005.86,0,none
N05,2026-01-01T00:08:09,33.16,62.62,1025.25,1,spike
N06,2026-01-01T00:08:09,24.42,48.85,1006.35,0,none
N07,2026-01-01T00:08:09,25.36,47.94,1007.44,0,none
N08,2026-01-01T00:08:09,24.82,49.29,1004.81,1,stuck
N09,2026-01-01T00:08:09,25.65,49.19,1005.64,0,none
N10,2026-01-01T00:08:09,23.89,51.58,1006.35,0,none
N01,2026-01-01T00:08:10,27.63,57.23,1009.18,1,replay
N02,2026-01-01T00:08:10,24.24,51.52,1006.69,0,none
N03,2026-01-01T00:08:10,25.42,47.54,1005.73,0,none
N04,2026-01-01T00:08:10,23.73,48.35,1006.74,0,none
N05,2026-01-01T00:08:10,23.82,48.09,1006.95,0,none
N06,2026-01-01T00:08:10,24.79,48.31,1006.35,0,none
N07,2026-01-01T00:08:10,25.05,48.32,1006.94,0,none
N08,2026-01-01T00:08:10,24.82,49.29,1004.81,1,stuck
N09,2026-01-01T00:08:10,25.48,49.39,1005.01,0,none
N10,2026-01-01T00:08:10,24.25,52.06,1006.28,0,none
N01,2026-01-01T00:08:11,27.71,57.72,1009.17,1,replay
N02,2026-01-01T00:08:11,24.22,51.2,1007.26,0,none
N03,2026-01-01T00:08:11,25.36,47.59,1006.28,0,none
N04,2026-01-01T00:08:11,23.68,48.74,1006.22,0,none
N05,2026-01-01T00:08:11,23.72,48.06,1006.52,0,none
N06,2026-01-01T00:08:11,24.7,48.76,1006.98,0,none
N07,2026-01-01T00:08:11,25.14,47.13,1006.95,0,none
N08,2026-01-01T00:08:11,24.82,49.29,1004.81,1,stuck
N09,2026-01-01T00:08:11,25.51,48.48,1005.02,0,none
N10,2026-01-01T00:08:11,23.73,51.69,1006.76,0,none
N01,2026-01-01T00:08:12,27.68,57.07,1009.17,1,replay
N02,2026-01-01T00:08:12,24.05,51.35,1006.75,0,none
N03,2026-01-01T00:08:12,25.41,48.55,1006.57,0,none
N04,2026-01-01T00:08:12,24.06,49.52,1006.37,0,none
N05,2026-01-01T00:08:12,23.8,48.7,1006.51,0,none
N06,2026-01-01T00:08:12,24.54,48.84,1006.56,0,none
N07,2026-01-01T00:08:12,25.16,47.43,1007.06,0,none
N08,2026-01-01T00:08:12,24.82,49.29,1004.81,1,stuck
N09,2026-01-01T00:08:12,25.18,49.87,1004.74,0,none
N10,2026-01-01T00:08:12,24.01,51.66,1006.53,0,none
N01,2026-01-01T00:08:13,27.69,57.63,1008.78,1,replay
N02,2026-01-01T00:08:13,24.49,50.38,1006.89,0,none
N03,2026-01-01T00:08:13,25.53,48.1,1005.68,0,none
N04,2026-01-01T00:08:13,23.71,48.65,1006.44,0,none
N05,2026-01-01T00:08:13,23.82,48.74,1007.04,0,none
N06,2026-01-01T00:08:13,24.96,48.76,1006.12,0,none
N07,2026-01-01T00:08:13,25.21,47.85,1006.31,0,none
N08,2026-01-01T00:08:13,24.82,49.29,1004.81,1,stuck
N09,2026-01-01T00:08:13,25.3,49.6,1005.49,0,none
N10,2026-01-01T00:08:13,24.05,51.61,1007.22,0,none
N01,2026-01-01T00:08:14,27.64,56.6,1009.05,1,replay
N02,2026-01-01T00:08:14,24.45,52.5,1006.68,0,none
N03,2026-01-01T00:08:14,25.55,47.96,1006.57,0,none
N04,2026-01-01T00:08:14,24.08,49.17,1006.52,0,none
N05,2026-01-01T00:08:14,23.85,48.54,1006.31,0,none
N06,2026-01-01T00:08:14,24.78,49.06,1006.42,0,none
N07,2026-01-01T00:08:14,25.31,48.11,1007.36,0,none
N08,2026-01-01T00:08:14,24.82,49.29,1004.81,1,stuck
N09,2026-01-01T00:08:14,25.61,49.14,1005.42,0,none
N10,2026-01-01T00:08:14,24.04,51.74,1006.53,0,none
N01,2026-01-01T00:08:15,27.49,57.01,1008.59,1,replay
N02,2026-01-01T00:08:15,24.46,51.65,1007.39,0,none
N03,2026-01-01T00:08:15,25.49,49.44,1005.82,0,none
N04,2026-01-01T00:08:15,23.84,49.33,,0,none
N05,2026-01-01T00:08:15,23.87,49.83,1007.07,0,none
N06,2026-01-01T00:08:15,24.72,49.17,1006.79,0,none
N07,2026-01-01T00:08:15,24.83,48.55,1007.09,0,none
N08,2026-01-01T00:08:15,24.82,49.29,1004.81,1,stuck
N09,2026-01-01T00:08:15,25.58,49.12,1005.42,0,none
N10,2026-01-01T00:08:15,24.23,52.06,1006.36,0,none
N01,2026-01-01T00:08:16,27.44,57.69,1009.25,1,replay
N02,2026-01-01T00:08:16,24.2,51.22,1007.16,0,none
N03,2026-01-01T00:08:16,25.53,48.84,1006.68,0,none
N04,2026-01-01T00:08:16,23.49,49.02,1006.41,0,none
N05,2026-01-01T00:08:16,23.89,49.43,1006.23,0,none
N06,2026-01-01T00:08:16,24.87,48.91,1006.21,0,none
N07,2026-01-01T00:08:16,25.27,48.79,1006.94,0,none
N08,2026-01-01T00:08:16,24.82,49.29,1004.81,1,stuck
N09,2026-01-01T00:08:16,25.63,49.8,1004.93,0,none
N10,2026-01-01T00:08:16,23.94,52.86,1006.68,0,none
N01,2026-01-01T00:08:17,27.59,57.27,1008.23,1,replay
N02,2026-01-01T00:08:17,24.31,51.99,1006.63,0,none
N03,2026-01-01T00:08:17,25.45,48.08,1006.58,0,none
N04,2026-01-01T00:08:17,23.93,48.75,1006.79,0,none
N05,2026-01-01T00:08:17,24.03,50.12,1006.86,0,none
N06,2026-01-01T00:08:17,24.9,49.28,1006.55,0,none
N07,2026-01-01T00:08:17,25.5,48.12,1007.2,0,none
N08,2026-01-01T00:08:17,24.82,49.29,1004.81,1,stuck
N09,2026-01-01T00:08:17,25.48,49.83,1005.96,0,none
N10,2026-01-01T00:08:17,24.25,51.76,1007.07,0,none
N01,2026-01-01T00:08:18,27.68,56.91,1008.6,1,replay
N02,2026-01-01T00:08:18,23.74,52.67,1006.46,0,none
N03,2026-01-01T00:08:18,25.68,48.15,1006.35,0,none
N04,2026-01-01T00:08:18,23.85,49.17,1006.53,0,none
N05,2026-01-01T00:08:18,24.01,49.19,1006.29,0,none
N06,2026-01-01T00:08:18,24.63,48.61,1006.43,0,none
N07,2026-01-01T00:08:18,25.53,47.36,1007.32,0,none
N08,2026-01-01T00:08:18,25.11,49.07,1005.07,0,none
N09,2026-01-01T00:08:18,25.76,49.69,1006.13,0,none
N10,2026-01-01T00:08:18,24.3,52.16,1006.25,0,none
N01,2026-01-01T00:08:19,27.37,57.12,1008.55,1,replay
N02,2026-01-01T00:08:19,24.5,50.37,1006.78,0,none
N03,2026-01-01T00:08:19,25.42,48.27,1006.17,0,none
N04,2026-01-01T00:08:19,23.65,49.31,1006.28,0,none
N05,2026-01-01T00:08:19,23.64,49.88,1007.22,0,none
N06,2026-01-01T00:08:19,25.01,49.32,1006.47,0,none
N07,2026-01-01T00:08:19,25.28,48.47,1006.67,0,none
N08,2026-01-01T00:08:19,25.36,48.94,1005.44,0,none
N09,2026-01-01T00:08:19,25.49,49.5,1005.95,0,none
N10,2026-01-01T00:08:19,24.0,51.91,1006.46,0,none
N01,2026-01-01T00:08:20,27.73,56.69,1008.66,1,replay
N02,2026-01-01T00:08:20,24.27,51.29,1007.23,0,none
N03,2026-01-01T00:08:20,25.18,49.06,1006.14,0,none
N04,2026-01-01T00:08:20,23.96,49.68,1006.63,0,none
N05,2026-01-01T00:08:20,23.69,48.16,1007.03,0,none
N06,2026-01-01T00:08:20,25.03,49.93,1006.57,0,none
N07,2026-01-01T00:08:20,25.47,48.47,1007.21,0,none
N08,2026-01-01T00:08:20,25.1,50.37,1005.58,0,none
N09,2026-01-01T00:08:20,25.61,50.15,1005.62,0,none
N10,2026-01-01T00:08:20,23.71,52.38,1006.47,0,none
N01,2026-01-01T00:08:21,27.57,56.36,1008.29,1,replay
N02,2026-01-01T00:08:21,24.39,51.75,1006.5,0,none
N03,2026-01-01T00:08:21,25.26,48.63,1006.13,0,none
N04,2026-01-01T00:08:21,23.87,49.04,1006.38,0,none
N05,2026-01-01T00:08:21,23.88,49.19,1006.61,0,none
N06,2026-01-01T00:08:21,25.02,49.34,1007.13,0,none
N07,2026-01-01T00:08:21,25.17,47.44,1007.08,0,none
N08,2026-01-01T00:08:21,25.28,49.89,1005.58,0,none
N09,2026-01-01T00:08:21,25.62,50.51,1004.88,0,none
N10,2026-01-01T00:08:21,24.26,52.99,1006.51,0,none
N01,2026-01-01T00:08:22,27.41,56.66,1008.54,1,replay
N02,2026-01-01T00:08:22,24.25,51.55,1007.43,0,none
N03,2026-01-01T00:08:22,25.62,48.17,1006.51,0,none
N04,2026-01-01T00:08:22,24.06,49.33,1006.68,0,none
N05,2026-01-01T00:08:22,24.02,48.88,1006.6,0,none
N06,2026-01-01T00:08:22,25.01,49.16,1006.87,0,none
N07,2026-01-01T00:08:22,25.34,48.31,1006.82,0,none
N08,2026-01-01T00:08:22,25.14,49.95,1006.1,0,none
N09,2026-01-01T00:08:22,25.35,49.62,1005.65,0,none
N10,2026-01-01T00:08:22,23.97,51.68,1006.98,0,none
N01,2026-01-01T00:08:23,27.86,55.61,1008.35,1,replay
N02,2026-01-01T00:08:23,24.39,51.65,1006.68,0,none
N03,2026-01-01T00:08:23,25.56,48.78,1006.37,0,none
N04,2026-01-01T00:08:23,23.91,49.72,1006.66,0,none
N05,2026-01-01T00:08:23,23.91,48.62,1007.08,0,none
N06,2026-01-01T00:08:23,24.9,48.79,1006.83,0,none
N07,2026-01-01T00:08:23,25.34,48.01,1007.05,0,none
N08,2026-01-01T00:08:23,25.32,49.83,1005.84,0,none
N09,2026-01-01T00:08:23,25.7,49.91,1005.24,0,none
N10,2026-01-01T00:08:23,24.21,51.94,1006.67,0,none
N01,2026-01-01T00:08:24,27.39,56.9,1008.79,1,replay
N02,2026-01-01T00:08:24,24.28,52.12,1006.69,0,none
N03,2026-01-01T00:08:24,25.6,49.57,1005.66,0,none
N04,2026-01-01T00:08:24,23.79,48.84,1006.68,0,none
N05,2026-01-01T00:08:24,23.8,49.51,1006.97,0,none
N06,2026-01-01T00:08:24,25.02,48.86,1006.39,0,none
N07,2026-01-01T00:08:24,25.6,49.0,1007.15,0,none
N08,2026-01-01T00:08:24,25.15,50.75,1005.85,0,none
N09,2026-01-01T00:08:24,25.68,50.44,1004.9,0,none
N10,2026-01-01T00:08:24,23.88,53.22,1006.78,0,none
N01,2026-01-01T00:08:25,27.46,56.42,1008.65,1,replay
N02,2026-01-01T00:08:25,24.16,52.01,1006.85,0,none
N03,2026-01-01T00:08:25,25.7,49.08,1006.05,0,none
N04,2026-01-01T00:08:25,24.13,49.26,1006.52,0,none
N05,2026-01-01T00:08:25,24.06,50.05,1006.48,0,none
N06,2026-01-01T00:08:25,24.85,49.39,1006.1,0,none
N07,2026-01-01T00:08:25,25.37,49.48,1006.81,0,none
N08,2026-01-01T00:08:25,25.16,49.84,1005.8,0,none
N09,2026-01-01T00:08:25,25.88,50.08,1005.19,0,none
N10,2026-01-01T00:08:25,24.16,52.63,1006.57,0,none
N01,2026-01-01T00:08:26,27.22,56.45,1008.35,1,replay
N02,2026-01-01T00:08:26,24.06,51.95,1006.87,0,none
N03,2026-01-01T00:08:26,25.6,49.18,1005.62,0,none
N04,2026-01-01T00:08:26,24.28,50.46,1006.38,0,none
N05,2026-01-01T00:08:26,23.51,49.46,1006.77,0,none
N06,2026-01-01T00:08:26,25.11,49.69,1006.63,0,none
N07,2026-01-01T00:08:26,25.46,48.85,1006.95,0,none
N08,2026-01-01T00:08:26,25.27,50.26,1005.11,0,none
N09,2026-01-01T00:08:26,25.82,51.03,1004.7,0,none
N10,2026-01-01T00:08:26,24.08,53.21,1006.83,0,none
N01,2026-01-01T00:08:27,24.86,49.44,1005.76,0,none
N02,2026-01-01T00:08:27,24.28,52.28,1006.74,0,none
N03,2026-01-01T00:08:27,25.5,49.81,1006.34,0,none
N04,2026-01-01T00:08:27,23.85,49.7,1006.54,0,none
N05,2026-01-01T00:08:27,23.98,49.13,1006.94,0,none
N06,2026-01-01T00:08:27,24.9,50.4,1007.04,0,none
N07,2026-01-01T00:08:27,24.97,49.66,1007.42,0,none
N08,2026-01-01T00:08:27,25.14,51.19,1005.01,0,none
N09,2026-01-01T00:08:27,25.49,50.56,1005.39,0,none
N10,2026-01-01T00:08:27,24.05,53.03,1006.85,0,none
N01,2026-01-01T00:08:28,25.03,47.73,1005.73,0,none
N02,2026-01-01T00:08:28,24.38,51.62,1006.65,0,none
N03,2026-01-01T00:08:28,25.5,49.76,1006.19,0,none
N04,2026-01-01T00:08:28,24.23,50.27,1006.7,0,none
N05,2026-01-01T00:08:28,23.81,50.0,1006.61,0,none
N06,2026-01-01T00:08:28,24.87,50.37,1006.82,0,none
N07,2026-01-01T00:08:28,25.65,48.74,1007.3,0,none
N08,2026-01-01T00:08:28,25.07,50.37,1005.66,0,none
N09,2026-01-01T00:08:28,27.26,54.6,1006.96,1,replay
N10,2026-01-01T00:08:28,24.17,52.82,1006.75,0,none
N01,2026-01-01T00:08:29,25.12,49.69,1006.28,0,none
N02,2026-01-01T00:08:29,24.3,52.27,1007.3,0,none
N03,2026-01-01T00:08:29,25.55,50.39,1006.51,0,none
N04,2026-01-01T00:08:29,24.28,50.15,1006.4,0,none
N05,2026-01-01T00:08:29,24.05,50.08,1007.34,0,none
N06,2026-01-01T00:08:29,24.94,49.98,1006.65,0,none
N07,2026-01-01T00:08:29,25.21,49.48,1007.54,0,none
N08,2026-01-01T00:08:29,25.15,51.07,1006.06,0,none
N09,2026-01-01T00:08:29,27.19,54.77,1006.53,1,replay
N10,2026-01-01T00:08:29,24.05,53.25,1006.93,0,none
N01,2026-01-01T00:08:30,25.12,48.77,1005.9,0,none
N02,2026-01-01T00:08:30,24.42,52.29,1007.0,0,none
N03,2026-01-01T00:08:30,25.68,50.54,1006.98,1,drift
N04,2026-01-01T00:08:30,23.86,49.74,1006.52,0,none
N05,2026-01-01T00:08:30,23.97,50.87,1006.62,0,none
N06,2026-01-01T00:08:30,25.09,49.29,1006.76,0,none
N07,2026-01-01T00:08:30,25.37,49.48,1007.17,0,none
N08,2026-01-01T00:08:30,25.2,50.39,1005.87,0,none
N09,2026-01-01T00:08:30,26.97,54.68,1006.67,1,replay
N10,2026-01-01T00:08:30,24.01,53.32,1006.8,0,none
N01,2026-01-01T00:08:31,24.77,48.62,1006.22,0,none
N02,2026-01-01T00:08:31,24.23,52.18,1006.72,0,none
N03,2026-01-01T00:08:31,26.1,50.32,1007.55,1,drift
N04,2026-01-01T00:08:31,23.97,50.91,1006.29,0,none
N05,2026-01-01T00:08:31,23.83,50.1,1007.22,0,none
N06,2026-01-01T00:08:31,24.87,50.2,1006.3,0,none
N07,2026-01-01T00:08:31,25.43,49.02,1007.78,0,none
N08,2026-01-01T00:08:31,25.52,50.68,1006.21,0,none
N09,2026-01-01T00:08:31,26.9,54.71,1006.4,1,replay
N10,2026-01-01T00:08:31,24.19,53.35,1006.94,0,none
N01,2026-01-01T00:08:32,25.29,49.28,1006.34,0,none
N02,2026-01-01T00:08:32,24.36,52.51,1006.86,0,none
N03,2026-01-01T00:08:32,26.49,51.52,1008.11,1,drift
N04,2026-01-01T00:08:32,23.98,50.16,1007.37,0,none
N05,2026-01-01T00:08:32,23.94,50.55,1007.22,0,none
N06,2026-01-01T00:08:32,24.9,49.48,1007.0,0,none
N07,2026-01-01T00:08:32,25.53,48.26,1007.47,0,none
N08,2026-01-01T00:08:32,25.26,50.87,1006.1,0,none
N09,2026-01-01T00:08:32,27.02,54.75,1007.37,1,replay
N10,2026-01-01T00:08:32,23.92,53.16,1006.71,0,none
N01,2026-01-01T00:08:33,25.18,48.58,1005.96,0,none
N02,2026-01-01T00:08:33,24.26,51.68,1007.37,0,none
N03,2026-01-01T00:08:33,26.4,51.62,1009.31,1,drift
N04,2026-01-01T00:08:33,24.28,50.57,1007.07,0,none
N05,2026-01-01T00:08:33,24.04,50.39,1007.32,0,none
N06,2026-01-01T00:08:33,25.19,50.53,1007.04,0,none
N07,2026-01-01T00:08:33,25.73,49.73,1007.51,0,none
N08,2026-01-01T00:08:33,25.34,50.9,1005.75,0,none
N09,2026-01-01T00:08:33,27.07,54.25,1006.9,1,replay
N10,2026-01-01T00:08:33,24.12,52.87,1006.81,0,none
N01,2026-01-01T00:08:34,25.4,49.71,1006.18,0,none
N02,2026-01-01T00:08:34,24.36,52.33,1007.47,0,none
N03,2026-01-01T00:08:34,26.9,52.4,1009.5,1,drift
N04,2026-01-01T00:08:34,24.22,50.28,1006.42,0,none
N05,2026-01-01T00:08:34,24.06,50.22,1007.68,0,none
N06,2026-01-01T00:08:34,25.01,51.48,1007.03,0,none
N07,2026-01-01T00:08:34,25.62,49.37,1007.7,0,none
N08,2026-01-01T00:08:34,25.33,50.65,1006.0,0,none
N09,2026-01-01T00:08:34,26.94,54.29,1007.31,1,replay
N10,2026-01-01T00:08:34,24.15,53.37,1007.05,0,none
N01,2026-01-01T00:08:35,25.07,50.39,1006.22,0,none
N02,2026-01-01T00:08:35,24.46,53.09,1007.24,0,none
N03,2026-01-01T00:08:35,27.0,52.89,1010.28,1,drift
N04,2026-01-01T00:08:35,24.19,50.04,1006.54,0,none
N05,2026-01-01T00:08:35,24.08,50.59,1007.04,0,none
N06,2026-01-01T00:08:35,24.93,50.25,1007.43,0,none
N07,2026-01-01T00:08:35,25.52,49.28,1007.82,0,none
N08,2026-01-01T00:08:35,25.37,51.02,1006.12,0,none
N09,2026-01-01T00:08:35,26.96,54.25,1006.19,1,replay
N10,2026-01-01T00:08:35,24.48,54.24,1007.34,0,none
N01,2026-01-01T00:08:36,25.46,50.03,1006.1,0,none
N02,2026-01-01T00:08:36,24.2,52.98,1007.56,0,none
N03,2026-01-01T00:08:36,27.36,54.51,1011.05,1,drift
N04,2026-01-01T00:08:36,24.11,50.4,1006.66,0,none
N05,2026-01-01T00:08:36,22.82,47.35,983.28,1,spoof
N06,2026-01-01T00:08:36,24.83,50.12,1006.76,0,none
N07,2026-01-01T00:08:36,25.48,49.35,1007.59,0,none
N08,2026-01-01T00:08:36,25.31,51.12,1006.08,0,none
N09,2026-01-01T00:08:36,26.88,54.96,1006.63,1,replay
N10,2026-01-01T00:08:36,24.21,53.07,1007.15,0,none
N01,2026-01-01T00:08:37,25.02,49.54,1006.32,0,none
N02,2026-01-01T00:08:37,24.56,54.06,1007.68,0,none
N03,2026-01-01T00:08:37,27.82,54.74,1011.13,1,drift
N04,2026-01-01T00:08:37,24.07,49.94,1006.72,0,none
N05,2026-01-01T00:08:37,23.35,54.02,1013.41,1,spoof
N06,2026-01-01T00:08:37,25.07,50.72,1006.71,0,none
N07,2026-01-01T00:08:37,25.41,49.71,1006.97,0,none
N08,2026-01-01T00:08:37,25.32,51.84,1006.25,0,none
N09,2026-01-01T00:08:37,26.9,54.73,1007.51,1,replay
N10,2026-01-01T00:08:37,24.32,53.36,1007.08,0,none
N01,2026-01-01T00:08:38,25.03,50.38,1006.18,0,none
N02,2026-01-01T00:08:38,24.42,53.12,1007.22,0,none
N03,2026-01-01T00:08:38,28.35,55.3,1012.07,1,drift
N04,2026-01-01T00:08:38,24.05,50.99,1007.15,0,none
N05,2026-01-01T00:08:38,29.03,75.77,1033.59,1,spoof
N06,2026-01-01T00:08:38,25.17,50.96,1006.79,0,none
N07,2026-01-01T00:08:38,25.6,48.33,1008.15,0,none
N08,2026-01-01T00:08:38,25.01,51.29,1005.89,0,none
N09,2026-01-01T00:08:38,26.75,53.68,1006.73,1,replay
N10,2026-01-01T00:08:38,24.33,53.35,1006.82,0,none
N01,2026-01-01T00:08:39,25.4,49.73,1006.0,0,none
N02,2026-01-01T00:08:39,24.71,53.38,1007.56,0,none
N03,2026-01-01T00:08:39,28.24,55.92,1012.87,1,drift
N04,2026-01-01T00:08:39,24.27,51.78,1007.15,0,none
N05,2026-01-01T00:08:39,39.81,60.44,1024.66,1,spoof
N06,2026-01-01T00:08:39,25.13,51.26,1007.17,0,none
N07,2026-01-01T00:08:39,25.45,49.36,1007.46,0,none
N08,2026-01-01T00:08:39,25.32,50.85,1006.25,0,none
N09,2026-01-01T00:08:39,26.72,54.25,1006.57,1,replay
N10,2026-01-01T00:08:39,24.54,54.29,1007.19,0,none
N01,2026-01-01T00:08:40,25.32,49.38,1005.92,0,none
N02,2026-01-01T00:08:40,24.34,52.79,1007.23,0,none
N03,2026-01-01T00:08:40,28.6,56.0,1013.0,1,drift
N04,2026-01-01T00:08:40,24.08,51.07,1006.97,0,none
N05,2026-01-01T00:08:40,15.1,37.64,982.24,1,spoof
N06,2026-01-01T00:08:40,25.18,51.83,1007.4,0,none
N07,2026-01-01T00:08:40,25.63,49.81,1007.61,0,none
N08,2026-01-01T00:08:40,25.15,51.08,1006.14,0,none
N09,2026-01-01T00:08:40,26.64,53.54,1006.62,1,replay
N10,2026-01-01T00:08:40,24.43,53.37,1006.88,0,none
N01,2026-01-01T00:08:41,25.45,50.21,1006.29,0,none
N02,2026-01-01T00:08:41,24.69,52.35,1007.13,0,none
N03,2026-01-01T00:08:41,28.58,57.38,1014.17,1,drift
N04,2026-01-01T00:08:41,23.99,50.95,1006.72,0,none
N05,2026-01-01T00:08:41,28.42,80.18,991.48,1,spoof
N06,2026-01-01T00:08:41,25.07,51.62,1007.37,0,none
N07,2026-01-01T00:08:41,25.56,49.95,1008.14,0,none
N08,2026-01-01T00:08:41,25.56,51.12,1005.79,0,none
N09,2026-01-01T00:08:41,26.52,53.42,1006.67,1,replay
N10,2026-01-01T00:08:41,24.52,53.47,1006.88,0,none
N01,2026-01-01T00:08:42,25.39,50.02,1006.31,0,none
N02,2026-01-01T00:08:42,24.57,53.06,1007.12,0,none
N03,2026-01-01T00:08:42,29.33,58.25,1014.8,1,drift
N04,2026-01-01T00:08:42,24.01,50.88,1006.9,0,none
N05,2026-01-01T00:08:42,19.95,34.19,986.22,1,spoof
N06,2026-01-01T00:08:42,25.42,49.56,1006.47,1,drift
N07,2026-01-01T00:08:42,25.57,50.2,1008.07,0,none
N08,2026-01-01T00:08:42,25.78,52.01,1007.03,1,drift
N09,2026-01-01T00:08:42,27.0,53.92,1007.06,1,replay
N10,2026-01-01T00:08:42,24.39,53.33,1007.25,0,none
N01,2026-01-01T00:08:43,25.3,50.39,1006.74,0,none
N02,2026-01-01T00:08:43,24.54,52.52,1007.23,0,none
N03,2026-01-01T00:08:43,29.33,59.5,1015.55,1,drift
N04,2026-01-01T00:08:43,24.18,50.27,1006.86,0,none
N05,2026-01-01T00:08:43,20.72,74.87,1039.93,1,spoof
N06,2026-01-01T00:08:43,24.72,49.49,1006.32,1,drift
N07,2026-01-01T00:08:43,25.36,48.8,1008.37,0,none
N08,2026-01-01T00:08:43,26.05,52.57,1007.16,1,drift
N09,2026-01-01T00:08:43,26.86,54.11,1007.13,1,replay
N10,2026-01-01T00:08:43,24.31,52.56,1007.42,0,none
N01,2026-01-01T00:08:44,25.32,49.65,1006.81,0,none
N02,2026-01-01T00:08:44,24.48,53.62,1007.49,0,none
N03,2026-01-01T00:08:44,29.61,58.65,1016.14,1,drift
N04,2026-01-01T00:08:44,24.36,50.49,1006.84,0,none
N05,2026-01-01T00:08:44,15.3,68.98,1004.32,1,spoof
N06,2026-01-01T00:08:44,24.78,49.96,1005.79,1,drift
N07,2026-01-01T00:08:44,25.58,48.99,1007.92,0,none
N08,2026-01-01T00:08:44,26.21,52.86,1007.67,1,drift
N09,2026-01-01T00:08:44,27.0,54.3,1006.74,1,replay
N10,2026-01-01T00:08:44,24.51,55.3,1007.69,0,none
N01,2026-01-01T00:08:45,25.39,48.9,1006.85,0,none
N02,2026-01-01T00:08:45,24.62,53.21,1007.82,0,none
N03,2026-01-01T00:08:45,29.73,60.32,1016.35,1,drift
N04,2026-01-01T00:08:45,24.32,50.85,1007.6,0,none
N05,2026-01-01T00:08:45,20.72,89.14,1008.8,1,spoof
N06,2026-01-01T00:08:45,24.51,47.99,1004.46,1,drift
N07,2026-01-01T00:08:45,25.66,49.29,1008.39,0,none
N08,2026-01-01T00:08:45,26.31,53.53,1008.34,1,drift
N09,2026-01-01T00:08:45,26.82,53.69,1006.38,1,replay
N10,2026-01-01T00:08:45,24.39,53.61,1007.49,0,none
N01,2026-01-01T00:08:46,25.41,49.47,1006.57,0,none
N02,2026-01-01T00:08:46,24.64,53.85,1007.52,0,none
N03,2026-01-01T00:08:46,29.77,59.92,1017.13,1,drift
N04,2026-01-01T00:08:46,24.02,50.62,1007.45,0,none
N05,2026-01-01T00:08:46,26.33,35.55,1022.08,1,spoof
N06,2026-01-01T00:08:46,24.37,47.72,1004.4,1,drift
N07,2026-01-01T00:08:46,25.81,50.37,1008.31,0,none
N08,2026-01-01T00:08:46,26.91,54.16,1009.14,1,drift
N09,2026-01-01T00:08:46,26.6,54.33,1006.28,1,replay
N10,2026-01-01T00:08:46,24.51,53.3,1007.9,0,none
N01,2026-01-01T00:08:47,25.3,49.72,1006.99,0,none
N02,2026-01-01T00:08:47,24.67,53.66,1008.07,0,none
N03,2026-01-01T00:08:47,30.53,61.42,1018.3,1,drift
N04,2026-01-01T00:08:47,24.35,50.98,1007.3,0,none
N05,2026-01-01T00:08:47,17.48,62.46,1003.71,1,spoof
N06,2026-01-01T00:08:47,23.85,48.05,1003.76,1,drift
N07,2026-01-01T00:08:47,25.86,50.35,1007.53,0,none
N08,2026-01-01T00:08:47,26.9,55.63,1009.9,1,drift
N09,2026-01-01T00:08:47,26.67,54.04,1006.84,1,replay
N10,2026-01-01T00:08:47,24.68,54.34,1007.11,0,none
N01,2026-01-01T00:08:48,25.58,50.32,1007.04,0,none
N02,2026-01-01T00:08:48,24.61,53.18,1007.87,0,none
N03,2026-01-01T00:08:48,30.74,61.84,1018.22,1,drift
N04,2026-01-01T00:08:48,24.34,50.84,1007.65,0,none
N05,2026-01-01T00:08:48,38.75,84.79,1029.2,1,spoof
N06,2026-01-01T00:08:48,23.67,46.47,1003.61,1,drift
N07,2026-01-01T00:08:48,26.13,50.45,1008.2,0,none
N08,2026-01-01T00:08:48,27.19,54.82,1010.32,1,drift
N09,2026-01-01T00:08:48,26.6,52.45,1005.99,1,replay
N10,2026-01-01T00:08:48,24.63,53.86,1007.49,0,none
N01,2026-01-01T00:08:49,25.25,50.23,1007.14,0,none
N02,2026-01-01T00:08:49,24.81,53.62,1008.05,0,none
N03,2026-01-01T00:08:49,30.72,61.84,1019.3,1,drift
N04,2026-01-01T00:08:49,24.48,51.61,1007.7,0,none
N05,2026-01-01T00:08:49,30.24,33.97,1030.86,1,spoof
N06,2026-01-01T00:08:49,23.68,46.59,1002.91,1,drift
N07,2026-01-01T00:08:49,25.85,50.8,1008.11,0,none
N08,2026-01-01T00:08:49,27.62,57.04,1011.7,1,drift
N09,2026-01-01T00:08:49,26.44,52.61,1006.39,1,replay
N10,2026-01-01T00:08:49,24.42,54.03,1007.91,0,none
N01,2026-01-01T00:08:50,25.83,49.66,1006.72,0,none
N02,2026-01-01T00:08:50,24.87,54.59,1007.94,0,none
N03,2026-01-01T00:08:50,31.12,64.31,1019.78,1,drift
N04,2026-01-01T00:08:50,24.44,50.94,1007.4,0,none
N05,2026-01-01T00:08:50,34.58,43.35,982.78,1,spoof
N06,2026-01-01T00:08:50,23.11,46.76,1002.05,1,drift
N07,2026-01-01T00:08:50,25.83,50.24,1008.23,0,none
N08,2026-01-01T00:08:50,27.71,57.04,1011.89,1,drift
N09,2026-01-01T00:08:50,26.76,53.7,1005.95,1,replay
N10,2026-01-01T00:08:50,24.64,54.98,1007.34,0,none
N01,2026-01-01T00:08:51,25.54,50.27,1006.84,0,none
N02,2026-01-01T00:08:51,24.88,55.06,1007.46,0,none
N03,2026-01-01T00:08:51,31.6,64.5,1020.45,1,drift
N04,2026-01-01T00:08:51,24.64,52.28,1007.58,0,none
N05,2026-01-01T00:08:51,39.25,77.8,991.73,1,spoof
N06,2026-01-01T00:08:51,22.65,46.26,1001.04,1,drift
N07,2026-01-01T00:08:51,25.95,50.22,1008.06,0,none
N08,2026-01-01T00:08:51,28.33,58.09,1012.49,1,drift
N09,2026-01-01T00:08:51,26.57,52.18,1006.02,1,replay
N10,2026-01-01T00:08:51,24.19,55.14,1007.72,0,none
N01,2026-01-01T00:08:52,25.56,50.59,1007.16,0,none
N02,2026-01-01T00:08:52,24.84,53.92,1008.21,0,none
N03,2026-01-01T00:08:52,32.07,65.02,1021.23,1,drift
N04,2026-01-01T00:08:52,24.72,51.48,1007.5,0,none
N05,2026-01-01T00:08:52,39.04,80.31,990.28,1,spoof
N06,2026-01-01T00:08:52,22.92,45.81,1001.11,1,drift
N07,2026-01-01T00:08:52,25.74,50.8,1008.55,0,none
N08,2026-01-01T00:08:52,28.71,58.82,1013.35,1,drift
N09,2026-01-01T00:08:52,26.51,52.63,1006.02,1,replay
N10,2026-01-01T00:08:52,24.83,54.78,1008.11,0,none
N01,2026-01-01T00:08:53,25.56,50.62,1006.87,0,none
N02,2026-01-01T00:08:53,24.74,54.17,1008.23,0,none
N03,2026-01-01T00:08:53,31.94,66.25,1022.61,1,drift
N04,2026-01-01T00:08:53,24.54,51.92,1007.62,0,none
N05,2026-01-01T00:08:53,19.32,71.4,980.77,1,spoof
N06,2026-01-01T00:08:53,22.54,43.18,1001.16,1,drift
N07,2026-01-01T00:08:53,,51.08,1008.87,0,none
N08,2026-01-01T00:08:53,28.76,59.24,1013.63,1,drift
N09,2026-01-01T00:08:53,26.7,53.17,1006.69,1,replay
N10,2026-01-01T00:08:53,24.77,55.07,1007.54,0,none
N01,2026-01-01T00:08:54,25.7,51.7,1006.88,0,none
N02,2026-01-01T00:08:54,25.04,54.26,1007.9,0,none
N03,2026-01-01T00:08:54,32.49,66.47,1023.17,1,drift
N04,2026-01-01T00:08:54,24.56,52.49,1007.77,0,none
N05,2026-01-01T00:08:54,15.77,62.8,997.41,1,spoof
N06,2026-01-01T00:08:54,22.22,43.67,1000.57,1,drift
N07,2026-01-01T00:08:54,26.11,51.49,1008.67,0,none
N08,2026-01-01T00:08:54,29.06,60.21,1014.9,1,drift
N09,2026-01-01T00:08:54,26.24,53.04,1006.95,0,none
N10,2026-01-01T00:08:54,24.48,54.53,1007.39,0,none
N01,2026-01-01T00:08:55,25.75,50.57,1006.9,0,none
N02,2026-01-01T00:08:55,25.05,54.82,1007.82,0,none
N03,2026-01-01T00:08:55,32.17,66.71,1022.92,1,drift
N04,2026-01-01T00:08:55,24.36,52.27,1008.45,0,none
N05,2026-01-01T00:08:55,23.5,82.22,991.91,1,spoof
N06,2026-01-01T00:08:55,21.96,43.21,999.97,1,drift
N07,2026-01-01T00:08:55,26.22,51.73,1008.59,0,none
N08,2026-01-01T00:08:55,28.96,61.44,1015.05,1,drift
N09,2026-01-01T00:08:55,26.15,52.13,1006.83,0,none
N10,2026-01-01T00:08:55,24.69,55.09,1008.0,0,none
N01,2026-01-01T00:08:56,25.65,52.11,1007.17,0,none
N02,2026-01-01T00:08:56,24.71,55.06,1008.27,0,none
N03,2026-01-01T00:08:56,32.81,68.12,1023.69,1,drift
N04,2026-01-01T00:08:56,24.74,52.08,1007.62,0,none
N05,2026-01-01T00:08:56,34.84,63.81,1006.58,1,spoof
N06,2026-01-01T00:08:56,21.6,43.44,999.03,1,drift
N07,2026-01-01T00:08:56,26.01,50.81,1007.95,0,none
N08,2026-01-01T00:08:56,29.6,62.56,1015.88,1,drift
N09,2026-01-01T00:08:56,26.11,53.3,1006.66,0,none
N10,2026-01-01T00:08:56,24.7,55.02,1007.65,0,none
N01,2026-01-01T00:08:57,25.79,51.4,1007.19,0,none
N02,2026-01-01T00:08:57,24.7,55.25,1008.6,0,none
N03,2026-01-01T00:08:57,33.09,68.3,1024.68,1,drift
N04,2026-01-01T00:08:57,24.67,52.33,1008.04,0,none
N05,2026-01-01T00:08:57,20.68,71.21,1035.24,1,spoof
N06,2026-01-01T00:08:57,21.56,42.6,998.96,1,drift
N07,2026-01-01T00:08:57,26.05,50.56,1008.39,0,none
N08,2026-01-01T00:08:57,29.67,63.31,1016.09,1,drift
N09,2026-01-01T00:08:57,26.38,53.14,1006.95,0,none
N10,2026-01-01T00:08:57,24.7,55.62,1007.39,0,none
N01,2026-01-01T00:08:58,25.5,51.63,1007.37,0,none
N02,2026-01-01T00:08:58,25.14,54.29,1007.97,0,none
N03,2026-01-01T00:08:58,33.48,69.1,1025.29,1,drift
N04,2026-01-01T00:08:58,29.68,66.93,1038.81,1,spoof
N05,2026-01-01T00:08:58,31.34,47.83,996.6,1,spoof
N06,2026-01-01T00:08:58,21.04,42.33,997.37,1,drift
N07,2026-01-01T00:08:58,25.83,51.16,1008.55,0,none
N08,2026-01-01T00:08:58,29.89,62.59,1017.05,1,drift
N09,2026-01-01T00:08:58,26.27,52.11,1006.18,0,none
N10,2026-01-01T00:08:58,24.83,54.35,1008.08,0,none
N01,2026-01-01T00:08:59,25.5,50.87,1007.24,0,none
N02,2026-01-01T00:08:59,25.25,54.66,1007.72,0,none
N03,2026-01-01T00:08:59,33.7,69.08,1025.16,1,drift
N04,2026-01-01T00:08:59,20.57,70.32,999.79,1,spoof
N05,2026-01-01T00:08:59,22.74,79.43,1039.46,1,spoof
N06,2026-01-01T00:08:59,21.2,41.29,996.78,1,drift
N07,2026-01-01T00:08:59,26.2,51.22,1008.84,0,none
N08,2026-01-01T00:08:59,30.4,62.49,1017.81,1,drift
N09,2026-01-01T00:08:59,26.65,53.53,1006.57,0,none
N10,2026-01-01T00:08:59,24.75,55.95,1007.93,0,none
N01,2026-01-01T00:09:00,25.71,52.61,1007.21,0,none
N02,2026-01-01T00:09:00,24.89,56.0,1007.86,0,none
N03,2026-01-01T00:09:00,34.26,70.55,1025.34,1,drift
N04,2026-01-01T00:09:00,26.47,48.81,1020.26,1,spoof
N05,2026-01-01T00:09:00,24.79,52.25,1008.19,0,none
N06,2026-01-01T00:09:00,20.87,40.98,996.61,1,drift
N07,2026-01-01T00:09:00,26.2,51.38,1008.77,0,none
N08,2026-01-01T00:09:00,30.67,64.56,1018.28,1,drift
N09,2026-01-01T00:09:00,26.55,52.51,1007.06,0,none
N10,2026-01-01T00:09:00,24.9,55.47,1007.66,0,none
N01,2026-01-01T00:09:01,25.93,50.9,1007.48,0,none
N02,2026-01-01T00:09:01,24.87,54.58,1008.21,0,none
N03,2026-01-01T00:09:01,34.22,70.59,1026.81,1,drift
N04,2026-01-01T00:09:01,25.94,54.31,1034.37,1,spoof
N05,2026-01-01T00:09:01,24.81,52.61,1008.65,0,none
N06,2026-01-01T00:09:01,20.68,40.19,996.26,1,drift
N07,2026-01-01T00:09:01,25.98,51.81,1008.59,0,none
N08,2026-01-01T00:09:01,31.0,65.21,1018.78,1,drift
N09,2026-01-01T00:09:01,26.41,53.24,1006.49,0,none
N10,2026-01-01T00:09:01,25.03,54.85,1008.14,0,none
N01,2026-01-01T00:09:02,26.02,52.18,1007.36,0,none
N02,2026-01-01T00:09:02,25.17,54.83,1007.9,0,none
N03,2026-01-01T00:09:02,34.58,71.1,1027.85,1,drift
N04,2026-01-01T00:09:02,29.07,41.02,1021.14,1,spoof
N05,2026-01-01T00:09:02,24.72,52.74,1008.61,0,none
N06,2026-01-01T00:09:02,20.56,39.9,995.56,1,drift
N07,2026-01-01T00:09:02,26.17,50.75,1008.14,0,none
N08,2026-01-01T00:09:02,31.48,65.44,1019.75,1,drift
N09,2026-01-01T00:09:02,26.52,52.73,1006.85,0,none
N10,2026-01-01T00:09:02,24.77,55.7,1008.26,0,none
N01,2026-01-01T00:09:03,25.95,50.6,1006.99,0,none
N02,2026-01-01T00:09:03,25.08,55.55,1008.88,0,none
N03,2026-01-01T00:09:03,35.12,72.85,1028.16,1,drift
N04,2026-01-01T00:09:03,16.05,33.34,1013.55,1,spoof
N05,2026-01-01T00:09:03,24.97,51.96,1008.07,0,none
N06,2026-01-01T00:09:03,20.14,39.64,994.99,1,drift
N07,2026-01-01T00:09:03,26.09,51.22,1008.02,0,none
N08,2026-01-01T00:09:03,31.47,66.39,1020.22,1,drift
N09,2026-01-01T00:09:03,26.55,53.29,1006.61,0,none
N10,2026-01-01T00:09:03,24.73,56.96,1008.63,0,none
N01,2026-01-01T00:09:04,26.07,51.18,1007.33,0,none
N02,2026-01-01T00:09:04,25.0,55.56,1007.9,0,none
N03,2026-01-01T00:09:04,35.31,73.11,1028.48,1,drift
N04,2026-01-01T00:09:04,19.42,57.66,1007.18,1,spoof
N05,2026-01-01T00:09:04,24.6,52.09,1008.28,0,none
N06,2026-01-01T00:09:04,20.06,39.3,994.46,1,drift
N07,2026-01-01T00:09:04,26.08,51.47,1008.87,0,none
N08,2026-01-01T00:09:04,32.0,67.11,1021.11,1,drift
N09,2026-01-01T00:09:04,26.72,52.57,1006.9,0,none
N10,2026-01-01T00:09:04,25.12,56.07,1008.17,0,none
N01,2026-01-01T00:09:05,32.35,70.41,1031.02,1,spike
N02,2026-01-01T00:09:05,25.41,54.92,1008.38,0,none
N03,2026-01-01T00:09:05,35.6,73.35,1029.26,1,drift
N04,2026-01-01T00:09:05,30.9,38.66,1014.96,1,spoof
N05,2026-01-01T00:09:05,24.92,52.64,1008.56,0,none
N06,2026-01-01T00:09:05,20.06,37.19,994.43,1,drift
N07,2026-01-01T00:09:05,26.25,51.13,1008.98,0,none
N08,2026-01-01T00:09:05,31.88,68.12,1021.48,1,drift
N09,2026-01-01T00:09:05,26.57,53.17,,0,none
N10,2026-01-01T00:09:05,25.15,55.66,1007.76,0,none
N01,2026-01-01T00:09:06,33.71,70.63,1025.02,1,spike
N02,2026-01-01T00:09:06,25.46,54.98,1008.35,0,none
N03,2026-01-01T00:09:06,35.52,74.61,1029.82,1,drift
N04,2026-01-01T00:09:06,35.72,85.51,983.07,1,spoof
N05,2026-01-01T00:09:06,24.93,51.6,1008.44,0,none
N06,2026-01-01T00:09:06,19.69,37.66,993.07,1,drift
N07,2026-01-01T00:09:06,26.39,51.26,1008.37,0,none
N08,2026-01-01T00:09:06,32.21,67.63,1022.09,1,drift
N09,2026-01-01T00:09:06,26.56,53.91,1007.03,0,none
N10,2026-01-01T00:09:06,24.9,56.15,1008.03,0,none
N01,2026-01-01T00:09:07,35.83,71.27,1025.7,1,spike
N02,2026-01-01T00:09:07,25.37,55.19,1008.15,0,none
N03,2026-01-01T00:09:07,35.88,73.96,1030.48,1,drift
N04,2026-01-01T00:09:07,22.11,50.95,1023.13,1,spoof
N05,2026-01-01T00:09:07,24.89,52.52,1008.37,0,none
N06,2026-01-01T00:09:07,19.14,37.34,992.49,1,drift
N07,2026-01-01T00:09:07,26.73,50.99,1008.68,0,none
N08,2026-01-01T00:09:07,32.33,68.23,1022.9,1,drift
N09,2026-01-01T00:09:07,26.64,52.46,1006.8,0,none
N10,2026-01-01T00:09:07,25.1,56.41,1007.85,0,none
N01,2026-01-01T00:09:08,35.63,71.68,1028.12,1,spike
N02,2026-01-01T00:09:08,25.32,55.88,1008.42,0,none
N03,2026-01-01T00:09:08,26.57,51.8,1007.7,0,none
N04,2026-01-01T00:09:08,28.95,42.55,995.51,1,spoof
N05,2026-01-01T00:09:08,25.03,52.68,1007.99,0,none
N06,2026-01-01T00:09:08,19.43,37.23,992.56,1,drift
N07,2026-01-01T00:09:08,26.61,52.23,1008.43,0,none
N08,2026-01-01T00:09:08,33.07,69.43,1022.98,1,drift
N09,2026-01-01T00:09:08,26.38,52.73,1006.63,0,none
N10,2026-01-01T00:09:08,25.15,55.57,1007.9,0,none
N01,2026-01-01T00:09:09,35.05,77.23,1022.79,1,spike
N02,2026-01-01T00:09:09,25.75,55.85,1008.75,0,none
N03,2026-01-01T00:09:09,26.34,51.51,1007.69,0,none
N04,2026-01-01T00:09:09,29.36,82.18,1035.63,1,spoof
N05,2026-01-01T00:09:09,25.22,52.56,1008.65,0,none
N06,2026-01-01T00:09:09,19.11,36.35,991.05,1,drift
N07,2026-01-01T00:09:09,26.38,51.31,1008.37,0,none
N08,2026-01-01T00:09:09,33.22,69.33,1023.58,1,drift
N09,2026-01-01T00:09:09,26.89,53.37,1006.76,0,none
N10,2026-01-01T00:09:09,25.14,56.14,1008.42,0,none
N01,2026-01-01T00:09:10,34.81,76.73,1032.06,1,spike
N02,2026-01-01T00:09:10,25.3,55.14,1008.21,0,none
N03,2026-01-01T00:09:10,26.5,52.85,1007.69,0,none
N04,2026-01-01T00:09:10,15.11,85.08,1035.57,1,spoof
N05,2026-01-01T00:09:10,25.05,53.73,1008.87,0,none
N06,2026-01-01T00:09:10,18.48,36.2,991.06,1,drift
N07,2026-01-01T00:09:10,26.48,51.79,1008.6,0,none
N08,2026-01-01T00:09:10,33.74,71.35,1024.63,1,drift
N09,2026-01-01T00:09:10,26.89,53.63,1007.41,0,none
N10,2026-01-01T00:09:10,25.3,55.57,1008.31,0,none
N01,2026-01-01T00:09:11,26.22,52.07,1007.18,0,none
N02,2026-01-01T00:09:11,25.56,55.47,1008.17,0,none
N03,2026-01-01T00:09:11,26.64,52.35,1007.41,0,none
N04,2026-01-01T00:09:11,15.88,72.39,1006.97,1,spoof
N05,2026-01-01T00:09:11,25.16,52.83,1008.86,0,none
N06,2026-01-01T00:09:11,18.59,35.64,989.89,1,drift
N07,2026-01-01T00:09:11,26.47,51.49,1008.28,0,none
N08,2026-01-01T00:09:11,33.72,72.0,1024.93,1,drift
N09,2026-01-01T00:09:11,26.76,53.82,1007.04,0,none
N10,2026-01-01T00:09:11,25.12,56.74,1008.24,0,none
N01,2026-01-01T00:09:12,26.05,51.77,1008.07,0,none
N02,2026-01-01T00:09:12,25.32,56.06,1008.51,0,none
N03,2026-01-01T00:09:12,26.75,52.38,1007.85,0,none
N04,2026-01-01T00:09:12,31.57,72.29,1002.87,1,spoof
N05,2026-01-01T00:09:12,25.08,52.08,1008.08,0,none
N06,2026-01-01T00:09:12,18.19,35.2,989.58,1,drift
N07,2026-01-01T00:09:12,26.27,51.88,1009.13,0,none
N08,2026-01-01T00:09:12,34.24,71.03,1025.75,1,drift
N09,2026-01-01T00:09:12,26.73,53.91,1007.26,0,none
N10,2026-01-01T00:09:12,25.27,56.75,1007.69,0,none
N01,2026-01-01T00:09:13,26.16,52.4,1008.0,0,none
N02,2026-01-01T00:09:13,25.13,56.12,1008.71,0,none
N03,2026-01-01T00:09:13,26.48,52.96,1007.44,0,none
N04,2026-01-01T00:09:13,39.54,73.34,988.97,1,spoof
N05,2026-01-01T00:09:13,24.71,53.12,1008.21,0,none
N06,2026-01-01T00:09:13,18.01,34.12,989.06,1,drift
N07,2026-01-01T00:09:13,26.53,52.8,1008.9,0,none
N08,2026-01-01T00:09:13,34.14,73.08,1025.6,1,drift
N09,2026-01-01T00:09:13,26.62,53.46,1007.11,0,none
N10,2026-01-01T00:09:13,25.48,56.9,1008.7,0,none
N01,2026-01-01T00:09:14,26.27,51.62,1007.46,0,none
N02,2026-01-01T00:09:14,25.54,56.19,1008.5,0,none
N03,2026-01-01T00:09:14,26.4,53.05,1007.4,0,none
N04,2026-01-01T00:09:14,18.81,50.53,997.42,1,spoof
N05,2026-01-01T00:09:14,25.13,52.64,1008.67,0,none
N06,2026-01-01T00:09:14,18.01,33.42,989.17,1,drift
N07,2026-01-01T00:09:14,26.21,52.05,1008.62,0,none
N08,2026-01-01T00:09:14,34.25,73.35,1027.55,1,drift
N09,2026-01-01T00:09:14,26.85,53.11,1007.36,0,none
N10,2026-01-01T00:09:14,25.01,56.48,1008.82,0,none
N01,2026-01-01T00:09:15,25.78,52.28,1007.7,0,none
N02,2026-01-01T00:09:15,25.59,55.93,1008.88,0,none
N03,2026-01-01T00:09:15,26.67,53.22,1007.91,0,none
N04,2026-01-01T00:09:15,37.28,44.35,1016.9,1,spoof
N05,2026-01-01T00:09:15,25.2,52.98,1008.16,0,none
N06,2026-01-01T00:09:15,17.29,33.43,988.15,1,drift
N07,2026-01-01T00:09:15,26.29,51.79,1009.05,0,none
N08,2026-01-01T00:09:15,34.79,74.54,1027.68,1,drift
N09,2026-01-01T00:09:15,26.46,53.83,1007.34,0,none
N10,2026-01-01T00:09:15,25.51,55.89,1008.79,0,none
N01,2026-01-01T00:09:16,25.96,52.97,1008.03,0,none
N02,2026-01-01T00:09:16,25.42,55.52,1008.72,0,none
N03,2026-01-01T00:09:16,26.85,53.21,1008.53,0,none
N04,2026-01-01T00:09:16,25.79,67.26,1007.76,1,spoof
N05,2026-01-01T00:09:16,24.96,53.89,1008.53,0,none
N06,2026-01-01T00:09:16,17.13,32.74,986.87,1,drift
N07,2026-01-01T00:09:16,26.26,52.77,1009.17,0,none
N08,2026-01-01T00:09:16,34.93,74.73,1028.54,1,drift
N09,2026-01-01T00:09:16,26.64,54.36,1007.66,0,none
N10,2026-01-01T00:09:16,25.14,56.55,1008.69,0,none
N01,2026-01-01T00:09:17,26.0,53.16,1008.11,0,none
N02,2026-01-01T00:09:17,25.5,56.2,1008.74,0,none
N03,2026-01-01T00:09:17,26.52,53.72,1007.79,0,none
N04,2026-01-01T00:09:17,22.4,38.94,1028.23,1,spoof
N05,2026-01-01T00:09:17,25.34,53.55,1008.98,0,none
N06,2026-01-01T00:09:17,17.17,31.71,986.97,1,drift
N07,2026-01-01T00:09:17,26.47,51.77,1009.05,0,none
N08,2026-01-01T00:09:17,35.34,75.79,1028.97,1,drift
N09,2026-01-01T00:09:17,27.0,53.64,1007.35,0,none
N10,2026-01-01T00:09:17,25.08,56.24,1008.21,0,none
N01,2026-01-01T00:09:18,26.01,53.51,1008.15,0,none
N02,2026-01-01T00:09:18,25.68,56.36,1008.67,0,none
N03,2026-01-01T00:09:18,26.53,53.16,1008.24,0,none
N04,2026-01-01T00:09:18,37.61,49.5,1004.4,1,spoof
N05,2026-01-01T00:09:18,24.89,54.51,1009.09,0,none
N06,2026-01-01T00:09:18,16.98,32.08,986.38,1,drift
N07,2026-01-01T00:09:18,26.26,52.76,1009.67,0,none
N08,2026-01-01T00:09:18,35.61,77.11,1029.65,1,drift
N09,2026-01-01T00:09:18,26.62,54.5,1007.72,0,none
N10,2026-01-01T00:09:18,25.1,56.72,1009.0,0,none
N01,2026-01-01T00:09:19,26.21,52.12,1007.9,0,none
N02,2026-01-01T00:09:19,25.51,55.82,1008.71,0,none
N03,2026-01-01T00:09:19,26.51,52.74,1008.07,0,none
N04,2026-01-01T00:09:19,35.61,36.46,1014.54,1,spoof
N05,2026-01-01T00:09:19,25.01,53.2,1008.9,0,none
N06,2026-01-01T00:09:19,16.64,30.71,985.31,1,drift
N07,2026-01-01T00:09:19,26.88,53.3,1009.12,0,none
N08,2026-01-01T00:09:19,36.03,77.4,1030.41,1,drift
N09,2026-01-01T00:09:19,27.11,53.72,1008.03,0,none
N10,2026-01-01T00:09:19,25.26,56.76,1008.97,0,none
N01,2026-01-01T00:09:20,26.33,52.7,1007.76,0,none
N02,2026-01-01T00:09:20,25.72,56.78,1009.04,0,none
N03,2026-01-01T00:09:20,26.77,51.81,1008.51,0,none
N04,2026-01-01T00:09:20,26.34,75.07,989.21,1,spoof
N05,2026-01-01T00:09:20,25.31,53.3,1008.31,0,none
N06,2026-01-01T00:09:20,16.23,30.77,985.24,1,drift
N07,2026-01-01T00:09:20,26.66,52.76,1009.44,0,none
N08,2026-01-01T00:09:20,36.52,78.31,1030.56,1,drift
N09,2026-01-01T00:09:20,26.54,54.96,1007.57,0,none
N10,2026-01-01T00:09:20,25.37,56.5,1008.85,0,none
N01,2026-01-01T00:09:21,26.43,52.69,1007.7,0,none
N02,2026-01-01T00:09:21,25.83,56.45,1008.64,0,none
N03,2026-01-01T00:09:21,26.77,51.63,1008.29,0,none
N04,2026-01-01T00:09:21,35.47,76.88,1014.8,1,spoof
N05,2026-01-01T00:09:21,25.34,53.47,1008.62,0,none
N06,2026-01-01T00:09:21,16.08,30.0,985.24,1,drift
N07,2026-01-01T00:09:21,26.76,52.2,1009.61,0,none
N08,2026-01-01T00:09:21,36.35,77.69,1031.55,1,drift
N09,2026-01-01T00:09:21,27.09,55.22,1007.65,0,none
N10,2026-01-01T00:09:21,25.58,56.43,1008.63,0,none
N01,2026-01-01T00:09:22,26.6,53.53,1007.84,0,none
N02,2026-01-01T00:09:22,25.9,56.62,1009.27,0,none
N03,2026-01-01T00:09:22,27.07,53.15,1008.61,0,none
N04,2026-01-01T00:09:22,32.76,41.73,1032.68,1,spoof
N05,2026-01-01T00:09:22,25.35,53.77,1008.74,0,none
N06,2026-01-01T00:09:22,16.29,30.0,983.89,1,drift
N07,2026-01-01T00:09:22,26.88,52.16,1009.24,0,none
N08,2026-01-01T00:09:22,36.69,79.11,1032.29,1,drift
N09,2026-01-01T00:09:22,26.99,54.36,1008.08,0,none
N10,2026-01-01T00:09:22,25.62,56.98,1009.1,0,none
N01,2026-01-01T00:09:23,26.56,52.84,1008.12,0,none
N02,2026-01-01T00:09:23,25.62,56.36,1009.21,0,none
N03,2026-01-01T00:09:23,26.9,53.26,1008.22,0,none
N04,2026-01-01T00:09:23,25.47,54.09,1008.71,0,none
N05,2026-01-01T00:09:23,25.27,53.35,1009.01,0,none
N06,2026-01-01T00:09:23,15.56,30.0,984.46,1,drift
N07,2026-01-01T00:09:23,26.87,52.58,1008.75,0,none
N08,2026-01-01T00:09:23,37.33,80.62,1032.7,1,drift
N09,2026-01-01T00:09:23,27.52,54.05,1007.55,0,none
N10,2026-01-01T00:09:23,25.51,56.56,1009.43,0,none
N01,2026-01-01T00:09:24,26.42,53.04,1008.0,0,none
N02,2026-01-01T00:09:24,25.94,56.78,1008.32,0,none
N03,2026-01-01T00:09:24,27.18,54.58,1008.21,0,none
N04,2026-01-01T00:09:24,25.6,53.52,1008.47,0,none
N05,2026-01-01T00:09:24,25.21,53.81,1008.43,0,none
N06,2026-01-01T00:09:24,15.38,30.0,983.53,1,drift
N07,2026-01-01T00:09:24,26.56,52.58,1009.75,0,none
N08,2026-01-01T00:09:24,37.27,80.13,1033.66,1,drift
N09,2026-01-01T00:09:24,26.88,55.16,1007.87,0,none
N10,2026-01-01T00:09:24,25.61,57.17,1009.04,0,none
N01,2026-01-01T00:09:25,26.57,52.53,1007.92,0,none
N02,2026-01-01T00:09:25,25.7,56.5,1009.07,0,none
N03,2026-01-01T00:09:25,27.06,53.27,1008.31,0,none
N04,2026-01-01T00:09:25,25.28,54.62,1009.33,0,none
N05,2026-01-01T00:09:25,25.24,54.43,1008.84,0,none
N06,2026-01-01T00:09:25,15.59,30.0,982.52,1,drift
N07,2026-01-01T00:09:25,27.08,52.9,1009.56,0,none
N08,2026-01-01T00:09:25,37.69,82.08,1034.72,1,drift
N09,2026-01-01T00:09:25,27.04,53.0,1008.2,0,none
N10,2026-01-01T00:09:25,25.39,57.04,1009.22,0,none
N01,2026-01-01T00:09:26,26.74,53.44,1007.71,0,none
N02,2026-01-01T00:09:26,25.48,57.05,1008.76,0,none
N03,2026-01-01T00:09:26,26.96,53.52,1008.42,0,none
N04,2026-01-01T00:09:26,25.49,54.0,1008.53,0,none
N05,2026-01-01T00:09:26,25.22,53.79,1009.11,0,none
N06,2026-01-01T00:09:26,15.02,30.0,982.26,1,drift
N07,2026-01-01T00:09:26,26.76,52.83,1009.37,0,none
N08,2026-01-01T00:09:26,37.65,80.89,1035.17,1,drift
N09,2026-01-01T00:09:26,26.87,54.44,1007.96,0,none
N10,2026-01-01T00:09:26,25.61,56.5,1008.71,0,none
N01,2026-01-01T00:09:27,26.41,52.62,1007.65,0,none
N02,2026-01-01T00:09:27,25.69,56.95,1008.84,0,none
N03,2026-01-01T00:09:27,26.7,53.63,1008.21,0,none
N04,2026-01-01T00:09:27,25.58,54.66,1008.77,0,none
N05,2026-01-01T00:09:27,25.72,54.25,1009.03,0,none
N06,2026-01-01T00:09:27,15.0,30.0,981.25,1,drift
N07,2026-01-01T00:09:27,26.94,53.42,1009.96,0,none
N08,2026-01-01T00:09:27,26.78,53.91,1007.15,0,none
N09,2026-01-01T00:09:27,27.1,55.5,1007.11,0,none
N10,2026-01-01T00:09:27,25.61,57.52,1008.61,0,none
N01,2026-01-01T00:09:28,26.32,53.37,1008.14,0,none
N02,2026-01-01T00:09:28,25.64,56.52,1008.77,0,none
N03,2026-01-01T00:09:28,26.61,52.73,1008.6,0,none
N04,2026-01-01T00:09:28,25.42,54.44,1008.83,0,none
N05,2026-01-01T00:09:28,25.45,54.19,1008.74,0,none
N06,2026-01-01T00:09:28,15.0,30.0,981.01,1,drift
N07,2026-01-01T00:09:28,26.88,52.3,1009.72,0,none
N08,2026-01-01T00:09:28,26.86,54.06,1007.69,0,none
N09,2026-01-01T00:09:28,27.05,54.06,1007.81,0,none
N10,2026-01-01T00:09:28,25.14,56.75,1008.96,0,none
N01,2026-01-01T00:09:29,26.55,52.48,1008.53,0,none
N02,2026-01-01T00:09:29,25.78,56.66,1008.8,0,none
N03,2026-01-01T00:09:29,27.2,53.06,1008.06,0,none
N04,2026-01-01T00:09:29,25.55,53.12,1008.76,0,none
N05,2026-01-01T00:09:29,25.75,53.75,1009.14,0,none
N06,2026-01-01T00:09:29,15.0,30.0,980.0,1,drift
N07,2026-01-01T00:09:29,26.79,53.57,1009.09,0,none
N08,2026-01-01T00:09:29,26.77,55.2,1007.49,0,none
N09,2026-01-01T00:09:29,27.04,55.01,1007.99,0,none
N10,2026-01-01T00:09:29,25.69,57.18,1008.64,0,none
N01,2026-01-01T00:09:30,26.53,53.3,1008.2,0,none
N02,2026-01-01T00:09:30,25.79,56.41,1009.03,0,none
N03,2026-01-01T00:09:30,27.03,53.71,1008.65,0,none
N04,2026-01-01T00:09:30,25.56,53.84,1009.07,0,none
N05,2026-01-01T00:09:30,25.39,53.41,1008.83,0,none
N06,2026-01-01T00:09:30,15.0,30.0,980.0,1,drift
N07,2026-01-01T00:09:30,26.8,52.76,1009.7,0,none
N08,2026-01-01T00:09:30,26.57,54.37,1007.67,0,none
N09,2026-01-01T00:09:30,27.21,54.14,1007.68,0,none
N10,2026-01-01T00:09:30,25.8,57.25,1008.67,0,none
N01,2026-01-01T00:09:31,26.63,53.54,1008.0,0,none
N02,2026-01-01T00:09:31,25.91,57.42,1009.0,0,none
N03,2026-01-01T00:09:31,26.9,53.51,1009.0,0,none
N04,2026-01-01T00:09:31,25.34,54.41,1008.99,0,none
N05,2026-01-01T00:09:31,25.52,54.47,1008.59,0,none
N06,2026-01-01T00:09:31,26.49,54.99,1008.97,0,none
N07,2026-01-01T00:09:31,26.92,54.26,1009.56,0,none
N08,2026-01-01T00:09:31,26.87,55.04,1007.78,0,none
N09,2026-01-01T00:09:31,27.32,54.39,1007.48,0,none
N10,2026-01-01T00:09:31,25.61,57.73,1009.3,0,none
N01,2026-01-01T00:09:32,26.75,53.61,1007.75,0,none
N02,2026-01-01T00:09:32,25.85,56.28,1008.74,0,none
N03,2026-01-01T00:09:32,27.23,53.39,1008.27,0,none
N04,2026-01-01T00:09:32,25.49,55.06,1008.67,0,none
N05,2026-01-01T00:09:32,25.51,54.36,1008.74,0,none
N06,2026-01-01T00:09:32,26.61,54.38,1009.26,0,none
N07,2026-01-01T00:09:32,27.2,53.81,1009.37,0,none
N08,2026-01-01T00:09:32,26.75,56.17,1007.5,0,none
N09,2026-01-01T00:09:32,27.22,54.98,1008.05,0,none
N10,2026-01-01T00:09:32,25.89,56.95,1009.24,0,none
N01,2026-01-01T00:09:33,26.42,53.42,1008.37,0,none
N02,2026-01-01T00:09:33,25.78,57.55,1009.42,0,none
N03,2026-01-01T00:09:33,27.0,54.1,1008.95,0,none
N04,2026-01-01T00:09:33,25.46,55.1,1008.88,0,none
N05,2026-01-01T00:09:33,25.51,54.42,1009.01,0,none
N06,2026-01-01T00:09:33,26.69,54.83,1009.29,0,none
N07,2026-01-01T00:09:33,26.96,53.03,1009.37,0,none
N08,2026-01-01T00:09:33,26.89,55.24,1008.16,0,none
N09,2026-01-01T00:09:33,27.38,54.67,1007.92,0,none
N10,2026-01-01T00:09:33,25.91,57.4,1009.29,0,none
N01,2026-01-01T00:09:34,26.55,52.97,1008.68,0,none
N02,2026-01-01T00:09:34,25.75,57.06,1009.27,0,none
N03,2026-01-01T00:09:34,27.18,53.4,1008.22,0,none
N04,2026-01-01T00:09:34,25.47,54.79,1008.51,0,none
N05,2026-01-01T00:09:34,25.2,54.46,1008.99,0,none
N06,2026-01-01T00:09:34,26.6,54.36,1009.32,0,none
N07,2026-01-01T00:09:34,30.08,48.14,1011.16,1,spoof
N08,2026-01-01T00:09:34,26.46,55.85,1008.32,0,none
N09,2026-01-01T00:09:34,27.27,54.66,1007.98,0,none
N10,2026-01-01T00:09:34,25.51,57.25,1008.91,0,none
N01,2026-01-01T00:09:35,26.5,53.62,1008.8,0,none
N02,2026-01-01T00:09:35,26.01,55.86,1009.27,0,none
N03,2026-01-01T00:09:35,27.06,53.16,1008.39,0,none
N04,2026-01-01T00:09:35,25.42,54.12,1008.85,0,none
N05,2026-01-01T00:09:35,25.44,54.21,1009.64,0,none
N06,2026-01-01T00:09:35,26.35,53.68,1008.92,0,none
N07,2026-01-01T00:09:35,29.32,69.55,1003.34,1,spoof
N08,2026-01-01T00:09:35,26.92,54.25,1008.74,0,none
N09,2026-01-01T00:09:35,27.27,54.66,1007.73,0,none
N10,2026-01-01T00:09:35,25.7,56.15,1009.06,0,none
N01,2026-01-01T00:09:36,26.74,53.8,1008.37,0,none
N02,2026-01-01T00:09:36,25.94,57.31,1009.53,0,none
N03,2026-01-01T00:09:36,26.95,53.53,1008.89,0,none
N04,2026-01-01T00:09:36,25.61,55.55,1008.86,0,none
N05,2026-01-01T00:09:36,25.67,54.92,1009.18,0,none
N06,2026-01-01T00:09:36,26.6,54.78,1009.01,0,none
N07,2026-01-01T00:09:36,22.27,55.63,1034.28,1,spoof
N08,2026-01-01T00:09:36,26.73,55.19,1007.77,0,none
N09,2026-01-01T00:09:36,27.25,55.48,1007.77,0,none
N10,2026-01-01T00:09:36,25.77,57.87,1009.11,0,none
N01,2026-01-01T00:09:37,26.63,54.33,1008.39,0,none
N02,2026-01-01T00:09:37,25.71,56.62,1008.74,0,none
N03,2026-01-01T00:09:37,27.1,54.61,1008.46,0,none
N04,2026-01-01T00:09:37,25.53,54.14,1009.06,0,none
N05,2026-01-01T00:09:37,25.6,55.16,1009.17,0,none
N06,2026-01-01T00:09:37,26.26,54.96,1008.69,0,none
N07,2026-01-01T00:09:37,35.27,81.37,985.68,1,spoof
N08,2026-01-01T00:09:37,26.91,54.35,1007.81,0,none
N09,2026-01-01T00:09:37,27.49,54.93,1007.5,0,none
N10,2026-01-01T00:09:37,25.59,58.45,1008.84,0,none
N01,2026-01-01T00:09:38,26.86,54.16,1008.21,0,none
N02,2026-01-01T00:09:38,25.79,57.67,1009.47,0,none
N03,2026-01-01T00:09:38,26.99,53.9,1008.44,0,none
N04,2026-01-01T00:09:38,25.54,54.16,1009.51,0,none
N05,2026-01-01T00:09:38,25.51,55.73,1008.57,0,none
N06,2026-01-01T00:09:38,26.48,54.32,1009.82,0,none
N07,2026-01-01T00:09:38,29.41,39.79,988.09,1,spoof
N08,2026-01-01T00:09:38,26.48,55.09,1008.15,0,none
N09,2026-01-01T00:09:38,27.16,55.79,1007.66,0,none
N10,2026-01-01T00:09:38,25.59,58.06,1008.92,0,none
N01,2026-01-01T00:09:39,27.03,54.69,1008.63,0,none
N02,2026-01-01T00:09:39,25.95,57.73,1009.47,0,none
N03,2026-01-01T00:09:39,26.79,55.61,1008.72,0,none
N04,2026-01-01T00:09:39,25.67,55.28,1009.13,0,none
N05,2026-01-01T00:09:39,25.68,55.14,1009.7,0,none
N06,2026-01-01T00:09:39,26.72,55.35,1008.6,0,none
N07,2026-01-01T00:09:39,33.64,76.14,1014.85,1,spoof
N08,2026-01-01T00:09:39,27.01,55.89,1008.11,0,none
N09,2026-01-01T00:09:39,27.37,54.83,1007.84,0,none
N10,2026-01-01T00:09:39,25.88,57.41,1008.88,0,none
N01,2026-01-01T00:09:40,26.89,54.36,1008.5,0,none
N02,2026-01-01T00:09:40,26.01,57.84,1009.55,0,none
N03,2026-01-01T00:09:40,26.9,55.19,1009.29,0,none
N04,2026-01-01T00:09:40,25.83,54.65,1009.11,0,none
N05,2026-01-01T00:09:40,25.88,55.65,1009.14,0,none
N06,2026-01-01T00:09:40,26.59,55.29,1009.41,0,none
N07,2026-01-01T00:09:40,23.81,79.21,980.69,1,spoof
N08,2026-01-01T00:09:40,26.71,54.9,1007.96,0,none
N09,2026-01-01T00:09:40,27.59,56.57,1008.66,0,none
N10,2026-01-01T00:09:40,25.67,58.02,1009.08,0,none
N01,2026-01-01T00:09:41,26.64,54.18,1008.47,0,none
N02,2026-01-01T00:09:41,26.19,57.11,1010.12,0,none
N03,2026-01-01T00:09:41,27.07,54.91,1009.16,0,none
N04,2026-01-01T00:09:41,25.87,55.37,1008.77,0,none
N05,2026-01-01T00:09:41,25.65,55.48,1010.25,0,none
N06,2026-01-01T00:09:41,26.42,55.19,1009.26,0,none
N07,2026-01-01T00:09:41,39.15,87.72,1003.25,1,spoof
N08,2026-01-01T00:09:41,26.83,55.52,1008.13,0,none
N09,2026-01-01T00:09:41,19.64,30.0,982.61,1,spike
N10,2026-01-01T00:09:41,25.61,57.79,1009.17,0,none
N01,2026-01-01T00:09:42,26.82,53.9,1008.65,0,none
N02,2026-01-01T00:09:42,26.14,58.08,1010.28,0,none
N03,2026-01-01T00:09:42,27.06,54.95,1009.13,0,none
N04,2026-01-01T00:09:42,25.82,56.17,1009.13,0,none
N05,2026-01-01T00:09:42,25.68,54.62,1009.48,0,none
N06,2026-01-01T00:09:42,26.52,55.49,1009.49,0,none
N07,2026-01-01T00:09:42,20.69,41.95,985.26,1,spoof
N08,2026-01-01T00:09:42,26.83,55.4,1008.14,0,none
N09,2026-01-01T00:09:42,20.44,38.89,984.32,1,spike
N10,2026-01-01T00:09:42,25.78,58.37,1009.57,0,none
N01,2026-01-01T00:09:43,26.75,53.68,1008.7,0,none
N02,2026-01-01T00:09:43,26.28,59.04,1009.87,0,none
N03,2026-01-01T00:09:43,27.29,55.62,1009.2,0,none
N04,2026-01-01T00:09:43,25.6,55.83,1008.99,0,none
N05,2026-01-01T00:09:43,25.61,56.19,1009.8,0,none
N06,2026-01-01T00:09:43,26.67,55.99,1009.73,0,none
N07,2026-01-01T00:09:43,39.0,78.24,1014.01,1,spoof
N08,2026-01-01T00:09:43,26.9,56.33,1008.7,0,none
N09,2026-01-01T00:09:43,19.78,37.26,987.31,1,spike
N10,2026-01-01T00:09:43,25.66,58.12,1009.64,0,none
N01,2026-01-01T00:09:44,26.67,54.97,1008.75,0,none
N02,2026-01-01T00:09:44,26.13,57.86,1009.58,0,none
N03,2026-01-01T00:09:44,27.53,54.91,1009.25,0,none
N04,2026-01-01T00:09:44,25.65,55.52,1009.44,0,none
N05,2026-01-01T00:09:44,25.74,55.64,1010.19,0,none
N06,2026-01-01T00:09:44,26.91,56.88,1009.24,0,none
N07,2026-01-01T00:09:44,28.65,59.71,999.26,1,spoof
N08,2026-01-01T00:09:44,26.89,55.66,1008.9,0,none
N09,2026-01-01T00:09:44,17.16,32.8,989.12,1,spike
N10,2026-01-01T00:09:44,25.8,58.9,1009.24,0,none
N01,2026-01-01T00:09:45,27.04,54.12,1009.04,0,none
N02,2026-01-01T00:09:45,26.12,58.03,1009.68,0,none
N03,2026-01-01T00:09:45,27.49,54.86,1008.67,0,none
N04,2026-01-01T00:09:45,25.65,55.59,1009.13,0,none
N05,2026-01-01T00:09:45,25.63,55.23,1009.19,0,none
N06,2026-01-01T00:09:45,26.77,55.77,1009.8,0,none
N07,2026-01-01T00:09:45,17.31,75.0,1024.78,1,spoof
N08,2026-01-01T00:09:45,26.87,56.4,1008.3,0,none
N09,2026-01-01T00:09:45,18.23,36.33,992.29,1,spike
N10,2026-01-01T00:09:45,25.89,58.14,1009.55,0,none
N01,2026-01-01T00:09:46,26.87,55.33,1009.19,0,none
N02,2026-01-01T00:09:46,26.12,58.98,1010.15,0,none
N03,2026-01-01T00:09:46,27.32,55.17,1009.29,0,none
N04,2026-01-01T00:09:46,25.83,56.21,1009.71,0,none
N05,2026-01-01T00:09:46,25.68,55.46,1009.97,0,none
N06,2026-01-01T00:09:46,26.57,57.05,1009.68,0,none
N07,2026-01-01T00:09:46,33.08,59.78,980.38,1,spoof
N08,2026-01-01T00:09:46,27.13,56.58,1007.79,0,none
N09,2026-01-01T00:09:46,27.73,57.81,1008.56,0,none
N10,2026-01-01T00:09:46,26.15,60.29,1009.86,0,none
N01,2026-01-01T00:09:47,26.6,54.51,1009.22,0,none
N02,2026-01-01T00:09:47,26.01,57.61,1010.02,0,none
N03,2026-01-01T00:09:47,27.58,56.85,1009.79,1,drift
N04,2026-01-01T00:09:47,25.74,55.33,1009.36,0,none
N05,2026-01-01T00:09:47,25.71,55.48,1010.18,0,none
N06,2026-01-01T00:09:47,26.6,56.22,1010.17,0,none
N07,2026-01-01T00:09:47,17.29,88.0,1019.47,1,spoof
N08,2026-01-01T00:09:47,26.72,57.47,1008.65,0,none
N09,2026-01-01T00:09:47,27.46,56.81,1008.91,0,none
N10,2026-01-01T00:09:47,25.74,58.24,1009.86,0,none
N01,2026-01-01T00:09:48,27.34,55.72,1009.29,0,none
N02,2026-01-01T00:09:48,26.45,58.14,1010.23,0,none
N03,2026-01-01T00:09:48,27.69,56.58,1010.7,1,drift
N04,2026-01-01T00:09:48,25.88,56.67,1009.63,0,none
N05,2026-01-01T00:09:48,25.94,56.35,1009.77,0,none
N06,2026-01-01T00:09:48,26.68,56.34,1009.44,0,none
N07,2026-01-01T00:09:48,35.84,48.52,1009.13,1,spoof
N08,2026-01-01T00:09:48,27.14,56.6,1008.45,0,none
N09,2026-01-01T00:09:48,27.76,55.99,1008.49,0,none
N10,2026-01-01T00:09:48,25.92,59.05,1009.95,0,none
N01,2026-01-01T00:09:49,27.11,55.14,1009.47,0,none
N02,2026-01-01T00:09:49,26.4,58.93,1010.07,0,none
N03,2026-01-01T00:09:49,28.25,57.89,1011.27,1,drift
N04,2026-01-01T00:09:49,25.83,55.96,1009.64,1,stuck
N05,2026-01-01T00:09:49,26.0,54.86,1010.01,0,none
N06,2026-01-01T00:09:49,27.04,55.42,1009.47,0,none
N07,2026-01-01T00:09:49,15.67,57.25,1036.32,1,spoof
N08,2026-01-01T00:09:49,27.37,56.07,1009.12,0,none
N09,2026-01-01T00:09:49,27.84,56.77,1009.07,0,none
N10,2026-01-01T00:09:49,26.25,58.73,1009.98,0,none
N01,2026-01-01T00:09:50,27.12,55.02,1009.4,0,none
N02,2026-01-01T00:09:50,26.46,57.89,1009.79,0,none
N03,2026-01-01T00:09:50,28.72,58.17,1011.63,1,drift
N04,2026-01-01T00:09:50,25.83,55.96,1009.64,1,stuck
N05,2026-01-01T00:09:50,26.18,56.19,1009.72,0,none
N06,2026-01-01T00:09:50,27.04,56.88,1009.4,0,none
N07,2026-01-01T00:09:50,28.4,68.45,1013.02,1,spoof
N08,2026-01-01T00:09:50,27.2,56.45,1008.84,0,none
N09,2026-01-01T00:09:50,27.52,56.29,1008.92,0,none
N10,2026-01-01T00:09:50,26.23,58.16,1009.85,0,none
N01,2026-01-01T00:09:51,27.17,55.11,1008.99,0,none
N02,2026-01-01T00:09:51,26.45,57.83,1010.33,0,none
N03,2026-01-01T00:09:51,28.94,57.68,1012.44,1,drift
N04,2026-01-01T00:09:51,25.83,55.96,1009.64,1,stuck
N05,2026-01-01T00:09:51,25.83,55.42,1009.48,0,none
N06,2026-01-01T00:09:51,26.67,56.65,1009.42,0,none
N07,2026-01-01T00:09:51,18.24,31.41,1001.87,1,spoof
N08,2026-01-01T00:09:51,27.05,56.44,1008.9,0,none
N09,2026-01-01T00:09:51,27.67,57.64,1008.38,0,none
N10,2026-01-01T00:09:51,26.14,59.11,1010.52,0,none
N01,2026-01-01T00:09:52,27.05,55.35,1009.26,0,none
N02,2026-01-01T00:09:52,26.38,58.35,1010.06,0,none
N03,2026-01-01T00:09:52,29.16,58.9,1013.37,1,drift
N04,2026-01-01T00:09:52,25.83,55.96,1009.64,1,stuck
N05,2026-01-01T00:09:52,25.93,56.35,1009.82,0,none
N06,2026-01-01T00:09:52,27.02,55.97,1009.73,0,none
N07,2026-01-01T00:09:52,15.73,36.2,1028.13,1,spoof
N08,2026-01-01T00:09:52,27.36,56.57,1008.37,0,none
N09,2026-01-01T00:09:52,27.69,57.19,1009.43,0,none
N10,2026-01-01T00:09:52,26.1,59.04,1010.57,0,none
N01,2026-01-01T00:09:53,27.39,54.51,1009.42,0,none
N02,2026-01-01T00:09:53,26.37,58.87,1010.49,0,none
N03,2026-01-01T00:09:53,29.57,59.81,1013.85,1,drift
N04,2026-01-01T00:09:53,25.83,55.96,1009.64,1,stuck
N05,2026-01-01T00:09:53,25.96,55.95,1009.78,0,none
N06,2026-01-01T00:09:53,27.02,56.75,1010.17,0,none
N07,2026-01-01T00:09:53,39.9,81.78,981.3,1,spoof
N08,2026-01-01T00:09:53,27.31,57.34,1009.09,0,none
N09,2026-01-01T00:09:53,27.68,56.67,1009.16,0,none
N10,2026-01-01T00:09:53,26.13,60.48,1009.82,0,none
N01,2026-01-01T00:09:54,27.35,55.35,1008.73,0,none
N02,2026-01-01T00:09:54,26.27,59.02,1009.85,0,none
N03,2026-01-01T00:09:54,29.39,61.22,1014.33,1,drift
N04,2026-01-01T00:09:54,25.83,55.96,1009.64,1,stuck
N05,2026-01-01T00:09:54,25.95,56.09,1010.15,0,none
N06,2026-01-01T00:09:54,26.86,56.05,1010.82,0,none
N07,2026-01-01T00:09:54,27.46,86.11,1006.75,1,spoof
N08,2026-01-01T00:09:54,27.18,57.67,1009.04,0,none
N09,2026-01-01T00:09:54,27.74,56.41,1008.52,0,none
N10,2026-01-01T00:09:54,26.42,58.84,1010.07,0,none
N01,2026-01-01T00:09:55,27.2,56.18,1009.18,0,none
N02,2026-01-01T00:09:55,26.9,58.16,1010.18,0,none
N03,2026-01-01T00:09:55,30.11,60.75,1015.01,1,drift
N04,2026-01-01T00:09:55,25.83,55.96,1009.64,1,stuck
N05,2026-01-01T00:09:55,26.22,56.66,1010.21,0,none
N06,2026-01-01T00:09:55,27.09,56.94,1009.77,0,none
N07,2026-01-01T00:09:55,27.31,61.16,1024.77,1,spoof
N08,2026-01-01T00:09:55,27.3,56.72,1008.98,0,none
N09,2026-01-01T00:09:55,28.01,57.26,1008.6,0,none
N10,2026-01-01T00:09:55,26.22,59.65,1010.24,0,none
N01,2026-01-01T00:09:56,27.08,56.01,1009.72,0,none
N02,2026-01-01T00:09:56,26.5,59.3,1010.41,0,none
N03,2026-01-01T00:09:56,30.24,61.64,1015.47,1,drift
N04,2026-01-01T00:09:56,25.83,55.96,1009.64,1,stuck
N05,2026-01-01T00:09:56,26.02,56.85,1010.13,0,none
N06,2026-01-01T00:09:56,27.55,56.29,1010.53,0,none
N07,2026-01-01T00:09:56,16.5,40.8,1007.77,1,spoof
N08,2026-01-01T00:09:56,27.45,57.08,1009.58,0,none
N09,2026-01-01T00:09:56,27.96,55.46,1008.1,1,drift
N10,2026-01-01T00:09:56,26.24,59.04,1010.01,0,none
N01,2026-01-01T00:09:57,27.47,55.74,1009.73,0,none
N02,2026-01-01T00:09:57,26.71,60.14,1010.63,0,none
N03,2026-01-01T00:09:57,30.18,62.78,1016.04,1,drift
N04,2026-01-01T00:09:57,25.83,55.96,1009.64,1,stuck
N05,2026-01-01T00:09:57,26.27,57.24,1010.47,0,none
N06,2026-01-01T00:09:57,27.09,56.31,1009.96,0,none
N07,2026-01-01T00:09:57,34.12,82.22,1006.2,1,spoof
N08,2026-01-01T00:09:57,27.58,57.01,1009.28,0,none
N09,2026-01-01T00:09:57,27.27,55.82,1007.49,1,drift
N10,2026-01-01T00:09:57,26.48,59.14,1009.72,0,none
N01,2026-01-01T00:09:58,27.32,55.97,1009.35,0,none
N02,2026-01-01T00:09:58,26.7,58.76,1010.21,0,none
N03,2026-01-01T00:09:58,31.07,63.25,1016.91,1,drift
N04,2026-01-01T00:09:58,25.83,55.96,1009.64,1,stuck
N05,2026-01-01T00:09:58,26.21,57.16,1010.62,0,none
N06,2026-01-01T00:09:58,27.01,56.35,1010.05,0,none
N07,2026-01-01T00:09:58,25.32,85.82,1000.8,1,spoof
N08,2026-01-01T00:09:58,27.35,57.86,1009.15,0,none
N09,2026-01-01T00:09:58,27.1,55.58,1007.22,1,drift
N10,2026-01-01T00:09:58,26.41,59.41,1010.38,0,none
N01,2026-01-01T00:09:59,27.55,55.73,1009.21,0,none
N02,2026-01-01T00:09:59,26.65,59.73,1010.6,0,none
N03,2026-01-01T00:09:59,30.91,63.52,1017.2,1,drift
N04,2026-01-01T00:09:59,25.83,55.96,1009.64,1,stuck
N05,2026-01-01T00:09:59,26.26,55.74,1010.6,0,none
N06,2026-01-01T00:09:59,27.14,56.09,1009.93,0,none
N07,2026-01-01T00:09:59,31.94,50.46,1005.31,1,spoof
N08,2026-01-01T00:09:59,27.58,57.55,1008.97,0,none
N09,2026-01-01T00:09:59,26.99,55.09,1006.7,1,drift
N10,2026-01-01T00:09:59,26.6,59.18,1010.31,0,none
N01,2026-01-01T00:10:00,27.4,56.37,1009.7,0,none
N02,2026-01-01T00:10:00,26.99,59.11,1010.83,0,none
N03,2026-01-01T00:10:00,31.36,65.32,1017.94,1,drift
N04,2026-01-01T00:10:00,25.83,55.96,1009.64,1,stuck
N05,2026-01-01T00:10:00,26.34,56.89,1010.57,0,none
N06,2026-01-01T00:10:00,27.42,56.66,1010.0,0,none
N07,2026-01-01T00:10:00,20.09,77.66,1035.67,1,spoof
N08,2026-01-01T00:10:00,27.19,57.68,1009.17,0,none
N09,2026-01-01T00:10:00,26.65,53.88,1005.66,1,drift
N10,2026-01-01T00:10:00,26.42,60.83,1010.15,0,none
N01,2026-01-01T00:10:01,27.79,56.69,1009.33,0,none
N02,2026-01-01T00:10:01,26.58,59.42,1010.13,0,none
N03,2026-01-01T00:10:01,31.68,65.51,1019.27,1,drift
N04,2026-01-01T00:10:01,25.83,55.96,1009.64,1,stuck
N05,2026-01-01T00:10:01,26.39,56.82,1009.71,0,none
N06,2026-01-01T00:10:01,27.16,56.6,1010.61,0,none
N07,2026-01-01T00:10:01,17.7,80.47,990.39,1,spoof
N08,2026-01-01T00:10:01,27.67,57.84,1009.41,0,none
N09,2026-01-01T00:10:01,26.48,53.26,1005.27,1,drift
N10,2026-01-01T00:10:01,26.19,59.52,1010.43,0,none
N01,2026-01-01T00:10:02,27.45,54.83,1009.37,0,none
N02,2026-01-01T00:10:02,26.66,59.37,1010.2,0,none
N03,2026-01-01T00:10:02,32.32,65.95,1018.89,1,drift
N04,2026-01-01T00:10:02,25.83,55.96,1009.64,1,stuck
N05,2026-01-01T00:10:02,26.19,57.13,1009.89,0,none
N06,2026-01-01T00:10:02,27.31,56.65,1010.41,0,none
N07,2026-01-01T00:10:02,28.05,56.48,1011.17,0,none
N08,2026-01-01T00:10:02,27.6,58.26,1009.32,0,none
N09,2026-01-01T00:10:02,26.54,53.54,1004.54,1,drift
N10,2026-01-01T00:10:02,26.28,60.28,1010.18,0,none
N01,2026-01-01T00:10:03,27.48,55.96,1009.2,0,none
N02,2026-01-01T00:10:03,26.9,59.53,1010.96,0,none
N03,2026-01-01T00:10:03,32.15,66.35,1020.23,1,drift
N04,2026-01-01T00:10:03,25.83,55.96,1009.64,1,stuck
N05,2026-01-01T00:10:03,26.39,56.72,1010.22,0,none
N06,2026-01-01T00:10:03,27.73,57.03,1010.18,0,none
N07,2026-01-01T00:10:03,27.67,56.67,1010.47,0,none
N08,2026-01-01T00:10:03,27.57,58.65,1009.41,0,none
N09,2026-01-01T00:10:03,26.23,52.29,1004.27,1,drift
N10,2026-01-01T00:10:03,26.46,60.2,1009.82,0,none
N01,2026-01-01T00:10:04,27.6,55.97,1009.54,0,none
N02,2026-01-01T00:10:04,26.94,59.9,1010.42,0,none
N03,2026-01-01T00:10:04,32.41,67.02,1019.78,1,drift
N04,2026-01-01T00:10:04,25.83,55.96,1009.64,1,stuck
N05,2026-01-01T00:10:04,26.79,57.26,1010.14,0,none
N06,2026-01-01T00:10:04,27.56,56.78,1009.97,0,none
N07,2026-01-01T00:10:04,27.91,57.16,1010.71,0,none
N08,2026-01-01T00:10:04,27.64,57.69,1009.15,0,none
N09,2026-01-01T00:10:04,25.92,52.05,1003.4,1,drift
N10,2026-01-01T00:10:04,26.39,60.6,1010.51,0,none
N01,2026-01-01T00:10:05,27.48,56.63,1009.38,0,none
N02,2026-01-01T00:10:05,26.86,60.24,1010.59,0,none
N03,2026-01-01T00:10:05,32.68,68.29,1021.18,1,drift
N04,2026-01-01T00:10:05,25.83,55.96,1009.64,1,stuck
N05,2026-01-01T00:10:05,26.64,57.59,1010.13,0,none
N06,2026-01-01T00:10:05,27.32,57.54,1010.02,0,none
N07,2026-01-01T00:10:05,27.76,57.23,1010.67,0,none
N08,2026-01-01T00:10:05,27.85,58.75,1008.97,0,none
N09,2026-01-01T00:10:05,25.94,51.46,1002.29,1,drift
N10,2026-01-01T00:10:05,26.86,60.6,1010.67,0,none
N01,2026-01-01T00:10:06,27.67,55.55,1010.0,0,none
N02,2026-01-01T00:10:06,27.1,59.73,1010.49,0,none
N03,2026-01-01T00:10:06,33.07,68.31,1021.91,1,drift
N04,2026-01-01T00:10:06,25.83,55.96,1009.64,1,stuck
N05,2026-01-01T00:10:06,26.4,57.56,1010.24,0,none
N06,2026-01-01T00:10:06,27.54,56.94,1010.28,0,none
N07,2026-01-01T00:10:06,27.78,56.69,1011.04,0,none
N08,2026-01-01T00:10:06,27.73,57.85,1009.35,0,none
N09,2026-01-01T00:10:06,25.42,51.34,1002.28,1,drift
N10,2026-01-01T00:10:06,26.66,60.94,1010.89,0,none
N01,2026-01-01T00:10:07,27.51,56.78,1010.21,0,none
N02,2026-01-01T00:10:07,26.78,60.14,1011.23,0,none
N03,2026-01-01T00:10:07,33.22,69.21,1022.65,1,drift
N04,2026-01-01T00:10:07,25.83,55.96,1009.64,1,stuck
N05,2026-01-01T00:10:07,26.5,57.58,1010.65,0,none
N06,2026-01-01T00:10:07,27.62,57.54,1010.5,0,none
N07,2026-01-01T00:10:07,27.89,56.97,1010.34,0,none
N08,2026-01-01T00:10:07,27.92,57.3,1009.76,0,none
N09,2026-01-01T00:10:07,25.2,50.71,1002.82,1,drift
N10,2026-01-01T00:10:07,26.68,61.4,1010.15,0,none
N01,2026-01-01T00:10:08,27.6,57.57,1009.55,0,none
N02,2026-01-01T00:10:08,26.63,60.02,1010.22,0,none
N03,2026-01-01T00:10:08,33.68,70.29,1023.78,1,drift
N04,2026-01-01T00:10:08,25.83,55.96,1009.64,1,stuck
N05,2026-01-01T00:10:08,26.23,58.57,1010.65,0,none
N06,2026-01-01T00:10:08,27.38,57.46,1010.97,0,none
N07,2026-01-01T00:10:08,28.12,57.18,1010.73,0,none
N08,2026-01-01T00:10:08,27.74,57.91,1009.52,0,none
N09,2026-01-01T00:10:08,25.06,49.99,1001.41,1,drift
N10,2026-01-01T00:10:08,26.81,60.5,1010.53,0,none
N01,2026-01-01T00:10:09,27.92,57.24,1009.59,0,none
N02,2026-01-01T00:10:09,26.94,60.41,1010.87,0,none
N03,2026-01-01T00:10:09,33.93,71.53,1023.82,1,drift
N04,2026-01-01T00:10:09,25.83,55.96,1009.64,1,stuck
N05,2026-01-01T00:10:09,26.57,57.45,1010.54,0,none
N06,2026-01-01T00:10:09,27.48,57.76,1010.72,0,none
N07,2026-01-01T00:10:09,28.04,56.78,1010.86,0,none
N08,2026-01-01T00:10:09,27.75,58.43,1009.06,0,none
N09,2026-01-01T00:10:09,24.68,49.05,1001.14,1,drift
N10,2026-01-01T00:10:09,27.0,61.05,1010.27,0,none
N01,2026-01-01T00:10:10,27.87,57.14,1009.54,0,none
N02,2026-01-01T00:10:10,26.89,59.98,1010.66,0,none
N03,2026-01-01T00:10:10,34.26,71.32,1024.17,1,drift
N04,2026-01-01T00:10:10,25.83,55.96,1009.64,1,stuck
N05,2026-01-01T00:10:10,26.62,57.51,1010.06,0,none
N06,2026-01-01T00:10:10,27.43,57.41,1010.54,0,none
N07,2026-01-01T00:10:10,28.27,57.09,1010.9,0,none
N08,2026-01-01T00:10:10,27.83,58.0,1009.4,0,none
N09,2026-01-01T00:10:10,24.71,48.91,1001.25,1,drift
N10,2026-01-01T00:10:10,26.72,61.04,1010.54,0,none
N01,2026-01-01T00:10:11,27.88,56.89,1009.57,0,none
N02,2026-01-01T00:10:11,27.14,59.48,1010.92,0,none
N03,2026-01-01T00:10:11,34.54,72.26,1025.52,1,drift
N04,2026-01-01T00:10:11,25.83,55.96,1009.64,1,stuck
N05,2026-01-01T00:10:11,26.88,58.75,1010.53,0,none
N06,2026-01-01T00:10:11,27.46,58.4,1010.81,0,none
N07,2026-01-01T00:10:11,28.38,58.0,1011.5,0,none
N08,2026-01-01T00:10:11,27.67,58.19,1009.22,0,none
N09,2026-01-01T00:10:11,24.11,48.72,1000.37,1,drift
N10,2026-01-01T00:10:11,26.86,61.61,1010.61,0,none
N01,2026-01-01T00:10:12,27.63,56.65,1009.85,0,none
N02,2026-01-01T00:10:12,27.21,60.74,1010.73,0,none
N03,2026-01-01T00:10:12,34.75,73.32,1025.82,1,drift
N04,2026-01-01T00:10:12,25.83,55.96,1009.64,1,stuck
N05,2026-01-01T00:10:12,26.54,57.6,1010.99,0,none
N06,2026-01-01T00:10:12,27.42,57.18,1010.36,0,none
N07,2026-01-01T00:10:12,28.32,56.86,1011.08,0,none
N08,2026-01-01T00:10:12,28.01,58.57,1009.7,0,none
N09,2026-01-01T00:10:12,24.31,47.75,999.06,1,drift
N10,2026-01-01T00:10:12,26.75,61.25,1010.25,0,none
N01,2026-01-01T00:10:13,27.75,57.32,1010.08,0,none
N02,2026-01-01T00:10:13,26.94,60.05,1010.81,0,none
N03,2026-01-01T00:10:13,34.89,73.75,1026.73,1,drift
N04,2026-01-01T00:10:13,25.83,55.96,1009.64,1,stuck
N05,2026-01-01T00:10:13,26.89,57.55,1010.52,0,none
N06,2026-01-01T00:10:13,27.53,58.26,1010.91,0,none
N07,2026-01-01T00:10:13,28.09,57.2,1010.91,0,none
N08,2026-01-01T00:10:13,28.18,59.21,1009.77,0,none
N09,2026-01-01T00:10:13,24.04,48.28,998.31,1,drift
N10,2026-01-01T00:10:13,26.9,60.03,1010.41,0,none
N01,2026-01-01T00:10:14,27.81,56.76,1009.83,0,none
N02,2026-01-01T00:10:14,26.97,60.66,1010.88,0,none
N03,2026-01-01T00:10:14,35.09,74.63,1026.95,1,drift
N04,2026-01-01T00:10:14,25.83,55.96,1009.64,1,stuck
N05,2026-01-01T00:10:14,26.72,57.64,1010.75,0,none
N06,2026-01-01T00:10:14,27.76,58.57,1010.34,0,none
N07,2026-01-01T00:10:14,28.08,57.53,1011.38,0,none
N08,2026-01-01T00:10:14,28.07,59.14,1009.36,0,none
N09,2026-01-01T00:10:14,23.78,47.83,998.13,1,drift
N10,2026-01-01T00:10:14,26.78,60.69,1010.87,0,none
N01,2026-01-01T00:10:15,27.67,57.62,1009.93,0,none
N02,2026-01-01T00:10:15,26.89,61.27,1011.62,0,none
N03,2026-01-01T00:10:15,35.53,74.97,1027.78,1,drift
N04,2026-01-01T00:10:15,25.83,55.96,1009.64,1,stuck
N05,2026-01-01T00:10:15,26.75,58.37,1010.37,0,none
N06,2026-01-01T00:10:15,27.55,58.46,1010.85,0,none
N07,2026-01-01T00:10:15,28.16,56.99,1010.71,0,none
N08,2026-01-01T00:10:15,27.63,59.26,1010.1,0,none
N09,2026-01-01T00:10:15,23.54,46.54,997.94,1,drift
N10,2026-01-01T00:10:15,26.92,61.45,1010.85,0,none
N01,2026-01-01T00:10:16,27.87,58.18,1010.42,0,none
N02,2026-01-01T00:10:16,27.34,60.23,1010.87,0,none
N03,2026-01-01T00:10:16,35.82,75.58,1028.38,1,drift
N04,2026-01-01T00:10:16,26.9,58.36,1010.54,0,none
N05,2026-01-01T00:10:16,26.82,57.42,1011.32,0,none
N06,2026-01-01T00:10:16,28.0,58.22,1011.11,0,none
N07,2026-01-01T00:10:16,28.08,57.14,1011.7,0,none
N08,2026-01-01T00:10:16,28.09,59.11,1009.79,0,none
N09,2026-01-01T00:10:16,23.21,45.82,997.32,1,drift
N10,2026-01-01T00:10:16,27.15,60.75,1010.73,0,none
N01,2026-01-01T00:10:17,28.13,57.29,1010.3,0,none
N02,2026-01-01T00:10:17,27.28,61.02,1011.71,0,none
N03,2026-01-01T00:10:17,36.2,76.14,1029.23,1,drift
N04,2026-01-01T00:10:17,27.05,57.45,1010.86,0,none
N05,2026-01-01T00:10:17,26.89,58.73,1011.09,0,none
N06,2026-01-01T00:10:17,27.89,57.83,1011.61,0,none
N07,2026-01-01T00:10:17,28.25,56.98,1011.61,0,none
N08,2026-01-01T00:10:17,28.02,59.5,1010.14,0,none
N09,2026-01-01T00:10:17,22.99,46.09,997.02,1,drift
N10,2026-01-01T00:10:17,18.46,41.6,990.98,1,spike
N01,2026-01-01T00:10:18,28.18,58.33,1010.48,0,none
N02,2026-01-01T00:10:18,27.43,61.75,1010.94,0,none
N03,2026-01-01T00:10:18,36.61,76.49,1030.39,1,drift
N04,2026-01-01T00:10:18,27.02,58.39,1011.17,0,none
N05,2026-01-01T00:10:18,26.86,57.83,1011.29,0,none
N06,2026-01-01T00:10:18,27.74,58.38,1010.93,0,none
N07,2026-01-01T00:10:18,28.31,57.99,1011.99,0,none
N08,2026-01-01T00:10:18,28.3,59.39,1009.35,0,none
N09,2026-01-01T00:10:18,22.78,45.38,996.02,1,drift
N10,2026-01-01T00:10:18,19.12,40.12,994.2,1,spike
N01,2026-01-01T00:10:19,28.04,58.02,1010.82,0,none
N02,2026-01-01T00:10:19,27.21,60.28,1011.51,0,none
N03,2026-01-01T00:10:19,36.69,77.95,1030.36,1,drift
N04,2026-01-01T00:10:19,27.21,57.53,1010.89,0,none
N05,2026-01-01T00:10:19,26.99,58.89,1010.93,0,none
N06,2026-01-01T00:10:19,27.9,58.81,1011.41,0,none
N07,2026-01-01T00:10:19,28.37,57.63,1010.98,0,none
N08,2026-01-01T00:10:19,28.41,60.68,1010.05,0,none
N09,2026-01-01T00:10:19,22.85,45.44,995.62,1,drift
N10,2026-01-01T00:10:19,20.16,45.99,991.41,1,spike
N01,2026-01-01T00:10:20,28.11,57.99,1010.64,0,none
N02,2026-01-01T00:10:20,27.65,61.98,1011.88,0,none
N03,2026-01-01T00:10:20,36.9,78.33,1031.2,1,drift
N04,2026-01-01T00:10:20,27.1,59.64,1011.15,0,none
N05,2026-01-01T00:10:20,27.08,58.69,1011.1,0,none
N06,2026-01-01T00:10:20,28.1,57.9,1011.11,0,none
N07,2026-01-01T00:10:20,28.49,57.67,1011.27,0,none
N08,2026-01-01T00:10:20,28.13,59.02,1009.72,0,none
N09,2026-01-01T00:10:20,28.5,59.17,1010.01,0,none
N10,2026-01-01T00:10:20,17.82,44.21,992.77,1,spike
N01,2026-01-01T00:10:21,28.33,57.25,1010.67,0,none
N02,2026-01-01T00:10:21,27.37,61.66,1010.96,0,none
N03,2026-01-01T00:10:21,37.53,79.01,1031.02,1,drift
N04,2026-01-01T00:10:21,27.22,58.67,1011.17,0,none
N05,2026-01-01T00:10:21,26.86,59.11,1011.76,0,none
N06,2026-01-01T00:10:21,28.03,59.39,1011.21,0,none
N07,2026-01-01T00:10:21,28.48,57.19,1011.65,0,none
N08,2026-01-01T00:10:21,28.41,58.59,1010.0,0,none
N09,2026-01-01T00:10:21,28.72,59.64,1009.93,0,none
N10,2026-01-01T00:10:21,27.16,61.77,1011.28,0,none
N01,2026-01-01T00:10:22,28.17,58.76,1010.27,0,none
N02,2026-01-01T00:10:22,27.36,61.05,1011.61,0,none
N03,2026-01-01T00:10:22,37.75,80.0,1032.61,1,drift
N04,2026-01-01T00:10:22,27.21,59.31,1010.96,0,none
N05,2026-01-01T00:10:22,24.44,51.77,1007.2,1,replay
N06,2026-01-01T00:10:22,27.89,58.67,1010.88,0,none
N07,2026-01-01T00:10:22,28.4,57.37,1011.91,0,none
N08,2026-01-01T00:10:22,28.38,59.17,1010.75,0,none
N09,2026-01-01T00:10:22,28.73,58.81,1009.74,0,none
N10,2026-01-01T00:10:22,27.27,62.27,1011.65,0,none
N01,2026-01-01T00:10:23,28.4,58.25,1010.78,0,none
N02,2026-01-01T00:10:23,27.57,61.48,1011.38,0,none
N03,2026-01-01T00:10:23,38.14,81.04,1032.82,1,drift
N04,2026-01-01T00:10:23,27.17,58.44,1010.37,0,none
N05,2026-01-01T00:10:23,24.1,50.69,1007.59,1,replay
N06,2026-01-01T00:10:23,27.88,59.03,1011.37,0,none
N07,2026-01-01T00:10:23,28.82,57.33,1011.97,0,none
N08,2026-01-01T00:10:23,28.47,60.15,1009.82,0,none
N09,2026-01-01T00:10:23,29.07,59.84,1010.53,0,none
N10,2026-01-01T00:10:23,27.11,61.83,1011.29,0,none
N01,2026-01-01T00:10:24,28.14,58.12,1010.24,0,none
N02,2026-01-01T00:10:24,27.54,60.56,1011.41,0,none
N03,2026-01-01T00:10:24,38.34,81.66,1034.09,1,drift
N04,2026-01-01T00:10:24,27.36,58.88,1011.09,0,none
N05,2026-01-01T00:10:24,24.58,50.69,1007.48,1,replay
N06,2026-01-01T00:10:24,28.26,60.53,1011.31,0,none
N07,2026-01-01T00:10:24,28.63,58.2,1011.77,0,none
N08,2026-01-01T00:10:24,28.45,58.99,1010.2,0,none
N09,2026-01-01T00:10:24,29.16,59.03,1010.01,0,none
N10,2026-01-01T00:10:24,27.22,63.25,1011.21,0,none
N01,2026-01-01T00:10:25,28.28,58.02,1010.64,0,none
N02,2026-01-01T00:10:25,27.57,62.2,1011.68,0,none
N03,2026-01-01T00:10:25,38.52,81.51,1034.32,1,drift
N04,2026-01-01T00:10:25,27.07,58.61,1010.9,0,none
N05,2026-01-01T00:10:25,24.1,50.73,1007.56,1,replay
N06,2026-01-01T00:10:25,28.33,58.87,1011.11,0,none
N07,2026-01-01T00:10:25,28.63,58.14,1011.44,0,none
N08,2026-01-01T00:10:25,28.63,59.49,1010.34,0,none
N09,2026-01-01T00:10:25,28.96,59.93,1009.87,0,none
N10,2026-01-01T00:10:25,27.53,61.92,1010.85,0,none
N01,2026-01-01T00:10:26,28.3,58.76,1010.3,0,none
N02,2026-01-01T00:10:26,27.4,62.29,1011.49,0,none
N03,2026-01-01T00:10:26,38.53,83.16,1034.87,1,drift
N04,2026-01-01T00:10:26,27.17,58.13,1011.37,0,none
N05,2026-01-01T00:10:26,24.08,51.11,1007.11,1,replay
N06,2026-01-01T00:10:26,28.0,59.2,1011.88,0,none
N07,2026-01-01T00:10:26,28.77,58.53,1011.89,0,none
N08,2026-01-01T00:10:26,28.51,60.12,1010.29,0,none
N09,2026-01-01T00:10:26,28.92,59.42,1010.67,0,none
N10,2026-01-01T00:10:26,27.46,61.58,1011.59,0,none
N01,2026-01-01T00:10:27,27.9,58.22,1010.38,0,none
N02,2026-01-01T00:10:27,27.34,61.0,1011.25,0,none
N03,2026-01-01T00:10:27,38.96,83.52,1035.76,1,drift
N04,2026-01-01T00:10:27,27.4,59.21,1010.85,0,none
N05,2026-01-01T00:10:27,24.29,50.42,1007.33,1,replay
N06,2026-01-01T00:10:27,27.98,58.46,1011.12,0,none
N07,2026-01-01T00:10:27,28.56,57.74,1012.24,0,none
N08,2026-01-01T00:10:27,28.45,59.78,1010.36,0,none
N09,2026-01-01T00:10:27,28.94,59.66,1010.03,0,none
N10,2026-01-01T00:10:27,27.47,61.98,1011.2,0,none
N01,2026-01-01T00:10:28,28.44,58.37,1010.6,0,none
N02,2026-01-01T00:10:28,27.52,61.05,1011.2,0,none
N03,2026-01-01T00:10:28,39.35,84.51,1036.17,1,drift
N04,2026-01-01T00:10:28,27.39,58.79,1011.37,0,none
N05,2026-01-01T00:10:28,24.39,51.65,1007.05,1,replay
N06,2026-01-01T00:10:28,28.08,59.38,1011.1,0,none
N07,2026-01-01T00:10:28,28.34,57.96,1012.43,0,none
N08,2026-01-01T00:10:28,28.51,60.32,1010.29,0,none
N09,2026-01-01T00:10:28,28.77,60.17,1010.1,0,none
N10,2026-01-01T00:10:28,27.31,61.9,1011.16,0,none
N01,2026-01-01T00:10:29,28.46,58.71,1011.22,0,none
N02,2026-01-01T00:10:29,27.28,61.29,1011.74,0,none
N03,2026-01-01T00:10:29,39.7,84.89,1037.07,1,drift
N04,2026-01-01T00:10:29,27.17,59.65,1011.71,0,none
N05,2026-01-01T00:10:29,24.21,51.73,1007.87,1,replay
N06,2026-01-01T00:10:29,28.22,59.18,1011.9,0,none
N07,2026-01-01T00:10:29,28.98,58.27,1012.02,0,none
N08,2026-01-01T00:10:29,28.38,59.95,1010.16,0,none
N09,2026-01-01T00:10:29,29.01,61.32,1010.54,0,none
N10,2026-01-01T00:10:29,27.24,62.96,1011.51,0,none
N01,2026-01-01T00:10:30,28.6,59.52,1011.33,0,none
N02,2026-01-01T00:10:30,27.3,62.63,1011.87,0,none
N03,2026-01-01T00:10:30,28.99,58.55,1010.74,0,none
N04,2026-01-01T00:10:30,27.4,59.94,1011.94,0,none
N05,2026-01-01T00:10:30,24.31,51.04,1008.08,1,replay
N06,2026-01-01T00:10:30,28.22,60.33,1012.01,0,none
N07,2026-01-01T00:10:30,28.99,59.41,1012.27,0,none
N08,2026-01-01T00:10:30,28.55,60.37,1010.98,0,none
N09,2026-01-01T00:10:30,29.11,60.26,1010.25,0,none
N10,2026-01-01T00:10:30,16.32,31.98,1032.27,1,spoof
N01,2026-01-01T00:10:31,28.41,59.09,1011.43,0,none
N02,2026-01-01T00:10:31,27.5,62.25,1012.55,0,none
N03,2026-01-01T00:10:31,28.84,58.72,1011.3,0,none
N04,2026-01-01T00:10:31,27.38,59.41,1012.11,0,none
N05,2026-01-01T00:10:31,24.25,51.52,1007.78,1,replay
N06,2026-01-01T00:10:31,28.21,59.6,1012.4,0,none
N07,2026-01-01T00:10:31,28.8,57.7,1012.19,0,none
N08,2026-01-01T00:10:31,28.53,60.2,1010.73,0,none
N09,2026-01-01T00:10:31,28.76,59.83,1010.62,0,none
N10,2026-01-01T00:10:31,20.75,50.87,983.36,1,spoof
N01,2026-01-01T00:10:32,28.43,58.67,1010.89,0,none
N02,2026-01-01T00:10:32,27.78,62.04,1012.47,0,none
N03,2026-01-01T00:10:32,28.77,59.86,1011.24,0,none
N04,2026-01-01T00:10:32,27.37,60.85,1011.68,0,none
N05,2026-01-01T00:10:32,24.3,51.25,1007.97,1,replay
N06,2026-01-01T00:10:32,28.31,60.84,1011.88,0,none
N07,2026-01-01T00:10:32,28.94,58.81,1012.68,0,none
N08,2026-01-01T00:10:32,28.45,60.95,1010.73,0,none
N09,2026-01-01T00:10:32,29.05,61.25,1010.63,0,none
N10,2026-01-01T00:10:32,39.94,51.1,1019.1,1,spoof
N01,2026-01-01T00:10:33,28.64,59.11,1011.77,0,none
N02,2026-01-01T00:10:33,28.04,62.73,1012.1,0,none
N03,2026-01-01T00:10:33,28.99,59.28,1011.67,0,none
N04,2026-01-01T00:10:33,27.42,60.36,1011.85,0,none
N05,2026-01-01T00:10:33,24.46,52.0,1008.26,1,replay
N06,2026-01-01T00:10:33,28.69,59.26,1012.61,0,none
N07,2026-01-01T00:10:33,28.86,59.23,1012.51,0,none
N08,2026-01-01T00:10:33,28.71,60.97,1010.59,0,none
N09,2026-01-01T00:10:33,29.08,61.29,1010.31,0,none
N10,2026-01-01T00:10:33,23.94,71.14,994.57,1,spoof
N01,2026-01-01T00:10:34,28.59,58.93,1011.43,0,none
N02,2026-01-01T00:10:34,27.8,61.67,1012.21,0,none
N03,2026-01-01T00:10:34,28.97,59.97,1011.88,0,none
N04,2026-01-01T00:10:34,27.52,59.8,1011.81,0,none
N05,2026-01-01T00:10:34,24.38,51.64,1008.23,1,replay
N06,2026-01-01T00:10:34,28.62,60.8,1012.21,0,none
N07,2026-01-01T00:10:34,28.91,59.9,1012.08,0,none
N08,2026-01-01T00:10:34,28.53,61.28,1010.9,0,none
N09,2026-01-01T00:10:34,28.98,60.7,1010.58,0,none
N10,2026-01-01T00:10:34,39.12,51.01,1036.26,1,spoof
N01,2026-01-01T00:10:35,28.48,59.17,1011.75,0,none
N02,2026-01-01T00:10:35,27.99,62.46,1012.11,0,none
N03,2026-01-01T00:10:35,29.12,59.34,1011.72,0,none
N04,2026-01-01T00:10:35,27.26,60.52,1012.18,0,none
N05,2026-01-01T00:10:35,24.92,51.95,1008.46,1,replay
N06,2026-01-01T00:10:35,28.27,60.55,1012.5,0,none
N07,2026-01-01T00:10:35,29.02,59.72,1012.52,0,none
N08,2026-01-01T00:10:35,25.0,49.88,1005.5,1,replay
N09,2026-01-01T00:10:35,29.23,61.86,1010.29,0,none
N10,2026-01-01T00:10:35,24.57,77.4,1029.88,1,spoof
N01,2026-01-01T00:10:36,28.82,59.51,1012.04,0,none
N02,2026-01-01T00:10:36,27.87,62.78,1012.01,0,none
N03,2026-01-01T00:10:36,29.13,59.43,1011.86,0,none
N04,2026-01-01T00:10:36,27.35,60.73,1011.92,0,none
N05,2026-01-01T00:10:36,24.6,51.73,1008.31,1,replay
N06,2026-01-01T00:10:36,28.65,60.66,1011.66,0,none
N07,2026-01-01T00:10:36,29.29,58.36,1012.71,0,none
N08,2026-01-01T00:10:36,24.98,50.38,1005.45,1,replay
N09,2026-01-01T00:10:36,29.44,61.68,1010.86,0,none
N10,2026-01-01T00:10:36,33.83,61.35,1030.72,1,spoof
N01,2026-01-01T00:10:37,28.76,61.34,1011.15,0,none
N02,2026-01-01T00:10:37,27.81,63.32,1012.77,0,none
N03,2026-01-01T00:10:37,29.34,59.6,1011.36,0,none
N04,2026-01-01T00:10:37,27.68,60.37,1011.69,0,none
N05,2026-01-01T00:10:37,24.49,52.29,1008.29,1,replay
N06,2026-01-01T00:10:37,28.29,60.92,1011.87,0,none
N07,2026-01-01T00:10:37,29.18,60.37,1012.42,0,none
N08,2026-01-01T00:10:37,25.03,48.86,1005.75,1,replay
N09,2026-01-01T00:10:37,29.18,61.19,1010.73,0,none
N10,2026-01-01T00:10:37,23.47,75.18,998.22,1,spoof
N01,2026-01-01T00:10:38,28.76,59.8,1011.65,0,none
N02,2026-01-01T00:10:38,27.9,63.41,1012.44,0,none
N03,2026-01-01T00:10:38,29.25,60.04,1011.62,0,none
N04,2026-01-01T00:10:38,27.65,60.4,1011.55,0,none
N05,2026-01-01T00:10:38,24.45,52.28,1007.65,1,replay
N06,2026-01-01T00:10:38,28.5,60.78,1011.74,0,none
N07,2026-01-01T00:10:38,28.83,59.34,1012.51,0,none
N08,2026-01-01T00:10:38,25.15,50.12,1005.71,1,replay
N09,2026-01-01T00:10:38,29.47,61.92,1010.99,0,none
N10,2026-01-01T00:10:38,32.41,80.16,1001.59,1,spoof
N01,2026-01-01T00:10:39,29.01,60.23,1011.83,0,none
N02,2026-01-01T00:10:39,28.11,63.57,1012.65,0,none
N03,2026-01-01T00:10:39,29.08,59.63,1011.39,0,none
N04,2026-01-01T00:10:39,27.75,62.01,1012.23,0,none
N05,2026-01-01T00:10:39,24.36,52.87,1007.46,1,replay
N06,2026-01-01T00:10:39,28.84,59.32,1011.56,0,none
N07,2026-01-01T00:10:39,24.72,34.1,1010.54,1,spoof
N08,2026-01-01T00:10:39,25.03,49.83,1005.4,1,replay
N09,2026-01-01T00:10:39,28.97,60.64,1011.51,0,none
N10,2026-01-01T00:10:39,39.0,70.09,1036.91,1,spoof
N01,2026-01-01T00:10:40,28.79,60.49,1011.76,0,none
N02,2026-01-01T00:10:40,28.19,63.53,1012.53,0,none
N03,2026-01-01T00:10:40,29.34,59.78,1011.9,0,none
N04,2026-01-01T00:10:40,27.78,61.85,1012.33,0,none
N05,2026-01-01T00:10:40,24.56,51.47,1008.34,1,replay
N06,2026-01-01T00:10:40,28.98,61.08,1012.79,0,none
N07,2026-01-01T00:10:40,15.77,84.11,996.12,1,spoof
N08,2026-01-01T00:10:40,25.11,49.07,1005.07,1,replay
N09,2026-01-01T00:10:40,29.28,61.49,1011.0,0,none
N10,2026-01-01T00:10:40,36.48,81.94,1028.16,1,spoof
N01,2026-01-01T00:10:41,28.81,60.23,1011.92,0,none
N02,2026-01-01T00:10:41,28.15,63.58,1012.77,0,none
N03,2026-01-01T00:10:41,29.42,60.65,1011.53,0,none
N04,2026-01-01T00:10:41,27.62,61.48,1011.98,0,none
N05,2026-01-01T00:10:41,24.79,52.25,1008.19,1,replay
N06,2026-01-01T00:10:41,28.56,60.39,1012.33,0,none
N07,2026-01-01T00:10:41,35.81,74.34,995.3,1,spoof
N08,2026-01-01T00:10:41,25.36,48.94,1005.44,1,replay
N09,2026-01-01T00:10:41,29.26,61.99,1011.05,0,none
N10,2026-01-01T00:10:41,37.06,67.67,995.04,1,spoof
N01,2026-01-01T00:10:42,28.87,60.28,1011.81,0,none
N02,2026-01-01T00:10:42,28.18,63.88,1012.67,0,none
N03,2026-01-01T00:10:42,29.62,61.08,1011.37,0,none
N04,2026-01-01T00:10:42,27.94,61.19,1012.23,0,none
N05,2026-01-01T00:10:42,24.81,52.61,1008.65,1,replay
N06,2026-01-01T00:10:42,28.81,60.99,1012.4,0,none
N07,2026-01-01T00:10:42,21.65,74.05,1007.88,1,spoof
N08,2026-01-01T00:10:42,25.1,50.37,1005.58,1,replay
N09,2026-01-01T00:10:42,29.59,61.36,1011.03,0,none
N10,2026-01-01T00:10:42,27.29,77.21,1020.04,1,spoof
N01,2026-01-01T00:10:43,29.18,59.7,1011.6,0,none
N02,2026-01-01T00:10:43,28.03,62.99,1012.86,0,none
N03,2026-01-01T00:10:43,29.37,59.92,1011.75,0,none
N04,2026-01-01T00:10:43,27.68,61.18,1012.16,0,none
N05,2026-01-01T00:10:43,24.72,52.74,1008.61,1,replay
N06,2026-01-01T00:10:43,28.72,59.35,1012.4,0,none
N07,2026-01-01T00:10:43,28.85,71.54,1004.85,1,spoof
N08,2026-01-01T00:10:43,25.28,49.89,1005.58,1,replay
N09,2026-01-01T00:10:43,29.25,61.38,1011.26,0,none
N10,2026-01-01T00:10:43,18.49,54.89,1037.61,1,spoof
N01,2026-01-01T00:10:44,29.21,60.18,1011.85,0,none
N02,2026-01-01T00:10:44,28.49,63.6,1012.75,0,none
N03,2026-01-01T00:10:44,29.69,61.25,1012.5,0,none
N04,2026-01-01T00:10:44,27.75,61.59,1012.14,0,none
N05,2026-01-01T00:10:44,24.97,51.96,1008.07,1,replay
N06,2026-01-01T00:10:44,28.68,61.41,1012.46,0,none
N07,2026-01-01T00:10:44,20.28,34.37,1007.18,1,spoof
N08,2026-01-01T00:10:44,25.14,49.95,1006.1,1,replay
N09,2026-01-01T00:10:44,29.4,62.34,1011.12,0,none
N10,2026-01-01T00:10:44,31.43,42.2,1030.46,1,spoof
N01,2026-01-01T00:10:45,28.95,59.44,1011.5,0,none
N02,2026-01-01T00:10:45,28.3,64.41,1013.23,0,none
N03,2026-01-01T00:10:45,29.61,61.01,1011.94,0,none
N04,2026-01-01T00:10:45,27.88,61.85,1012.7,0,none
N05,2026-01-01T00:10:45,24.6,52.09,1008.28,1,replay
N06,2026-01-01T00:10:45,28.93,61.42,1012.03,0,none
N07,2026-01-01T00:10:45,26.44,56.05,1013.88,1,spoof
N08,2026-01-01T00:10:45,25.32,49.83,1005.84,1,replay
N09,2026-01-01T00:10:45,29.84,62.01,1011.71,0,none
N10,2026-01-01T00:10:45,16.45,77.2,1017.21,1,spoof
N01,2026-01-01T00:10:46,28.85,60.66,1012.51,0,none
N02,2026-01-01T00:10:46,28.5,64.23,1012.92,0,none
N03,2026-01-01T00:10:46,29.32,61.14,1011.89,0,none
N04,2026-01-01T00:10:46,28.07,60.38,1012.21,0,none
N05,2026-01-01T00:10:46,24.92,52.64,1008.56,1,replay
N06,2026-01-01T00:10:46,28.95,60.47,1012.85,0,none
N07,2026-01-01T00:10:46,23.08,70.42,985.48,1,spoof
N08,2026-01-01T00:10:46,25.15,50.75,1005.85,1,replay
N09,2026-01-01T00:10:46,29.54,62.31,1011.25,0,none
N10,2026-01-01T00:10:46,28.23,41.38,1036.88,1,spoof
N01,2026-01-01T00:10:47,29.49,60.46,1011.47,0,none
N02,2026-01-01T00:10:47,28.22,64.38,1012.97,0,none
N03,2026-01-01T00:10:47,29.58,60.53,1012.22,0,none
N04,2026-01-01T00:10:47,28.03,61.96,1012.49,0,none
N05,2026-01-01T00:10:47,24.93,51.6,1008.44,1,replay
N06,2026-01-01T00:10:47,29.15,61.53,1012.57,0,none
N07,2026-01-01T00:10:47,24.95,56.25,1006.63,1,spoof
N08,2026-01-01T00:10:47,25.16,49.84,1005.8,1,replay
N09,2026-01-01T00:10:47,29.61,62.42,1011.7,0,none
N10,2026-01-01T00:10:47,28.24,64.1,1012.74,0,none
N01,2026-01-01T00:10:48,29.07,60.54,1012.24,0,none
N02,2026-01-01T00:10:48,28.45,64.08,1012.74,0,none
N03,2026-01-01T00:10:48,29.53,60.47,1011.96,0,none
N04,2026-01-01T00:10:48,28.17,61.03,1011.98,0,none
N05,2026-01-01T00:10:48,27.84,61.64,1012.49,0,none
N06,2026-01-01T00:10:48,28.72,61.16,1012.33,0,none
N07,2026-01-01T00:10:48,18.7,56.5,1015.97,1,spoof
N08,2026-01-01T00:10:48,25.27,50.26,1005.11,1,replay
N09,2026-01-01T00:10:48,29.93,62.44,1011.6,0,none
N10,2026-01-01T00:10:48,28.48,65.17,1012.76,0,none
N01,2026-01-01T00:10:49,29.16,60.96,1012.1,0,none
N02,2026-01-01T00:10:49,28.45,64.54,1012.62,0,none
N03,2026-01-01T00:10:49,29.79,61.8,1012.33,0,none
N04,2026-01-01T00:10:49,27.95,61.18,1011.63,0,none
N05,2026-01-01T00:10:49,28.01,61.67,1013.42,0,none
N06,2026-01-01T00:10:49,28.84,61.47,1012.92,0,none
N07,2026-01-01T00:10:49,27.06,33.38,1034.96,1,spoof
N08,2026-01-01T00:10:49,25.14,51.19,1005.01,1,replay
N09,2026-01-01T00:10:49,29.77,62.35,1010.88,0,none
N10,2026-01-01T00:10:49,28.05,65.17,1012.61,0,none
N01,2026-01-01T00:10:50,29.2,60.43,1012.16,0,none
N02,2026-01-01T00:10:50,28.48,64.72,1013.14,0,none
N03,2026-01-01T00:10:50,29.76,61.23,1012.75,0,none
N04,2026-01-01T00:10:50,28.25,60.89,1011.97,0,none
N05,2026-01-01T00:10:50,28.34,62.0,1012.93,0,none
N06,2026-01-01T00:10:50,29.21,62.02,1012.92,0,none
N07,2026-01-01T00:10:50,33.23,89.54,1003.75,1,spoof
N08,2026-01-01T00:10:50,25.07,50.37,1005.66,1,replay
N09,2026-01-01T00:10:50,29.73,61.89,1011.37,0,none
N10,2026-01-01T00:10:50,28.61,64.24,1012.91,0,none
N01,2026-01-01T00:10:51,35.92,79.37,1031.26,1,spike
N02,2026-01-01T00:10:51,28.63,64.97,1012.78,0,none
N03,2026-01-01T00:10:51,29.69,60.95,1012.31,0,none
N04,2026-01-01T00:10:51,28.23,61.55,1012.67,0,none
N05,2026-01-01T00:10:51,28.25,61.83,1012.97,0,none
N06,2026-01-01T00:10:51,29.05,62.74,1012.84,0,none
N07,2026-01-01T00:10:51,30.18,52.16,985.22,1,spoof
N08,2026-01-01T00:10:51,25.15,51.07,1006.06,1,replay
N09,2026-01-01T00:10:51,30.05,62.18,1011.9,0,none
N10,2026-01-01T00:10:51,28.21,64.56,1012.42,0,none
N01,2026-01-01T00:10:52,38.08,81.97,1034.51,1,spike
N02,2026-01-01T00:10:52,29.0,64.9,1012.73,0,none
N03,2026-01-01T00:10:52,29.81,61.04,1012.56,0,none
N04,2026-01-01T00:10:52,28.26,61.94,1012.99,0,none
N05,2026-01-01T00:10:52,28.21,62.3,1013.31,0,none
N06,2026-01-01T00:10:52,29.06,61.91,1013.0,0,none
N07,2026-01-01T00:10:52,29.14,81.02,992.64,1,spoof
N08,2026-01-01T00:10:52,25.2,50.39,1005.87,1,replay
N09,2026-01-01T00:10:52,30.02,61.85,1011.62,0,none
N10,2026-01-01T00:10:52,28.22,65.33,1012.72,0,none
N01,2026-01-01T00:10:53,40.0,88.52,1032.01,1,spike
N02,2026-01-01T00:10:53,28.8,64.87,1013.13,0,none
N03,2026-01-01T00:10:53,29.77,60.89,1011.54,0,none
N04,2026-01-01T00:10:53,28.12,61.38,1012.54,0,none
N05,2026-01-01T00:10:53,28.11,60.74,1013.28,0,none
N06,2026-01-01T00:10:53,29.09,60.87,1012.22,0,none
N07,2026-01-01T00:10:53,24.01,61.21,1005.63,1,spoof
N08,2026-01-01T00:10:53,25.52,50.68,1006.21,1,replay
N09,2026-01-01T00:10:53,30.1,62.96,1011.47,0,none
N10,2026-01-01T00:10:53,28.65,64.47,1012.28,0,none
N01,2026-01-01T00:10:54,39.02,84.95,1029.22,1,spike
N02,2026-01-01T00:10:54,28.84,64.52,1013.11,0,none
N03,2026-01-01T00:10:54,29.64,62.18,1012.65,0,none
N04,2026-01-01T00:10:54,28.44,62.26,1013.03,0,none
N05,2026-01-01T00:10:54,28.43,62.46,1013.28,0,none
N06,2026-01-01T00:10:54,29.32,62.03,1013.0,0,none
N07,2026-01-01T00:10:54,28.83,34.77,1009.1,1,spoof
N08,2026-01-01T00:10:54,25.26,50.87,1006.1,1,replay
N09,2026-01-01T00:10:54,29.87,63.11,1012.14,0,none
N10,2026-01-01T00:10:54,28.7,65.31,1012.86,0,none
N01,2026-01-01T00:10:55,29.45,61.16,1012.27,0,none
N02,2026-01-01T00:10:55,28.71,64.62,1012.36,0,none
N03,2026-01-01T00:10:55,30.01,61.43,1012.52,0,none
N04,2026-01-01T00:10:55,28.01,62.13,1012.9,0,none
N05,2026-01-01T00:10:55,28.21,62.11,1013.25,0,none
N06,2026-01-01T00:10:55,29.34,62.58,1013.11,0,none
N07,2026-01-01T00:10:55,39.18,84.37,1030.63,1,spoof
N08,2026-01-01T00:10:55,25.34,50.9,1005.75,1,replay
N09,2026-01-01T00:10:55,29.89,62.04,1011.1,0,none
N10,2026-01-01T00:10:55,28.44,65.0,1013.39,0,none
N01,2026-01-01T00:10:56,29.46,60.86,1012.45,0,none
N02,2026-01-01T00:10:56,28.68,64.16,1013.44,0,none
N03,2026-01-01T00:10:56,30.13,61.28,1012.7,0,none
N04,2026-01-01T00:10:56,28.44,62.57,1012.99,0,none
N05,2026-01-01T00:10:56,28.48,61.11,1012.94,0,none
N06,2026-01-01T00:10:56,29.28,62.28,1012.91,0,none
N07,2026-01-01T00:10:56,26.71,79.76,1012.22,1,spoof
N08,2026-01-01T00:10:56,25.33,50.65,1006.0,1,replay
N09,2026-01-01T00:10:56,30.06,62.54,1012.03,0,none
N10,2026-01-01T00:10:56,28.41,65.44,1013.13,0,none
N01,2026-01-01T00:10:57,29.61,61.11,1012.36,0,none
N02,2026-01-01T00:10:57,28.67,64.87,1013.56,0,none
N03,2026-01-01T00:10:57,29.95,61.43,1012.44,0,none
N04,2026-01-01T00:10:57,28.53,62.38,1012.97,0,none
N05,2026-01-01T00:10:57,28.43,62.65,1013.1,0,none
N06,2026-01-01T00:10:57,29.5,61.42,1012.78,0,none
N07,2026-01-01T00:10:57,27.75,49.32,1023.07,1,spoof
N08,2026-01-01T00:10:57,25.37,51.02,1006.12,1,replay
N09,2026-01-01T00:10:57,30.13,62.99,1011.23,0,none
N10,2026-01-01T00:10:57,28.2,64.57,1012.88,0,none
N01,2026-01-01T00:10:58,29.6,61.79,1012.69,0,none
N02,2026-01-01T00:10:58,28.85,65.16,1013.8,0,none
N03,2026-01-01T00:10:58,30.06,61.64,1012.65,0,none
N04,2026-01-01T00:10:58,28.22,62.36,1012.67,0,none
N05,2026-01-01T00:10:58,28.81,61.39,1013.23,0,none
N06,2026-01-01T00:10:58,29.44,61.72,1012.64,0,none
N07,2026-01-01T00:10:58,38.88,77.59,1029.77,1,spoof
N08,2026-01-01T00:10:58,25.31,51.12,1006.08,1,replay
N09,2026-01-01T00:10:58,30.15,62.58,1011.75,0,none
N10,2026-01-01T00:10:58,28.37,65.14,1013.13,0,none
N01,2026-01-01T00:10:59,29.34,61.88,1011.94,0,none
N02,2026-01-01T00:10:59,28.91,64.6,1013.37,0,none
N03,2026-01-01T00:10:59,29.82,61.75,1012.64,0,none
N04,2026-01-01T00:10:59,28.31,63.14,1012.4,0,none
N05,2026-01-01T00:10:59,28.52,62.43,1013.11,0,none
N06,2026-01-01T00:10:59,29.41,62.4,1013.28,0,none
N07,2026-01-01T00:10:59,30.43,51.2,1015.28,1,spoof
N08,2026-01-01T00:10:59,25.32,51.84,1006.25,1,replay
N09,2026-01-01T00:10:59,29.95,62.79,1011.83,0,none
N10,2026-01-01T00:10:59,28.45,65.04,1013.04,0,none
N01,2026-01-01T00:11:00,29.29,61.41,1012.07,0,none
N02,2026-01-01T00:11:00,28.89,64.69,1012.72,0,none
N03,2026-01-01T00:11:00,30.05,61.08,1012.46,0,none
N04,2026-01-01T00:11:00,28.61,62.96,1012.56,0,none
N05,2026-01-01T00:11:00,28.44,62.34,1012.95,0,none
N06,2026-01-01T00:11:00,29.41,62.04,1012.78,0,none
N07,2026-01-01T00:11:00,20.64,44.08,998.7,1,spoof
N08,2026-01-01T00:11:00,25.01,51.29,1005.89,1,replay
N09,2026-01-01T00:11:00,30.41,62.84,1011.86,0,none
N10,2026-01-01T00:11:00,28.6,66.59,1013.24,0,none
N01,2026-01-01T00:11:01,29.71,61.51,1012.51,0,none
N02,2026-01-01T00:11:01,29.15,65.27,1013.47,0,none
N03,2026-01-01T00:11:01,29.91,62.73,1013.06,0,none
N04,2026-01-01T00:11:01,28.76,62.63,1013.02,0,none
N05,2026-01-01T00:11:01,28.42,62.67,1012.9,0,none
N06,2026-01-01T00:11:01,29.41,62.49,1013.47,0,none
N07,2026-01-01T00:11:01,20.94,36.58,1002.03,1,spoof
N08,2026-01-01T00:11:01,25.32,50.85,1006.25,1,replay
N09,2026-01-01T00:11:01,30.36,63.18,1011.79,0,none
N10,2026-01-01T00:11:01,28.44,65.46,1013.14,0,none
N01,2026-01-01T00:11:02,29.5,61.45,1011.91,0,none
N02,2026-01-01T00:11:02,24.84,53.92,1008.21,1,replay
N03,2026-01-01T00:11:02,30.17,61.34,1013.13,0,none
N04,2026-01-01T00:11:02,28.64,62.33,1012.19,0,none
N05,2026-01-01T00:11:02,28.39,63.57,1013.01,0,none
N06,2026-01-01T00:11:02,29.43,61.05,1013.35,0,none
N07,2026-01-01T00:11:02,33.57,62.1,1020.83,1,spoof
N08,2026-01-01T00:11:02,25.15,51.08,1006.14,1,replay
N09,2026-01-01T00:11:02,30.44,64.06,1011.78,0,none
N10,2026-01-01T00:11:02,28.81,65.84,1013.03,0,none
N01,2026-01-01T00:11:03,29.64,62.56,1012.17,0,none
N02,2026-01-01T00:11:03,24.74,54.17,1008.23,1,replay
N03,2026-01-01T00:11:03,23.75,30.54,986.45,1,spoof
N04,2026-01-01T00:11:03,28.42,62.96,1012.79,0,none
N05,2026-01-01T00:11:03,28.52,62.86,1013.11,0,none
N06,2026-01-01T00:11:03,29.51,62.1,1012.78,0,none
N07,2026-01-01T00:11:03,38.14,33.6,1003.47,1,spoof
N08,2026-01-01T00:11:03,25.56,51.12,1005.79,1,replay
N09,2026-01-01T00:11:03,30.11,63.23,1011.37,0,none
N10,2026-01-01T00:11:03,28.86,65.29,1012.63,0,none
N01,2026-01-01T00:11:04,29.57,61.95,1012.56,0,none
N02,2026-01-01T00:11:04,25.04,54.26,1007.9,1,replay
N03,2026-01-01T00:11:04,25.58,73.1,1001.24,1,spoof
N04,2026-01-01T00:11:04,28.44,63.42,1013.12,0,none
N05,2026-01-01T00:11:04,28.5,62.68,1014.03,0,none
N06,2026-01-01T00:11:04,29.55,63.79,1012.57,0,none
N07,2026-01-01T00:11:04,29.98,62.38,1013.65,0,none
N08,2026-01-01T00:11:04,25.53,51.41,1006.43,1,replay
N09,2026-01-01T00:11:04,30.15,63.45,1011.91,0,none
N10,2026-01-01T00:11:04,28.88,66.16,1012.73,0,none
N01,2026-01-01T00:11:05,29.66,62.3,1012.32,0,none
N02,2026-01-01T00:11:05,25.05,54.82,1007.82,1,replay
N03,2026-01-01T00:11:05,32.92,81.28,1005.15,1,spoof
N04,2026-01-01T00:11:05,28.45,62.6,1013.15,0,none
N05,2026-01-01T00:11:05,28.66,62.72,1013.31,0,none
N06,2026-01-01T00:11:05,29.53,63.28,1013.13,0,none
N07,2026-01-01T00:11:05,29.77,61.13,1012.92,0,none
N08,2026-01-01T00:11:05,25.55,51.37,1005.96,1,replay
N09,2026-01-01T00:11:05,30.07,64.34,1011.63,0,none
N10,2026-01-01T00:11:05,28.58,66.31,1012.63,0,none
N01,2026-01-01T00:11:06,29.71,62.96,1011.93,0,none
N02,2026-01-01T00:11:06,24.71,55.06,1008.27,1,replay
N03,2026-01-01T00:11:06,33.17,73.65,1024.99,1,spoof
N04,2026-01-01T00:11:06,28.53,63.27,1013.56,0,none
N05,2026-01-01T00:11:06,28.44,62.13,1013.5,0,none
N06,2026-01-01T00:11:06,29.35,62.25,1013.18,0,none
N07,2026-01-01T00:11:06,29.69,61.78,1013.48,0,none
N08,2026-01-01T00:11:06,25.46,51.06,1005.87,1,replay
N09,2026-01-01T00:11:06,30.17,63.15,1011.66,0,none
N10,2026-01-01T00:11:06,28.88,65.75,1013.48,0,none
N01,2026-01-01T00:11:07,29.5,61.83,1012.11,0,none
N02,2026-01-01T00:11:07,24.7,55.25,1008.6,1,replay
N03,2026-01-01T00:11:07,16.73,89.59,1020.54,1,spoof
N04,2026-01-01T00:11:07,28.48,62.63,1012.71,0,none
N05,2026-01-01T00:11:07,28.52,62.63,1013.09,0,none
N06,2026-01-01T00:11:07,29.79,63.52,1013.23,0,none
N07,2026-01-01T00:11:07,30.13,63.05,1013.97,0,none
N08,2026-01-01T00:11:07,25.31,51.13,1005.94,1,replay
N09,2026-01-01T00:11:07,30.12,62.76,1012.57,0,none
N10,2026-01-01T00:11:07,28.75,65.68,1013.15,0,none
N01,2026-01-01T00:11:08,29.66,62.28,1013.28,0,none
N02,2026-01-01T00:11:08,25.14,54.29,1007.97,1,replay
N03,2026-01-01T00:11:08,31.32,81.9,983.25,1,spoof
N04,2026-01-01T00:11:08,28.62,63.24,1012.81,0,none
N05,2026-01-01T00:11:08,28.54,62.28,1013.19,0,none
N06,2026-01-01T00:11:08,29.23,62.61,1012.35,0,none
N07,2026-01-01T00:11:08,30.05,61.6,1013.77,0,none
N08,2026-01-01T00:11:08,25.66,51.16,1006.14,1,replay
N09,2026-01-01T00:11:08,30.4,63.22,1012.52,0,none
N10,2026-01-01T00:11:08,28.52,66.16,1013.36,0,none
N01,2026-01-01T00:11:09,29.82,62.44,1012.49,0,none
N02,2026-01-01T00:11:09,25.25,54.66,1007.72,1,replay
N03,2026-01-01T00:11:09,17.06,51.91,1024.71,1,spoof
N04,2026-01-01T00:11:09,28.92,64.44,1013.31,0,none
N05,2026-01-01T00:11:09,28.61,62.58,1013.45,0,none
N06,2026-01-01T00:11:09,29.6,62.79,1013.31,0,none
N07,2026-01-01T00:11:09,29.93,62.01,1013.8,0,none
N08,2026-01-01T00:11:09,25.4,52.03,1006.3,1,replay
N09,2026-01-01T00:11:09,30.63,63.62,1011.77,0,none
N10,2026-01-01T00:11:09,28.66,65.26,1013.38,0,none
N01,2026-01-01T00:11:10,29.8,62.91,1011.92,0,none
N02,2026-01-01T00:11:10,24.89,56.0,1007.86,1,replay
N03,2026-01-01T00:11:10,34.21,39.65,1012.77,1,spoof
N04,2026-01-01T00:11:10,28.46,63.19,1013.11,0,none
N05,2026-01-01T00:11:10,28.43,63.55,1013.06,0,none
N06,2026-01-01T00:11:10,29.53,63.5,1013.15,0,none
N07,2026-01-01T00:11:10,29.92,62.19,1013.56,0,none
N08,2026-01-01T00:11:10,25.44,50.62,1006.12,1,replay
N09,2026-01-01T00:11:10,30.17,63.87,1011.92,1,drift
N10,2026-01-01T00:11:10,28.73,66.62,1013.72,0,none
N01,2026-01-01T00:11:11,29.92,61.86,1012.24,0,none
N02,2026-01-01T00:11:11,24.87,54.58,1008.21,1,replay
N03,2026-01-01T00:11:11,30.4,75.21,1005.41,1,spoof
N04,2026-01-01T00:11:11,28.53,63.79,1013.47,0,none
N05,2026-01-01T00:11:11,28.74,63.68,1014.01,0,none
N06,2026-01-01T00:11:11,29.6,62.57,1013.38,0,none
N07,2026-01-01T00:11:11,29.99,63.29,1014.07,0,none
N08,2026-01-01T00:11:11,25.62,52.24,1006.9,1,replay
N09,2026-01-01T00:11:11,29.72,62.57,1010.89,1,drift
N10,2026-01-01T00:11:11,28.68,66.71,1013.18,0,none
N01,2026-01-01T00:11:12,29.48,62.43,1012.41,0,none
N02,2026-01-01T00:11:12,25.17,54.83,1007.9,1,replay
N03,2026-01-01T00:11:12,25.57,83.07,1011.26,1,spoof
N04,2026-01-01T00:11:12,28.48,63.51,1013.13,0,none
N05,2026-01-01T00:11:12,28.54,63.34,1013.38,0,none
N06,2026-01-01T00:11:12,29.43,63.33,1013.56,0,none
N07,2026-01-01T00:11:12,30.05,62.51,1014.29,0,none
N08,2026-01-01T00:11:12,25.46,51.64,1006.49,1,replay
N09,2026-01-01T00:11:12,29.76,62.42,1010.74,1,drift
N10,2026-01-01T00:11:12,28.65,66.71,1013.82,0,none
N01,2026-01-01T00:11:13,29.86,62.68,1013.08,0,none
N02,2026-01-01T00:11:13,25.08,55.55,1008.88,1,replay
N03,2026-01-01T00:11:13,28.84,61.54,1014.26,1,spoof
N04,2026-01-01T00:11:13,28.55,63.82,1012.86,0,none
N05,2026-01-01T00:11:13,28.82,63.67,1013.62,0,none
N06,2026-01-01T00:11:13,29.75,63.38,1013.14,0,none
N07,2026-01-01T00:11:13,30.15,62.9,1013.84,0,none
N08,2026-01-01T00:11:13,25.83,52.09,1006.49,1,replay
N09,2026-01-01T00:11:13,29.32,62.31,1009.83,1,drift
N10,2026-01-01T00:11:13,28.79,66.18,1013.48,0,none
N01,2026-01-01T00:11:14,29.85,62.54,1012.59,0,none
N02,2026-01-01T00:11:14,25.0,55.56,1007.9,1,replay
N03,2026-01-01T00:11:14,23.71,58.23,1018.47,1,spoof
N04,2026-01-01T00:11:14,28.58,63.95,1012.82,0,none
N05,2026-01-01T00:11:14,28.82,63.35,1013.65,0,none
N06,2026-01-01T00:11:14,29.73,62.85,1013.5,0,none
N07,2026-01-01T00:11:14,30.32,62.5,1013.66,0,none
N08,2026-01-01T00:11:14,29.8,64.82,1011.99,0,none
N09,2026-01-01T00:11:14,29.26,61.14,1009.48,1,drift
N10,2026-01-01T00:11:14,28.73,66.66,1012.93,0,none
N01,2026-01-01T00:11:15,29.95,61.83,1012.45,0,none
N02,2026-01-01T00:11:15,25.41,54.92,1008.38,1,replay
N03,2026-01-01T00:11:15,36.87,72.61,985.63,1,spoof
N04,2026-01-01T00:11:15,28.5,64.12,1013.07,0,none
N05,2026-01-01T00:11:15,28.47,62.94,1013.65,0,none
N06,2026-01-01T00:11:15,29.76,62.9,1012.85,0,none
N07,2026-01-01T00:11:15,30.19,62.73,1013.44,0,none
N08,2026-01-01T00:11:15,30.04,64.5,1012.4,0,none
N09,2026-01-01T00:11:15,28.81,59.82,1007.92,1,drift
N10,2026-01-01T00:11:15,28.55,66.95,1013.5,0,none
N01,2026-01-01T00:11:16,29.85,62.38,1012.25,0,none
N02,2026-01-01T00:11:16,25.46,54.98,1008.35,1,replay
N03,2026-01-01T00:11:16,35.16,77.02,994.97,1,spoof
N04,2026-01-01T00:11:16,28.57,63.94,1012.97,0,none
N05,2026-01-01T00:11:16,28.63,63.48,1013.36,0,none
N06,2026-01-01T00:11:16,29.57,64.12,1013.74,0,none
N07,2026-01-01T00:11:16,30.16,61.89,1013.99,0,none
N08,2026-01-01T00:11:16,29.95,63.98,1012.73,0,none
N09,2026-01-01T00:11:16,28.75,59.54,1007.99,1,drift
N10,2026-01-01T00:11:16,28.79,66.02,1013.33,0,none
N01,2026-01-01T00:11:17,29.76,62.03,1012.32,0,none
N02,2026-01-01T00:11:17,25.37,55.19,1008.15,1,replay
N03,2026-01-01T00:11:17,29.05,45.81,1026.72,1,spoof
N04,2026-01-01T00:11:17,28.69,64.18,1013.85,0,none
N05,2026-01-01T00:11:17,28.66,64.24,1013.76,0,none
N06,2026-01-01T00:11:17,29.52,63.88,1013.88,0,none
N07,2026-01-01T00:11:17,30.0,63.53,1014.67,0,none
N08,2026-01-01T00:11:17,29.85,64.81,1012.62,0,none
N09,2026-01-01T00:11:17,28.32,59.7,1007.88,1,drift
N10,2026-01-01T00:11:17,28.79,66.36,1013.14,0,none
N01,2026-01-01T00:11:18,29.88,63.43,1013.12,0,none
N02,2026-01-01T00:11:18,25.32,55.88,1008.42,1,replay
N03,2026-01-01T00:11:18,28.28,62.09,1039.71,1,spoof
N04,2026-01-01T00:11:18,28.75,63.72,1013.74,0,none
N05,2026-01-01T00:11:18,29.0,63.47,1013.3,0,none
N06,2026-01-01T00:11:18,29.83,64.43,1013.25,0,none
N07,2026-01-01T00:11:18,30.09,62.75,1014.22,0,none
N08,2026-01-01T00:11:18,30.01,65.15,1011.6,0,none
N09,2026-01-01T00:11:18,28.17,59.6,1006.94,1,drift
N10,2026-01-01T00:11:18,28.68,66.36,1013.31,0,none
N01,2026-01-01T00:11:19,29.77,62.64,1012.93,0,none
N02,2026-01-01T00:11:19,25.75,55.85,1008.75,1,replay
N03,2026-01-01T00:11:19,21.76,55.54,1012.99,1,spoof
N04,2026-01-01T00:11:19,28.65,63.07,1013.15,0,none
N05,2026-01-01T00:11:19,28.82,63.18,1013.23,0,none
N06,2026-01-01T00:11:19,29.74,63.94,1013.58,0,none
N07,2026-01-01T00:11:19,29.94,63.34,1014.14,0,none
N08,2026-01-01T00:11:19,30.1,64.58,1012.44,0,none
N09,2026-01-01T00:11:19,28.05,58.46,1006.22,1,drift
N10,2026-01-01T00:11:19,29.01,66.54,1013.97,0,none
N01,2026-01-01T00:11:20,29.65,63.53,1012.5,0,none
N02,2026-01-01T00:11:20,25.3,55.14,1008.21,1,replay
N03,2026-01-01T00:11:20,21.1,54.11,1014.35,1,spoof
N04,2026-01-01T00:11:20,28.99,63.33,1013.6,0,none
N05,2026-01-01T00:11:20,28.94,62.69,1013.41,0,none
N06,2026-01-01T00:11:20,29.84,64.22,1013.68,0,none
N07,2026-01-01T00:11:20,30.27,62.48,1013.59,0,none
N08,2026-01-01T00:11:20,30.16,64.64,1012.72,0,none
N09,2026-01-01T00:11:20,27.69,57.68,1006.09,1,drift
N10,2026-01-01T00:11:20,28.94,66.85,1013.34,0,none
N01,2026-01-01T00:11:21,29.81,62.55,1012.68,0,none
N02,2026-01-01T00:11:21,25.56,55.47,1008.17,1,replay
N03,2026-01-01T00:11:21,30.18,63.48,1013.38,0,none
N04,2026-01-01T00:11:21,28.96,62.75,1013.06,0,none
N05,2026-01-01T00:11:21,29.11,63.28,1013.54,0,none
N06,2026-01-01T00:11:21,29.82,64.55,1013.3,0,none
N07,2026-01-01T00:11:21,30.21,62.26,1014.02,0,none
N08,2026-01-01T00:11:21,30.13,64.26,1011.96,0,none
N09,2026-01-01T00:11:21,27.52,56.78,1005.27,1,drift
N10,2026-01-01T00:11:21,29.04,66.49,1013.64,0,none
N01,2026-01-01T00:11:22,30.08,63.27,1013.24,0,none
N02,2026-01-01T00:11:22,25.32,56.06,1008.51,1,replay
N03,2026-01-01T00:11:22,30.53,63.73,1012.74,0,none
N04,2026-01-01T00:11:22,28.97,63.15,1012.85,0,none
N05,2026-01-01T00:11:22,28.84,64.22,1013.65,0,none
N06,2026-01-01T00:11:22,29.78,64.54,1013.79,0,none
N07,2026-01-01T00:11:22,30.36,62.99,1013.91,0,none
N08,2026-01-01T00:11:22,29.95,64.67,1012.04,0,none
N09,2026-01-01T00:11:22,27.22,56.65,1004.29,1,drift
N10,2026-01-01T00:11:22,28.93,67.81,1013.28,0,none
N01,2026-01-01T00:11:23,30.01,62.75,1012.78,0,none
N02,2026-01-01T00:11:23,25.13,56.12,1008.71,1,replay
N03,2026-01-01T00:11:23,30.62,63.19,1013.35,0,none
N04,2026-01-01T00:11:23,28.68,63.54,1013.77,0,none
N05,2026-01-01T00:11:23,28.89,63.73,1013.96,0,none
N06,2026-01-01T00:11:23,29.98,64.09,1013.63,0,none
N07,2026-01-01T00:11:23,30.34,63.24,1014.14,0,none
N08,2026-01-01T00:11:23,30.1,63.09,1012.95,0,none
N09,2026-01-01T00:11:23,26.85,56.57,1003.99,1,drift
N10,2026-01-01T00:11:23,29.06,66.65,1013.45,0,none
N01,2026-01-01T00:11:24,30.16,63.22,1013.04,0,none
N02,2026-01-01T00:11:24,25.54,56.19,1008.5,1,replay
N03,2026-01-01T00:11:24,30.2,62.72,1013.4,0,none
N04,2026-01-01T00:11:24,28.87,63.72,1012.83,0,none
N05,2026-01-01T00:11:24,28.75,63.36,1013.71,0,none
N06,2026-01-01T00:11:24,29.81,64.38,1012.75,0,none
N07,2026-01-01T00:11:24,30.3,61.98,1013.85,0,none
N08,2026-01-01T00:11:24,30.15,65.22,1012.56,0,none
N09,2026-01-01T00:11:24,26.83,54.72,1003.22,1,drift
N10,2026-01-01T00:11:24,29.12,66.13,1013.26,0,none
N01,2026-01-01T00:11:25,29.79,63.54,1013.74,0,none
N02,2026-01-01T00:11:25,25.59,55.93,1008.88,1,replay
N03,2026-01-01T00:11:25,30.65,63.37,1013.12,0,none
N04,2026-01-01T00:11:25,28.68,65.29,1013.81,0,none
N05,2026-01-01T00:11:25,28.85,63.73,1013.42,0,none
N06,2026-01-01T00:11:25,29.8,64.61,1014.18,0,none
N07,2026-01-01T00:11:25,30.23,62.06,1014.07,0,none
N08,2026-01-01T00:11:25,29.84,63.73,1012.16,0,none
N09,2026-01-01T00:11:25,26.57,55.47,1003.04,1,drift
N10,2026-01-01T00:11:25,29.12,67.36,1013.85,0,none
N01,2026-01-01T00:11:26,30.05,63.03,1013.07,0,none
N02,2026-01-01T00:11:26,25.42,55.52,1008.72,1,replay
N03,2026-01-01T00:11:26,30.71,63.57,1013.21,0,none
N04,2026-01-01T00:11:26,28.96,62.93,1013.36,0,none
N05,2026-01-01T00:11:26,28.99,63.9,1013.36,0,none
N06,2026-01-01T00:11:26,29.86,63.69,1013.46,0,none
N07,2026-01-01T00:11:26,30.33,62.98,1014.39,0,none
N08,2026-01-01T00:11:26,29.98,65.24,1012.0,0,none
N09,2026-01-01T00:11:26,26.32,53.66,1001.98,1,drift
N10,2026-01-01T00:11:26,28.98,67.09,1013.32,0,none
N01,2026-01-01T00:11:27,30.07,63.82,1012.91,0,none
N02,2026-01-01T00:11:27,29.58,65.94,1013.95,0,none
N03,2026-01-01T00:11:27,30.5,63.27,1013.4,0,none
N04,2026-01-01T00:11:27,29.24,64.45,1013.22,0,none
N05,2026-01-01T00:11:27,28.74,63.86,1012.78,0,none
N06,2026-01-01T00:11:27,30.09,64.57,1014.65,0,none
N07,2026-01-01T00:11:27,30.68,63.71,1014.41,0,none
N08,2026-01-01T00:11:27,30.23,66.17,1012.52,0,none
N09,2026-01-01T00:11:27,26.08,54.21,1001.65,1,drift
N10,2026-01-01T00:11:27,28.87,66.95,1014.04,0,none
N01,2026-01-01T00:11:28,30.29,63.59,1012.86,0,none
N02,2026-01-01T00:11:28,29.58,67.16,1013.89,0,none
N03,2026-01-01T00:11:28,27.53,54.91,1009.25,1,replay
N04,2026-01-01T00:11:28,28.8,64.74,1013.22,0,none
N05,2026-01-01T00:11:28,29.14,64.61,1013.49,0,none
N06,2026-01-01T00:11:28,29.85,65.77,1013.24,0,none
N07,2026-01-01T00:11:28,30.5,64.49,1014.07,0,none
N08,2026-01-01T00:11:28,30.33,64.79,1012.74,0,none
N09,2026-01-01T00:11:28,25.94,53.8,1001.37,1,drift
N10,2026-01-01T00:11:28,29.15,67.88,1013.62,0,none
N01,2026-01-01T00:11:29,30.07,63.67,1012.8,0,none
N02,2026-01-01T00:11:29,29.41,67.73,1013.8,0,none
N03,2026-01-01T00:11:29,27.49,54.86,1008.67,1,replay
N04,2026-01-01T00:11:29,29.04,64.59,1013.61,0,none
N05,2026-01-01T00:11:29,29.05,65.09,1013.67,0,none
N06,2026-01-01T00:11:29,30.1,65.42,1013.33,0,none
N07,2026-01-01T00:11:29,30.47,63.2,1014.66,0,none
N08,2026-01-01T00:11:29,30.28,64.67,1012.49,0,none
N09,2026-01-01T00:11:29,25.24,52.1,1000.34,1,drift
N10,2026-01-01T00:11:29,21.32,51.54,994.83,1,spike
N01,2026-01-01T00:11:30,30.22,63.71,1012.51,0,none
N02,2026-01-01T00:11:30,29.48,67.51,1014.37,0,none
N03,2026-01-01T00:11:30,27.32,55.17,1009.29,1,replay
N04,2026-01-01T00:11:30,29.06,64.82,1013.85,0,none
N05,2026-01-01T00:11:30,29.09,65.6,1014.01,0,none
N06,2026-01-01T00:11:30,30.15,64.17,1013.49,0,none
N07,2026-01-01T00:11:30,30.6,64.08,1014.6,0,none
N08,2026-01-01T00:11:30,30.44,65.27,1012.94,0,none
N09,2026-01-01T00:11:30,25.57,51.93,999.73,1,drift
N10,2026-01-01T00:11:30,22.99,40.38,989.91,1,spike
N01,2026-01-01T00:11:31,30.38,63.16,1013.0,0,none
N02,2026-01-01T00:11:31,29.53,67.64,1013.82,0,none
N03,2026-01-01T00:11:31,27.33,56.25,1009.19,1,replay
N04,2026-01-01T00:11:31,29.35,64.7,1013.73,0,none
N05,2026-01-01T00:11:31,29.42,64.22,1014.13,0,none
N06,2026-01-01T00:11:31,30.08,64.43,1013.47,0,none
N07,2026-01-01T00:11:31,30.38,64.11,1014.1,0,none
N08,2026-01-01T00:11:31,40.0,89.12,1038.16,1,spike
N09,2026-01-01T00:11:31,25.35,51.67,999.62,1,drift
N10,2026-01-01T00:11:31,20.59,49.85,991.1,1,spike
N01,2026-01-01T00:11:32,30.01,63.6,1012.95,0,none
N02,2026-01-01T00:11:32,29.49,67.12,1014.34,0,none
N03,2026-01-01T00:11:32,27.19,55.38,1009.5,1,replay
N04,2026-01-01T00:11:32,29.07,64.39,1012.96,0,none
N05,2026-01-01T00:11:32,28.99,64.75,1013.66,0,none
N06,2026-01-01T00:11:32,29.97,64.96,1014.02,0,none
N07,2026-01-01T00:11:32,30.37,63.57,1014.51,0,none
N08,2026-01-01T00:11:32,39.45,90.0,1030.71,1,spike
N09,2026-01-01T00:11:32,30.9,64.9,1013.01,0,none
N10,2026-01-01T00:11:32,18.79,42.77,988.2,1,spike
N01,2026-01-01T00:11:33,30.35,64.16,1013.34,0,none
N02,2026-01-01T00:11:33,29.35,66.98,1014.61,0,none
N03,2026-01-01T00:11:33,27.5,56.09,1009.47,1,replay
N04,2026-01-01T00:11:33,29.36,64.39,1013.51,0,none
N05,2026-01-01T00:11:33,29.04,64.5,1014.33,0,none
N06,2026-01-01T00:11:33,29.69,64.24,1014.1,0,none
N07,2026-01-01T00:11:33,30.43,63.12,1014.49,0,none
N08,2026-01-01T00:11:33,39.65,90.0,1034.01,1,spike
N09,2026-01-01T00:11:33,30.83,65.03,1013.13,0,none
N10,2026-01-01T00:11:33,22.1,46.93,990.27,1,spike
N01,2026-01-01T00:11:34,30.08,63.3,1013.19,0,none
N02,2026-01-01T00:11:34,29.23,67.97,1013.91,0,none
N03,2026-01-01T00:11:34,27.72,55.77,1009.23,1,replay
N04,2026-01-01T00:11:34,29.22,65.02,1013.49,0,none
N05,2026-01-01T00:11:34,29.14,63.86,1014.44,0,none
N06,2026-01-01T00:11:34,30.03,65.48,1014.26,0,none
N07,2026-01-01T00:11:34,30.82,64.07,1013.91,0,none
N08,2026-01-01T00:11:34,39.68,83.38,1039.1,1,spike
N09,2026-01-01T00:11:34,30.82,64.93,1012.56,0,none
N10,2026-01-01T00:11:34,19.1,43.25,996.01,1,spike
N01,2026-01-01T00:11:35,30.42,63.74,1013.37,0,none
N02,2026-01-01T00:11:35,29.58,67.01,1014.37,0,none
N03,2026-01-01T00:11:35,27.69,54.68,1009.44,1,replay
N04,2026-01-01T00:11:35,29.53,65.24,1013.56,0,none
N05,2026-01-01T00:11:35,29.28,64.51,1014.16,0,none
N06,2026-01-01T00:11:35,30.08,65.18,1013.84,0,none
N07,2026-01-01T00:11:35,30.72,63.45,1014.82,0,none
N08,2026-01-01T00:11:35,30.49,66.02,1013.33,0,none
N09,2026-01-01T00:11:35,30.96,65.15,1012.57,0,none
N10,2026-01-01T00:11:35,29.44,67.87,1013.61,0,none
N01,2026-01-01T00:11:36,30.14,63.76,1013.33,0,none
N02,2026-01-01T00:11:36,30.0,66.42,1013.6,0,none
N03,2026-01-01T00:11:36,27.66,55.3,1009.77,1,replay
N04,2026-01-01T00:11:36,29.68,64.54,1013.88,0,none
N05,2026-01-01T00:11:36,29.53,65.16,1013.98,0,none
N06,2026-01-01T00:11:36,30.38,65.59,1013.61,0,none
N07,2026-01-01T00:11:36,30.57,64.32,,0,none
N08,2026-01-01T00:11:36,30.61,65.86,1013.03,0,none
N09,2026-01-01T00:11:36,31.01,64.85,1013.47,0,none
N10,2026-01-01T00:11:36,29.46,68.25,1013.85,0,none
N01,2026-01-01T00:11:37,30.44,64.32,1012.43,0,none
N02,2026-01-01T00:11:37,29.78,67.23,1014.36,0,none
N03,2026-01-01T00:11:37,27.82,55.61,1009.65,1,replay
N04,2026-01-01T00:11:37,29.48,65.5,1014.28,0,none
N05,2026-01-01T00:11:37,29.32,65.58,1014.75,0,none
N06,2026-01-01T00:11:37,30.4,65.35,1014.0,0,none
N07,2026-01-01T00:11:37,30.67,63.61,1014.88,0,none
N08,2026-01-01T00:11:37,30.43,66.19,1013.18,0,none
N09,2026-01-01T00:11:37,30.81,65.68,1013.12,0,none
N10,2026-01-01T00:11:37,29.44,66.68,1014.05,0,none
N01,2026-01-01T00:11:38,30.29,64.24,1013.12,0,none
N02,2026-01-01T00:11:38,29.71,67.33,1014.76,0,none
N03,2026-01-01T00:11:38,27.39,56.42,1009.53,1,replay
N04,2026-01-01T00:11:38,29.27,64.87,1014.06,0,none
N05,2026-01-01T00:11:38,29.11,64.62,1014.68,0,none
N06,2026-01-01T00:11:38,30.23,65.31,1014.29,0,none
N07,2026-01-01T00:11:38,30.66,63.95,1014.93,0,none
N08,2026-01-01T00:11:38,30.31,65.62,1013.44,0,none
N09,2026-01-01T00:11:38,31.02,66.85,1013.29,0,none
N10,2026-01-01T00:11:38,29.3,68.15,1014.26,0,none
N01,2026-01-01T00:11:39,30.32,64.6,1013.45,0,none
N02,2026-01-01T00:11:39,29.61,66.24,1014.68,0,none
N03,2026-01-01T00:11:39,27.86,55.35,1009.61,1,replay
N04,2026-01-01T00:11:39,29.28,64.77,1014.2,0,none
N05,2026-01-01T00:11:39,29.32,65.34,1014.31,0,none
N06,2026-01-01T00:11:39,30.12,65.69,1013.75,0,none
N07,2026-01-01T00:11:39,30.85,64.02,1014.51,0,none
N08,2026-01-01T00:11:39,30.59,66.29,1013.13,0,none
N09,2026-01-01T00:11:39,31.06,65.87,1013.16,0,none
N10,2026-01-01T00:11:39,29.1,68.43,1014.12,0,none
N01,2026-01-01T00:11:40,30.68,64.74,1013.89,0,none
N02,2026-01-01T00:11:40,29.7,67.31,1014.11,0,none
N03,2026-01-01T00:11:40,27.74,55.64,1009.47,1,replay
N04,2026-01-01T00:11:40,29.45,65.05,1014.17,0,none
N05,2026-01-01T00:11:40,29.36,65.99,1014.11,0,none
N06,2026-01-01T00:11:40,30.28,65.48,1014.47,0,none
N07,2026-01-01T00:11:40,30.49,64.96,1014.8,0,none
N08,2026-01-01T00:11:40,30.65,66.21,1013.43,0,none
N09,2026-01-01T00:11:40,31.1,65.67,1012.95,0,none
N10,2026-01-01T00:11:40,29.54,68.19,1013.7,0,none
N01,2026-01-01T00:11:41,30.56,63.55,1013.62,0,none
N02,2026-01-01T00:11:41,29.39,68.24,1014.25,0,none
N03,2026-01-01T00:11:41,27.43,56.18,1009.44,1,replay
N04,2026-01-01T00:11:41,29.14,66.39,1013.98,0,none
N05,2026-01-01T00:11:41,29.22,65.21,1014.37,0,none
N06,2026-01-01T00:11:41,30.38,66.36,1014.26,0,none
N07,2026-01-01T00:11:41,30.88,64.54,1014.86,0,none
N08,2026-01-01T00:11:41,30.5,66.24,1012.81,0,none
N09,2026-01-01T00:11:41,30.75,65.03,1013.16,0,none
N10,2026-01-01T00:11:41,28.87,67.96,1014.05,0,none
N01,2026-01-01T00:11:42,30.28,65.54,1013.37,0,none
N02,2026-01-01T00:11:42,29.93,68.56,1014.42,0,none
N03,2026-01-01T00:11:42,28.07,56.05,1009.71,1,replay
N04,2026-01-01T00:11:42,29.46,65.2,1013.67,0,none
N05,2026-01-01T00:11:42,29.39,65.3,1014.15,0,none
N06,2026-01-01T00:11:42,30.53,65.59,1014.47,0,none
N07,2026-01-01T00:11:42,30.81,64.07,1014.9,0,none
N08,2026-01-01T00:11:42,30.67,65.99,1012.97,0,none
N09,2026-01-01T00:11:42,31.14,65.89,1012.91,0,none
N10,2026-01-01T00:11:42,29.5,68.72,1014.32,0,none
N01,2026-01-01T00:11:43,30.44,65.1,1013.77,0,none
N02,2026-01-01T00:11:43,29.99,68.41,1015.02,0,none
N03,2026-01-01T00:11:43,27.66,55.72,1009.4,1,replay
N04,2026-01-01T00:11:43,29.44,66.17,1013.97,0,none
N05,2026-01-01T00:11:43,29.58,65.19,1014.72,0,none
N06,2026-01-01T00:11:43,30.24,65.98,1014.11,0,none
N07,2026-01-01T00:11:43,31.04,65.08,1014.52,0,none
N08,2026-01-01T00:11:43,30.38,66.22,1013.13,0,none
N09,2026-01-01T00:11:43,31.17,65.73,1013.3,0,none
N10,2026-01-01T00:11:43,29.74,67.98,1014.16,0,none
N01,2026-01-01T00:11:44,30.48,64.24,1013.11,0,none
N02,2026-01-01T00:11:44,29.71,68.12,1014.45,0,none
N03,2026-01-01T00:11:44,27.86,56.92,1009.54,1,replay
N04,2026-01-01T00:11:44,29.52,65.75,1013.98,0,none
N05,2026-01-01T00:11:44,29.2,65.05,1014.1,0,none
N06,2026-01-01T00:11:44,30.45,65.44,1014.88,0,none
N07,2026-01-01T00:11:44,30.76,64.28,1014.72,0,none
N08,2026-01-01T00:11:44,30.8,66.01,1012.91,0,none
N09,2026-01-01T00:11:44,31.06,65.44,1013.35,0,none
N10,2026-01-01T00:11:44,29.6,67.8,1014.08,0,none
N01,2026-01-01T00:11:45,30.64,64.31,1013.53,0,none
N02,2026-01-01T00:11:45,30.13,67.77,1014.19,0,none
N03,2026-01-01T00:11:45,27.93,56.51,1010.27,1,replay
N04,2026-01-01T00:11:45,29.26,65.53,1014.39,0,none
N05,2026-01-01T00:11:45,19.57,40.09,997.26,1,spike
N06,2026-01-01T00:11:45,30.43,65.77,1014.27,0,none
N07,2026-01-01T00:11:45,30.75,64.64,1014.65,0,none
N08,2026-01-01T00:11:45,30.84,66.09,1013.37,0,none
N09,2026-01-01T00:11:45,31.16,65.94,1013.49,0,none
N10,2026-01-01T00:11:45,29.89,68.81,1014.59,0,none
N01,2026-01-01T00:11:46,30.6,64.99,1013.34,0,none
N02,2026-01-01T00:11:46,29.84,68.09,1014.9,0,none
N03,2026-01-01T00:11:46,28.32,56.35,1009.29,1,replay
N04,2026-01-01T00:11:46,29.47,65.56,1013.78,0,none
N05,2026-01-01T00:11:46,21.08,39.79,991.42,1,spike
N06,2026-01-01T00:11:46,30.77,65.13,1014.24,0,none
N07,2026-01-01T00:11:46,31.28,64.68,1014.65,0,none
N08,2026-01-01T00:11:46,30.84,65.91,1012.88,0,none
N09,2026-01-01T00:11:46,31.22,67.7,1013.35,0,none
N10,2026-01-01T00:11:46,29.91,68.97,1014.04,0,none
N01,2026-01-01T00:11:47,30.51,65.02,1014.29,0,none
N02,2026-01-01T00:11:47,30.17,68.32,1014.69,0,none
N03,2026-01-01T00:11:47,27.9,56.15,1010.03,1,replay
N04,2026-01-01T00:11:47,29.37,65.31,1014.44,0,none
N05,2026-01-01T00:11:47,18.75,47.07,991.76,1,spike
N06,2026-01-01T00:11:47,30.46,66.08,1014.31,0,none
N07,2026-01-01T00:11:47,30.89,64.95,1014.92,0,none
N08,2026-01-01T00:11:47,31.14,65.8,1013.55,0,none
N09,2026-01-01T00:11:47,31.13,66.32,1013.28,0,none
N10,2026-01-01T00:11:47,29.83,68.92,1014.09,0,none
N01,2026-01-01T00:11:48,30.84,64.45,1013.47,0,none
N02,2026-01-01T00:11:48,30.05,68.57,1014.05,0,none
N03,2026-01-01T00:11:48,27.91,56.22,1008.98,1,replay
N04,2026-01-01T00:11:48,29.53,65.69,1014.41,0,none
N05,2026-01-01T00:11:48,19.99,43.19,995.11,1,spike
N06,2026-01-01T00:11:48,30.49,64.89,1014.17,0,none
N07,2026-01-01T00:11:48,31.29,64.22,1014.28,0,none
N08,2026-01-01T00:11:48,30.77,66.76,1012.97,0,none
N09,2026-01-01T00:11:48,31.17,67.99,1013.31,0,none
N10,2026-01-01T00:11:48,29.55,69.09,1014.67,0,none
N01,2026-01-01T00:11:49,30.81,65.53,1013.22,0,none
N02,2026-01-01T00:11:49,30.16,68.41,1014.9,0,none
N03,2026-01-01T00:11:49,27.93,56.89,1009.78,1,replay
N04,2026-01-01T00:11:49,29.59,65.98,1014.11,0,none
N05,2026-01-01T00:11:49,23.01,40.17,992.48,1,spike
N06,2026-01-01T00:11:49,30.63,66.02,1014.15,0,none
N07,2026-01-01T00:11:49,31.0,64.35,1015.29,0,none
N08,2026-01-01T00:11:49,30.97,66.38,1012.87,0,none
N09,2026-01-01T00:11:49,31.36,66.78,1013.39,0,none
N10,2026-01-01T00:11:49,29.54,69.33,1014.14,0,none
N01,2026-01-01T00:11:50,30.51,65.12,1013.76,0,none
N02,2026-01-01T00:11:50,30.11,67.91,1014.32,0,none
N03,2026-01-01T00:11:50,28.07,56.31,1009.91,1,replay
N04,2026-01-01T00:11:50,29.72,66.74,1013.66,0,none
N05,2026-01-01T00:11:50,22.31,43.11,989.65,1,spike
N06,2026-01-01T00:11:50,30.64,65.64,1014.17,0,none
N07,2026-01-01T00:11:50,30.81,64.85,1014.64,0,none
N08,2026-01-01T00:11:50,30.69,66.09,1013.09,0,none
N09,2026-01-01T00:11:50,31.23,67.24,1012.54,0,none
N10,2026-01-01T00:11:50,29.77,69.64,1014.31,0,none
N01,2026-01-01T00:11:51,30.27,66.03,1013.89,0,none
N02,2026-01-01T00:11:51,30.03,69.5,1015.19,0,none
N03,2026-01-01T00:11:51,27.97,56.61,1010.05,1,replay
N04,2026-01-01T00:11:51,29.68,66.65,1014.05,0,none
N05,2026-01-01T00:11:51,21.64,39.93,990.88,1,spike
N06,2026-01-01T00:11:51,30.68,66.43,1014.04,0,none
N07,2026-01-01T00:11:51,30.97,64.54,1014.29,0,none
N08,2026-01-01T00:11:51,31.0,66.94,1013.78,0,none
N09,2026-01-01T00:11:51,31.16,66.8,1013.08,0,none
N10,2026-01-01T00:11:51,29.61,68.87,1014.32,0,none
N01,2026-01-01T00:11:52,30.57,65.26,1013.7,0,none
N02,2026-01-01T00:11:52,29.96,68.31,1014.31,0,none
N03,2026-01-01T00:11:52,28.18,57.09,1010.58,1,replay
N04,2026-01-01T00:11:52,29.45,66.26,1013.88,0,none
N05,2026-01-01T00:11:52,29.61,65.18,1014.61,0,none
N06,2026-01-01T00:11:52,30.46,65.86,1014.59,0,none
N07,2026-01-01T00:11:52,31.15,64.61,1014.42,0,none
N08,2026-01-01T00:11:52,30.87,65.63,1012.84,0,none
N09,2026-01-01T00:11:52,31.3,66.18,1013.02,0,none
N10,2026-01-01T00:11:52,29.85,69.32,1013.93,0,none
N01,2026-01-01T00:11:53,30.74,65.24,1013.76,0,none
N02,2026-01-01T00:11:53,29.7,68.54,1015.37,0,none
N03,2026-01-01T00:11:53,28.18,57.73,1010.02,1,replay
N04,2026-01-01T00:11:53,29.49,66.16,1013.84,0,none
N05,2026-01-01T00:11:53,29.69,66.35,1014.39,0,none
N06,2026-01-01T00:11:53,30.75,65.86,1014.49,0,none
N07,2026-01-01T00:11:53,31.0,65.76,1015.08,0,none
N08,2026-01-01T00:11:53,30.76,66.28,1013.05,0,none
N09,2026-01-01T00:11:53,31.16,67.26,1013.54,0,none
N10,2026-01-01T00:11:53,29.39,68.83,1014.59,1,stuck
N01,2026-01-01T00:11:54,30.48,64.41,1013.8,0,none
N02,2026-01-01T00:11:54,29.72,68.67,1014.22,0,none
N03,2026-01-01T00:11:54,28.26,56.92,1009.77,1,replay
N04,2026-01-01T00:11:54,29.59,65.51,1014.34,0,none
N05,2026-01-01T00:11:54,29.44,65.44,1014.76,0,none
N06,2026-01-01T00:11:54,30.54,66.47,1014.66,0,none
N07,2026-01-01T00:11:54,30.91,63.94,1015.31,0,none
N08,2026-01-01T00:11:54,30.77,66.51,1013.53,0,none
N09,2026-01-01T00:11:54,31.35,66.53,1014.22,0,none
N10,2026-01-01T00:11:54,29.39,68.83,1014.59,1,stuck
N01,2026-01-01T00:11:55,30.52,65.37,1014.1,0,none
N02,2026-01-01T00:11:55,29.79,68.28,1015.51,0,none
N03,2026-01-01T00:11:55,28.29,57.26,1010.52,1,replay
N04,2026-01-01T00:11:55,29.5,66.55,1014.21,0,none
N05,2026-01-01T00:11:55,29.6,65.28,1014.66,0,none
N06,2026-01-01T00:11:55,30.39,65.58,1014.28,0,none
N07,2026-01-01T00:11:55,30.81,64.9,1014.81,0,none
N08,2026-01-01T00:11:55,30.51,66.56,1014.07,0,none
N09,2026-01-01T00:11:55,31.24,67.77,1013.26,0,none
N10,2026-01-01T00:11:55,29.39,68.83,1014.59,1,stuck
N01,2026-01-01T00:11:56,30.72,64.84,1013.85,0,none
N02,2026-01-01T00:11:56,29.79,68.48,1014.33,0,none
N03,2026-01-01T00:11:56,28.25,57.72,1010.22,1,replay
N04,2026-01-01T00:11:56,29.43,65.81,1014.16,0,none
N05,2026-01-01T00:11:56,29.75,66.2,1014.65,0,none
N06,2026-01-01T00:11:56,30.51,65.96,1014.91,0,none
N07,2026-01-01T00:11:56,31.08,65.3,1015.2,0,none
N08,2026-01-01T00:11:56,31.04,66.79,1013.69,0,none
N09,2026-01-01T00:11:56,31.31,65.78,1013.67,0,none
N10,2026-01-01T00:11:56,29.39,68.83,1014.59,1,stuck
N01,2026-01-01T00:11:57,30.79,64.84,1013.92,0,none
N02,2026-01-01T00:11:57,30.32,68.27,1014.48,0,none
N03,2026-01-01T00:11:57,28.14,57.55,1010.53,1,replay
N04,2026-01-01T00:11:57,29.85,65.41,1014.28,0,none
N05,2026-01-01T00:11:57,29.85,66.12,1014.21,0,none
N06,2026-01-01T00:11:57,30.62,66.4,1014.36,0,none
N07,2026-01-01T00:11:57,31.19,66.11,1014.93,0,none
N08,2026-01-01T00:11:57,30.9,66.0,1013.18,0,none
N09,2026-01-01T00:11:57,31.44,66.36,1012.9,0,none
N10,2026-01-01T00:11:57,29.39,68.83,1014.59,1,stuck
N01,2026-01-01T00:11:58,30.92,65.25,1014.11,0,none
N02,2026-01-01T00:11:58,30.02,68.57,1014.17,0,none
N03,2026-01-01T00:11:58,28.09,57.83,1010.15,1,replay
N04,2026-01-01T00:11:58,29.93,65.96,1014.27,0,none
N05,2026-01-01T00:11:58,29.52,65.89,1014.78,0,none
N06,2026-01-01T00:11:58,30.61,66.64,1014.83,0,none
N07,2026-01-01T00:11:58,31.22,64.93,1015.17,0,none
N08,2026-01-01T00:11:58,30.91,65.97,1013.82,0,none
N09,2026-01-01T00:11:58,31.65,67.46,1013.03,0,none
N10,2026-01-01T00:11:58,29.39,68.83,1014.59,1,stuck
N01,2026-01-01T00:11:59,30.91,65.92,1014.08,0,none
N02,2026-01-01T00:11:59,30.1,68.2,1014.9,0,none
N03,2026-01-01T00:11:59,28.28,57.57,1010.38,1,replay
N04,2026-01-01T00:11:59,29.35,65.72,1014.87,0,none
N05,2026-01-01T00:11:59,29.67,66.31,1014.85,0,none
N06,2026-01-01T00:11:59,30.5,65.43,1014.47,0,none
N07,2026-01-01T00:11:59,31.28,64.77,1014.99,0,none
N08,2026-01-01T00:11:59,31.1,67.06,1013.8,0,none
N09,2026-01-01T00:11:59,31.38,67.14,1013.63,0,none
N10,2026-01-01T00:11:59,29.39,68.83,1014.59,1,stuck
N01,2026-01-01T00:12:00,31.04,65.24,1014.58,0,none
N02,2026-01-01T00:12:00,30.18,67.9,1015.16,0,none
N03,2026-01-01T00:12:00,28.32,57.58,1010.38,1,replay
N04,2026-01-01T00:12:00,29.93,66.39,1013.48,0,none
N05,2026-01-01T00:12:00,29.84,66.33,1014.33,0,none
N06,2026-01-01T00:12:00,30.72,66.28,1015.14,0,none
N07,2026-01-01T00:12:00,31.1,65.44,1015.09,0,none
N08,2026-01-01T00:12:00,31.09,67.52,1013.74,0,none
N09,2026-01-01T00:12:00,31.28,67.46,1013.64,0,none
N10,2026-01-01T00:12:00,29.39,68.83,1014.59,1,stuck
N01,2026-01-01T00:12:01,30.89,65.24,1014.06,0,none
N02,2026-01-01T00:12:01,30.19,68.91,1014.83,0,none
N03,2026-01-01T00:12:01,31.39,64.99,1014.38,0,none
N04,2026-01-01T00:12:01,29.92,66.37,1013.81,0,none
N05,2026-01-01T00:12:01,29.55,65.22,1015.08,0,none
N06,2026-01-01T00:12:01,30.87,66.04,1014.33,0,none
N07,2026-01-01T00:12:01,31.15,65.85,1015.51,0,none
N08,2026-01-01T00:12:01,31.07,66.36,1013.57,0,none
N09,2026-01-01T00:12:01,31.7,67.01,1013.18,0,none
N10,2026-01-01T00:12:01,29.39,68.83,1014.59,1,stuck
N01,2026-01-01T00:12:02,30.95,64.87,1013.33,0,none
N02,2026-01-01T00:12:02,30.06,69.0,1014.95,0,none
N03,2026-01-01T00:12:02,31.31,65.53,1013.81,0,none
N04,2026-01-01T00:12:02,29.7,66.89,1014.44,0,none
N05,2026-01-01T00:12:02,29.55,65.48,1014.22,0,none
N06,2026-01-01T00:12:02,30.59,66.62,1014.52,0,none
N07,2026-01-01T00:12:02,31.22,64.75,1015.39,0,none
N08,2026-01-01T00:12:02,31.0,68.1,1013.83,0,none
N09,2026-01-01T00:12:02,31.41,66.14,1013.58,0,none
N10,2026-01-01T00:12:02,29.39,68.83,1014.59,1,stuck
N01,2026-01-01T00:12:03,30.92,65.24,1014.12,0,none
N02,2026-01-01T00:12:03,29.9,68.18,1014.93,0,none
N03,2026-01-01T00:12:03,31.44,65.56,1014.38,0,none
N04,2026-01-01T00:12:03,29.73,66.2,1014.46,0,none
N05,2026-01-01T00:12:03,29.72,67.03,1014.56,0,none
N06,2026-01-01T00:12:03,30.86,66.35,1014.38,0,none
N07,2026-01-01T00:12:03,31.15,64.78,1015.34,0,none
N08,2026-01-01T00:12:03,31.35,65.7,1013.15,0,none
N09,2026-01-01T00:12:03,31.71,66.46,1013.1,0,none
N10,2026-01-01T00:12:03,29.39,68.83,1014.59,1,stuck
N01,2026-01-01T00:12:04,31.21,65.25,1013.68,0,none
N02,2026-01-01T00:12:04,30.38,69.67,1014.89,0,none
N03,2026-01-01T00:12:04,31.31,65.95,1014.33,0,none
N04,2026-01-01T00:12:04,29.88,65.66,1014.15,0,none
N05,2026-01-01T00:12:04,29.91,66.03,1014.55,0,none
N06,2026-01-01T00:12:04,30.59,65.69,1014.48,0,none
N07,2026-01-01T00:12:04,31.31,65.83,1014.71,0,none
N08,2026-01-01T00:12:04,30.96,66.59,1012.96,0,none
N09,2026-01-01T00:12:04,31.52,67.05,1012.87,0,none
N10,2026-01-01T00:12:04,29.39,68.83,1014.59,1,stuck
N01,2026-01-01T00:12:05,30.93,64.58,1013.75,0,none
N02,2026-01-01T00:12:05,30.17,68.58,1014.78,0,none
N03,2026-01-01T00:12:05,31.47,65.73,1014.34,0,none
N04,2026-01-01T00:12:05,30.0,66.81,1014.95,0,none
N05,2026-01-01T00:12:05,29.91,66.34,1015.06,0,none
N06,2026-01-01T00:12:05,30.97,65.66,1014.46,0,none
N07,2026-01-01T00:12:05,31.11,64.42,1015.29,0,none
N08,2026-01-01T00:12:05,30.99,66.47,1013.54,0,none
N09,2026-01-01T00:12:05,31.46,66.58,1013.57,0,none
N10,2026-01-01T00:12:05,29.39,68.83,1014.59,1,stuck
N01,2026-01-01T00:12:06,31.14,65.72,1014.18,0,none
N02,2026-01-01T00:12:06,30.11,68.56,1014.93,0,none
N03,2026-01-01T00:12:06,31.36,64.83,1014.33,0,none
N04,2026-01-01T00:12:06,29.95,65.01,1013.9,0,none
N05,2026-01-01T00:12:06,29.72,65.13,1014.91,0,none
N06,2026-01-01T00:12:06,30.91,66.5,1014.56,0,none
N07,2026-01-01T00:12:06,31.47,64.23,1015.16,0,none
N08,2026-01-01T00:12:06,31.19,65.81,1013.28,0,none
N09,2026-01-01T00:12:06,31.64,67.31,1012.96,0,none
N10,2026-01-01T00:12:06,29.39,68.83,1014.59,1,stuck
N01,2026-01-01T00:12:07,31.13,65.65,1013.97,0,none
N02,2026-01-01T00:12:07,29.92,68.28,1015.05,0,none
N03,2026-01-01T00:12:07,31.33,65.32,1014.43,0,none
N04,2026-01-01T00:12:07,29.95,65.94,1014.07,0,none
N05,2026-01-01T00:12:07,29.84,65.91,1014.77,0,none
N06,2026-01-01T00:12:07,30.88,65.55,1014.42,0,none
N07,2026-01-01T00:12:07,31.04,64.33,1015.26,0,none
N08,2026-01-01T00:12:07,31.06,66.42,1013.39,0,none
N09,2026-01-01T00:12:07,31.47,66.88,1013.65,0,none
N10,2026-01-01T00:12:07,29.39,68.83,1014.59,1,stuck
N01,2026-01-01T00:12:08,31.22,64.87,1014.11,0,none
N02,2026-01-01T00:12:08,30.44,68.16,1014.98,0,none
N03,2026-01-01T00:12:08,31.33,65.2,1014.17,0,none
N04,2026-01-01T00:12:08,29.78,65.57,1014.27,0,none
N05,2026-01-01T00:12:08,29.61,66.68,1015.13,0,none
N06,2026-01-01T00:12:08,30.78,66.15,1014.59,0,none
N07,2026-01-01T00:12:08,31.3,64.53,1014.93,0,none
N08,2026-01-01T00:12:08,31.24,67.16,1013.55,0,none
N09,2026-01-01T00:12:08,31.57,66.01,1013.96,0,none
N10,2026-01-01T00:12:08,30.07,69.0,1014.4,0,none
N01,2026-01-01T00:12:09,31.06,65.63,1013.68,0,none
N02,2026-01-01T00:12:09,30.29,68.48,1014.55,0,none
N03,2026-01-01T00:12:09,31.36,65.42,1014.87,0,none
N04,2026-01-01T00:12:09,29.92,65.73,1014.88,0,none
N05,2026-01-01T00:12:09,29.94,65.56,1014.2,0,none
N06,2026-01-01T00:12:09,30.51,65.77,1014.62,0,none
N07,2026-01-01T00:12:09,31.24,64.25,1015.08,0,none
N08,2026-01-01T00:12:09,31.07,67.12,1013.78,0,none
N09,2026-01-01T00:12:09,31.61,66.5,1013.05,0,none
N10,2026-01-01T00:12:09,29.92,69.22,1014.82,0,none
N01,2026-01-01T00:12:10,30.9,65.51,1013.63,0,none
N02,2026-01-01T00:12:10,29.99,68.66,1014.73,0,none
N03,2026-01-01T00:12:10,31.55,66.11,1013.75,0,none
N04,2026-01-01T00:12:10,29.88,66.9,1013.76,0,none
N05,2026-01-01T00:12:10,30.16,66.54,1014.58,0,none
N06,2026-01-01T00:12:10,31.11,66.49,1014.56,0,none
N07,2026-01-01T00:12:10,31.4,65.77,1014.94,0,none
N08,2026-01-01T00:12:10,30.89,66.57,1014.03,0,none
N09,2026-01-01T00:12:10,31.75,67.17,1012.99,0,none
N10,2026-01-01T00:12:10,30.12,69.4,1014.75,0,none
N01,2026-01-01T00:12:11,31.18,65.58,1014.54,0,none
N02,2026-01-01T00:12:11,26.01,57.61,1010.02,1,replay
N03,2026-01-01T00:12:11,31.69,65.96,1014.55,0,none
N04,2026-01-01T00:12:11,30.03,65.43,1014.9,0,none
N05,2026-01-01T00:12:11,24.22,50.72,1007.54,1,replay
N06,2026-01-01T00:12:11,30.86,65.86,1014.45,0,none
N07,2026-01-01T00:12:11,31.36,65.81,1015.55,0,none
N08,2026-01-01T00:12:11,31.05,67.31,1013.33,1,drift
N09,2026-01-01T00:12:11,31.57,66.72,1013.31,0,none
N10,2026-01-01T00:12:11,30.13,69.51,1014.51,0,none
N01,2026-01-01T00:12:12,30.79,66.31,1013.82,0,none
N02,2026-01-01T00:12:12,26.45,58.14,1010.23,1,replay
N03,2026-01-01T00:12:12,31.48,65.66,1014.43,0,none
N04,2026-01-01T00:12:12,29.84,66.53,1014.26,0,none
N05,2026-01-01T00:12:12,24.17,50.46,1007.22,1,replay
N06,2026-01-01T00:12:12,30.82,65.41,1014.36,0,none
N07,2026-01-01T00:12:12,31.21,65.15,1014.93,0,none
N08,2026-01-01T00:12:12,30.3,65.56,1011.96,1,drift
N09,2026-01-01T00:12:12,31.59,67.28,1013.16,0,none
N10,2026-01-01T00:12:12,30.15,68.81,1014.7,0,none
N01,2026-01-01T00:12:13,31.15,65.82,1014.18,0,none
N02,2026-01-01T00:12:13,26.4,58.93,1010.07,1,replay
N03,2026-01-01T00:12:13,31.49,65.86,1014.18,0,none
N04,2026-01-01T00:12:13,29.9,67.24,1014.1,0,none
N05,2026-01-01T00:12:13,24.1,51.19,1007.48,1,replay
N06,2026-01-01T00:12:13,31.0,66.79,1014.53,0,none
N07,2026-01-01T00:12:13,31.39,65.35,1015.18,0,none
N08,2026-01-01T00:12:13,30.76,65.67,1011.71,1,drift
N09,2026-01-01T00:12:13,31.8,66.68,1013.33,0,none
N10,2026-01-01T00:12:13,30.18,69.18,1014.42,0,none
N01,2026-01-01T00:12:14,31.01,66.02,1014.54,0,none
N02,2026-01-01T00:12:14,26.46,57.89,1009.79,1,replay
N03,2026-01-01T00:12:14,31.54,65.87,1014.34,0,none
N04,2026-01-01T00:12:14,29.96,65.89,1014.82,0,none
N05,2026-01-01T00:12:14,24.1,50.26,1007.53,1,replay
N06,2026-01-01T00:12:14,31.19,66.09,1014.98,0,none
N07,2026-01-01T00:12:14,31.45,65.15,1014.98,0,none
N08,2026-01-01T00:12:14,30.25,64.62,1011.5,1,drift
N09,2026-01-01T00:12:14,31.53,67.42,1013.2,0,none
N10,2026-01-01T00:12:14,30.25,69.02,1015.25,0,none
N01,2026-01-01T00:12:15,31.11,64.61,1013.63,0,none
N02,2026-01-01T00:12:15,26.45,57.83,1010.33,1,replay
N03,2026-01-01T00:12:15,31.6,65.58,1014.17,0,none
N04,2026-01-01T00:12:15,29.83,66.04,1014.62,0,none
N05,2026-01-01T00:12:15,24.44,51.77,1007.2,1,replay
N06,2026-01-01T00:12:15,31.27,66.87,1014.88,0,none
N07,2026-01-01T00:12:15,31.37,65.9,1015.3,0,none
N08,2026-01-01T00:12:15,29.77,64.43,1010.43,1,drift
N09,2026-01-01T00:12:15,31.92,66.99,1013.9,0,none
N10,2026-01-01T00:12:15,30.06,69.73,1014.58,0,none
N01,2026-01-01T00:12:16,31.12,64.94,1013.99,0,none
N02,2026-01-01T00:12:16,26.38,58.35,1010.06,1,replay
N03,2026-01-01T00:12:16,31.79,64.35,1014.17,0,none
N04,2026-01-01T00:12:16,29.93,67.29,1014.47,0,none
N05,2026-01-01T00:12:16,24.1,50.69,1007.59,1,replay
N06,2026-01-01T00:12:16,30.84,66.94,1014.48,0,none
N07,2026-01-01T00:12:16,31.3,65.16,1015.25,0,none
N08,2026-01-01T00:12:16,29.97,64.41,1010.13,1,drift
N09,2026-01-01T00:12:16,31.68,67.25,1013.08,0,none
N10,2026-01-01T00:12:16,30.18,69.46,1014.43,0,none
N01,2026-01-01T00:12:17,30.93,65.07,1013.94,0,none
N02,2026-01-01T00:12:17,26.37,58.87,1010.49,1,replay
N03,2026-01-01T00:12:17,31.53,65.25,1014.02,0,none
N04,2026-01-01T00:12:17,29.95,65.74,1014.44,0,none
N05,2026-01-01T00:12:17,24.58,50.69,1007.48,1,replay
N06,2026-01-01T00:12:17,30.77,66.08,1014.57,0,none
N07,2026-01-01T00:12:17,31.62,65.63,1015.28,0,none
N08,2026-01-01T00:12:17,29.47,63.41,1009.13,1,drift
N09,2026-01-01T00:12:17,31.74,66.54,1013.08,0,none
N10,2026-01-01T00:12:17,30.19,70.97,1014.59,0,none
N01,2026-01-01T00:12:18,31.04,65.23,1013.83,0,none
N02,2026-01-01T00:12:18,26.27,59.02,1009.85,1,replay
N03,2026-01-01T00:12:18,31.28,65.97,1015.03,0,none
N04,2026-01-01T00:12:18,29.89,66.29,1014.72,0,none
N05,2026-01-01T00:12:18,24.1,50.73,1007.56,1,replay
N06,2026-01-01T00:12:18,31.02,66.51,1014.57,0,none
N07,2026-01-01T00:12:18,31.45,65.21,1015.41,0,none
N08,2026-01-01T00:12:18,29.31,62.41,1008.41,1,drift
N09,2026-01-01T00:12:18,31.71,67.06,1013.38,0,none
N10,2026-01-01T00:12:18,30.12,69.57,1014.6,0,none
N01,2026-01-01T00:12:19,31.02,64.87,1013.66,0,none
N02,2026-01-01T00:12:19,26.9,58.16,1010.18,1,replay
N03,2026-01-01T00:12:19,31.37,65.32,1014.47,0,none
N04,2026-01-01T00:12:19,29.91,66.26,1014.5,0,none
N05,2026-01-01T00:12:19,24.08,51.11,1007.11,1,replay
N06,2026-01-01T00:12:19,30.89,66.5,1014.27,0,none
N07,2026-01-01T00:12:19,31.46,64.66,1014.97,0,none
N08,2026-01-01T00:12:19,29.0,61.07,1008.05,1,drift
N09,2026-01-01T00:12:19,31.55,65.83,1013.64,0,none
N10,2026-01-01T00:12:19,30.2,68.88,1014.39,0,none
N01,2026-01-01T00:12:20,31.47,65.26,1013.85,0,none
N02,2026-01-01T00:12:20,26.5,59.3,1010.41,1,replay
N03,2026-01-01T00:12:20,31.47,65.67,1014.23,0,none
N04,2026-01-01T00:12:20,30.12,66.59,1014.61,0,none
N05,2026-01-01T00:12:20,24.29,50.42,1007.33,1,replay
N06,2026-01-01T00:12:20,31.08,65.9,1015.24,0,none
N07,2026-01-01T00:12:20,31.35,64.5,1015.01,0,none
N08,2026-01-01T00:12:20,28.61,60.84,1008.28,1,drift
N09,2026-01-01T00:12:20,31.45,67.09,1013.98,0,none
N10,2026-01-01T00:12:20,30.37,69.94,1014.8,0,none
N01,2026-01-01T00:12:21,30.98,65.43,1013.74,0,none
N02,2026-01-01T00:12:21,26.71,60.14,1010.63,1,replay
N03,2026-01-01T00:12:21,27.03,53.71,1008.65,1,replay
N04,2026-01-01T00:12:21,29.91,67.36,1014.23,0,none
N05,2026-01-01T00:12:21,24.39,51.65,1007.05,1,replay
N06,2026-01-01T00:12:21,30.78,66.34,1014.94,0,none
N07,2026-01-01T00:12:21,31.26,65.86,1015.36,0,none
N08,2026-01-01T00:12:21,28.47,60.13,1007.79,1,drift
N09,2026-01-01T00:12:21,31.4,67.12,1013.92,0,none
N10,2026-01-01T00:12:21,30.05,68.95,1014.79,0,none
N01,2026-01-01T00:12:22,31.36,66.35,1014.48,0,none
N02,2026-01-01T00:12:22,26.7,58.76,1010.21,1,replay
N03,2026-01-01T00:12:22,26.9,53.51,1009.0,1,replay
N04,2026-01-01T00:12:22,30.15,66.76,1014.55,0,none
N05,2026-01-01T00:12:22,24.21,51.73,1007.87,1,replay
N06,2026-01-01T00:12:22,30.92,66.59,1014.35,0,none
N07,2026-01-01T00:12:22,31.54,65.27,1015.0,0,none
N08,2026-01-01T00:12:22,28.44,60.46,1006.78,1,drift
N09,2026-01-01T00:12:22,31.76,67.32,1013.62,0,none
N10,2026-01-01T00:12:22,30.14,69.46,1014.78,0,none
N01,2026-01-01T00:12:23,31.07,65.61,1013.44,0,none
N02,2026-01-01T00:12:23,26.65,59.73,1010.6,1,replay
N03,2026-01-01T00:12:23,27.23,53.39,1008.27,1,replay
N04,2026-01-01T00:12:23,30.07,67.98,1014.58,0,none
N05,2026-01-01T00:12:23,24.31,51.04,1008.08,1,replay
N06,2026-01-01T00:12:23,31.14,65.81,1014.84,0,none
N07,2026-01-01T00:12:23,31.42,66.08,1015.59,0,none
N08,2026-01-01T00:12:23,28.24,58.92,1005.98,1,drift
N09,2026-01-01T00:12:23,31.85,67.65,1013.98,0,none
N10,2026-01-01T00:12:23,30.19,70.2,1014.58,0,none
N01,2026-01-01T00:12:24,30.97,65.22,1013.78,0,none
N02,2026-01-01T00:12:24,26.99,59.11,1010.83,1,replay
N03,2026-01-01T00:12:24,27.0,54.1,1008.95,1,replay
N04,2026-01-01T00:12:24,30.18,66.95,1014.83,0,none
N05,2026-01-01T00:12:24,24.25,51.52,1007.78,1,replay
N06,2026-01-01T00:12:24,30.92,67.09,1015.09,0,none
N07,2026-01-01T00:12:24,31.37,65.34,1015.27,0,none
N08,2026-01-01T00:12:24,27.76,58.74,1005.29,1,drift
N09,2026-01-01T00:12:24,31.73,67.58,1013.51,0,none
N10,2026-01-01T00:12:24,29.98,70.13,1014.65,0,none
N01,2026-01-01T00:12:25,31.12,64.93,1014.13,0,none
N02,2026-01-01T00:12:25,26.58,59.42,1010.13,1,replay
N03,2026-01-01T00:12:25,27.18,53.4,1008.22,1,replay
N04,2026-01-01T00:12:25,29.95,67.37,1014.66,0,none
N05,2026-01-01T00:12:25,24.3,51.25,1007.97,1,replay
N06,2026-01-01T00:12:25,30.75,66.51,1015.07,0,none
N07,2026-01-01T00:12:25,31.47,65.54,1015.34,0,none
N08,2026-01-01T00:12:25,27.47,58.38,1004.53,1,drift
N09,2026-01-01T00:12:25,31.54,67.28,1013.68,0,none
N10,2026-01-01T00:12:25,30.4,69.83,1015.06,0,none
N01,2026-01-01T00:12:26,31.28,65.41,1014.28,0,none
N02,2026-01-01T00:12:26,26.66,59.37,1010.2,1,replay
N03,2026-01-01T00:12:26,27.06,53.16,1008.39,1,replay
N04,2026-01-01T00:12:26,29.99,66.34,1014.65,0,none
N05,2026-01-01T00:12:26,24.46,52.0,1008.26,1,replay
N06,2026-01-01T00:12:26,30.77,66.28,1014.69,0,none
N07,2026-01-01T00:12:26,31.5,66.04,1014.77,0,none
N08,2026-01-01T00:12:26,27.08,56.97,1003.56,1,drift
N09,2026-01-01T00:12:26,31.73,67.94,1012.93,0,none
N10,2026-01-01T00:12:26,30.27,68.71,1014.85,0,none
N01,2026-01-01T00:12:27,31.25,66.07,1013.73,0,none
N02,2026-01-01T00:12:27,26.9,59.53,1010.96,1,replay
N03,2026-01-01T00:12:27,26.95,53.53,1008.89,1,replay
N04,2026-01-01T00:12:27,30.1,67.18,1014.34,0,none
N05,2026-01-01T00:12:27,24.38,51.64,1008.23,1,replay
N06,2026-01-01T00:12:27,30.87,65.77,1014.63,0,none
N07,2026-01-01T00:12:27,31.52,64.64,1015.02,0,none
N08,2026-01-01T00:12:27,26.9,57.13,1002.72,1,drift
N09,2026-01-01T00:12:27,31.51,66.74,1013.53,0,none
N10,2026-01-01T00:12:27,29.99,70.47,1015.02,0,none
N01,2026-01-01T00:12:28,31.06,66.38,1013.93,0,none
N02,2026-01-01T00:12:28,26.94,59.9,1010.42,1,replay
N03,2026-01-01T00:12:28,27.1,54.61,1008.46,1,replay
N04,2026-01-01T00:12:28,29.96,65.94,1014.66,0,none
N05,2026-01-01T00:12:28,29.81,66.11,1014.85,0,none
N06,2026-01-01T00:12:28,30.94,66.1,1014.66,0,none
N07,2026-01-01T00:12:28,31.56,65.92,1015.25,0,none
N08,2026-01-01T00:12:28,26.39,55.98,1002.53,1,drift
N09,2026-01-01T00:12:28,31.67,67.52,1013.16,0,none
N10,2026-01-01T00:12:28,29.93,69.74,1015.18,0,none
N01,2026-01-01T00:12:29,30.94,66.07,1013.93,0,none
N02,2026-01-01T00:12:29,26.86,60.24,1010.59,1,replay
N03,2026-01-01T00:12:29,26.99,53.9,1008.44,1,replay
N04,2026-01-01T00:12:29,29.79,66.12,1014.89,0,none
N05,2026-01-01T00:12:29,30.08,66.61,1014.56,0,none
N06,2026-01-01T00:12:29,30.67,66.01,1014.45,0,none
N07,2026-01-01T00:12:29,31.19,64.77,1015.29,0,none
N08,2026-01-01T00:12:29,26.23,55.91,1002.3,1,drift
N09,2026-01-01T00:12:29,31.71,66.28,1012.83,0,none
N10,2026-01-01T00:12:29,30.13,69.74,1014.71,0,none
N01,2026-01-01T00:12:30,31.09,65.33,1013.76,0,none
N02,2026-01-01T00:12:30,27.1,59.73,1010.49,1,replay
N03,2026-01-01T00:12:30,26.79,55.61,1008.72,1,replay
N04,2026-01-01T00:12:30,30.1,66.51,1014.3,0,none
N05,2026-01-01T00:12:30,30.11,65.94,1015.31,0,none
N06,2026-01-01T00:12:30,30.86,67.23,1014.78,0,none
N07,2026-01-01T00:12:30,31.43,66.38,1015.39,0,none
N08,2026-01-01T00:12:30,26.3,55.38,1001.28,1,drift
N09,2026-01-01T00:12:30,31.64,67.81,1013.92,0,none
N10,2026-01-01T00:12:30,29.95,70.07,1014.45,0,none
N01,2026-01-01T00:12:31,31.1,65.65,1014.65,0,none
N02,2026-01-01T00:12:31,29.98,68.74,1015.15,0,none
N03,2026-01-01T00:12:31,26.9,55.19,1009.29,1,replay
N04,2026-01-01T00:12:31,30.05,66.67,1014.76,0,none
N05,2026-01-01T00:12:31,30.12,65.27,1015.01,0,none
N06,2026-01-01T00:12:31,30.99,67.14,1014.3,0,none
N07,2026-01-01T00:12:31,31.07,65.7,1015.2,0,none
N08,2026-01-01T00:12:31,25.77,55.32,1001.12,1,drift
N09,2026-01-01T00:12:31,31.66,67.36,1013.74,0,none
N10,2026-01-01T00:12:31,30.26,70.0,1014.52,0,none
N01,2026-01-01T00:12:32,30.92,65.33,1013.73,0,none
N02,2026-01-01T00:12:32,30.3,69.77,1015.29,0,none
N03,2026-01-01T00:12:32,27.07,54.91,1009.16,1,replay
N04,2026-01-01T00:12:32,29.84,66.6,1014.85,0,none
N05,2026-01-01T00:12:32,29.85,65.73,1015.12,0,none
N06,2026-01-01T00:12:32,30.79,66.58,1015.19,0,none
N07,2026-01-01T00:12:32,31.32,66.29,1015.02,0,none
N08,2026-01-01T00:12:32,25.5,53.93,1000.56,1,drift
N09,2026-01-01T00:12:32,31.56,67.51,1013.6,0,none
N10,2026-01-01T00:12:32,29.98,69.62,1014.5,0,none
N01,2026-01-01T00:12:33,31.06,66.12,1014.15,0,none
N02,2026-01-01T00:12:33,30.04,70.57,1014.67,0,none
N03,2026-01-01T00:12:33,27.06,54.95,1009.13,1,replay
N04,2026-01-01T00:12:33,29.88,67.0,1014.93,0,none
N05,2026-01-01T00:12:33,30.07,65.99,1015.48,0,none
N06,2026-01-01T00:12:33,30.84,66.76,1015.19,0,none
N07,2026-01-01T00:12:33,31.23,65.37,1015.23,0,none
N08,2026-01-01T00:12:33,25.35,52.66,1000.04,1,drift
N09,2026-01-01T00:12:33,31.56,67.09,1013.33,0,none
N10,2026-01-01T00:12:33,30.07,70.65,1014.91,0,none
N01,2026-01-01T00:12:34,31.26,65.33,1013.6,0,none
N02,2026-01-01T00:12:34,30.08,69.35,1014.59,0,none
N03,2026-01-01T00:12:34,27.29,55.62,1009.2,1,replay
N04,2026-01-01T00:12:34,29.78,66.2,1014.44,0,none
N05,2026-01-01T00:12:34,30.07,67.19,1014.77,0,none
N06,2026-01-01T00:12:34,30.62,66.78,1014.8,0,none
N07,2026-01-01T00:12:34,31.25,65.46,1014.64,0,none
N08,2026-01-01T00:12:34,24.88,52.33,999.03,1,drift
N09,2026-01-01T00:12:34,31.81,67.16,1013.98,0,none
N10,2026-01-01T00:12:34,29.91,69.75,1014.67,0,none
N01,2026-01-01T00:12:35,31.16,66.52,1013.76,0,none
N02,2026-01-01T00:12:35,30.5,69.75,1014.68,0,none
N03,2026-01-01T00:12:35,27.53,54.91,1009.25,1,replay
N04,2026-01-01T00:12:35,29.77,67.1,1014.51,0,none
N05,2026-01-01T00:12:35,30.16,67.2,1014.69,0,none
N06,2026-01-01T00:12:35,30.64,66.96,1015.22,0,none
N07,2026-01-01T00:12:35,31.21,65.03,1014.94,0,none
N08,2026-01-01T00:12:35,24.41,52.78,999.18,1,drift
N09,2026-01-01T00:12:35,31.41,67.52,1013.77,0,none
N10,2026-01-01T00:12:35,30.04,70.74,1015.07,0,none
N01,2026-01-01T00:12:36,31.15,66.18,1013.45,0,none
N02,2026-01-01T00:12:36,30.43,69.34,1015.19,0,none
N03,2026-01-01T00:12:36,27.49,54.86,1008.67,1,replay
N04,2026-01-01T00:12:36,30.06,65.93,1014.67,0,none
N05,2026-01-01T00:12:36,30.05,66.94,1014.76,0,none
N06,2026-01-01T00:12:36,30.9,66.29,1014.7,0,none
N07,2026-01-01T00:12:36,31.24,66.87,1015.51,0,none
N08,2026-01-01T00:12:36,24.68,51.92,997.87,1,drift
N09,2026-01-01T00:12:36,31.54,66.48,1013.22,0,none
N10,2026-01-01T00:12:36,29.96,70.0,1015.04,0,none
N01,2026-01-01T00:12:37,31.23,65.6,1014.2,0,none
N02,2026-01-01T00:12:37,30.07,68.56,1014.84,0,none
N03,2026-01-01T00:12:37,27.32,55.17,1009.29,1,replay
N04,2026-01-01T00:12:37,29.8,66.21,1014.42,0,none
N05,2026-01-01T00:12:37,30.06,66.15,1014.65,0,none
N06,2026-01-01T00:12:37,30.82,66.71,1014.77,0,none
N07,2026-01-01T00:12:37,31.41,65.96,1015.06,0,none
N08,2026-01-01T00:12:37,24.52,51.29,996.85,1,drift
N09,2026-01-01T00:12:37,31.43,67.64,1013.68,0,none
N10,2026-01-01T00:12:37,30.05,69.87,1014.38,0,none
N01,2026-01-01T00:12:38,30.76,65.19,1013.51,0,none
N02,2026-01-01T00:12:38,29.95,69.33,1014.25,0,none
N03,2026-01-01T00:12:38,27.33,56.25,1009.19,1,replay
N04,2026-01-01T00:12:38,29.79,66.58,1013.98,0,none
N05,2026-01-01T00:12:38,30.2,67.46,1014.36,0,none
N06,2026-01-01T00:12:38,30.59,66.36,1014.7,0,none
N07,2026-01-01T00:12:38,31.25,66.16,1015.19,0,none
N08,2026-01-01T00:12:38,24.01,50.27,995.99,1,drift
N09,2026-01-01T00:12:38,31.44,67.88,1013.15,0,none
N10,2026-01-01T00:12:38,29.75,70.16,1014.23,0,none
N01,2026-01-01T00:12:39,30.73,65.64,1014.02,0,none
N02,2026-01-01T00:12:39,30.15,68.6,1014.85,0,none
N03,2026-01-01T00:12:39,27.19,55.38,1009.5,1,replay
N04,2026-01-01T00:12:39,29.82,66.82,1014.32,0,none
N05,2026-01-01T00:12:39,29.81,66.17,1014.95,0,none
N06,2026-01-01T00:12:39,30.75,67.03,1014.26,0,none
N07,2026-01-01T00:12:39,31.17,65.67,1015.51,0,none
N08,2026-01-01T00:12:39,23.54,49.78,996.3,1,drift
N09,2026-01-01T00:12:39,31.39,67.33,1012.79,0,none
N10,2026-01-01T00:12:39,29.67,69.48,1014.56,0,none
N01,2026-01-01T00:12:40,30.76,65.96,1013.53,1,stuck
N02,2026-01-01T00:12:40,30.03,69.53,1014.79,0,none
N03,2026-01-01T00:12:40,27.5,56.09,1009.47,1,replay
N04,2026-01-01T00:12:40,29.89,66.42,1014.01,0,none
N05,2026-01-01T00:12:40,29.48,66.48,1014.52,0,none
N06,2026-01-01T00:12:40,30.79,65.93,1014.1,0,none
N07,2026-01-01T00:12:40,31.0,66.23,1014.95,0,none
N08,2026-01-01T00:12:40,23.62,49.94,995.45,1,drift
N09,2026-01-01T00:12:40,31.4,67.24,1013.4,0,none
N10,2026-01-01T00:12:40,30.04,69.76,1014.53,0,none
N01,2026-01-01T00:12:41,30.76,65.96,1013.53,1,stuck
N02,2026-01-01T00:12:41,30.17,69.95,1014.19,0,none
N03,2026-01-01T00:12:41,27.72,55.77,1009.23,1,replay
N04,2026-01-01T00:12:41,29.97,66.54,1013.85,0,none
N05,2026-01-01T00:12:41,29.54,66.94,1014.18,0,none
N06,2026-01-01T00:12:41,30.94,65.43,1014.96,0,none
N07,2026-01-01T00:12:41,31.32,65.45,1014.21,0,none
N08,2026-01-01T00:12:41,23.25,48.96,995.28,1,drift
N09,2026-01-01T00:12:41,31.27,67.79,1013.85,0,none
N10,2026-01-01T00:12:41,29.88,69.06,1014.16,0,none
N01,2026-01-01T00:12:42,30.76,65.96,1013.53,1,stuck
N02,2026-01-01T00:12:42,30.32,68.45,1014.59,0,none
N03,2026-01-01T00:12:42,27.69,54.68,1009.44,1,replay
N04,2026-01-01T00:12:42,29.62,66.17,1015.0,0,none
N05,2026-01-01T00:12:42,29.77,66.46,1014.2,0,none
N06,2026-01-01T00:12:42,30.71,66.51,1014.34,0,none
N07,2026-01-01T00:12:42,31.07,65.13,1014.54,0,none
N08,2026-01-01T00:12:42,23.11,47.39,993.64,1,drift
N09,2026-01-01T00:12:42,31.35,66.9,1013.51,0,none
N10,2026-01-01T00:12:42,29.71,69.48,1014.99,0,none
N01,2026-01-01T00:12:43,30.76,65.96,1013.53,1,stuck
N02,2026-01-01T00:12:43,30.15,69.11,1014.41,0,none
N03,2026-01-01T00:12:43,27.66,55.3,1009.77,1,replay
N04,2026-01-01T00:12:43,29.9,66.61,1013.64,0,none
N05,2026-01-01T00:12:43,29.92,66.03,1014.35,0,none
N06,2026-01-01T00:12:43,30.74,66.42,1014.08,0,none
N07,2026-01-01T00:12:43,31.07,65.7,1014.45,0,none
N08,2026-01-01T00:12:43,22.75,47.11,993.66,1,drift
N09,2026-01-01T00:12:43,31.34,65.68,1013.09,0,none
N10,2026-01-01T00:12:43,30.02,69.44,1014.65,0,none
N01,2026-01-01T00:12:44,30.76,65.96,1013.53,1,stuck
N02,2026-01-01T00:12:44,30.42,69.83,1014.25,0,none
N03,2026-01-01T00:12:44,27.82,55.61,1009.65,1,replay
N04,2026-01-01T00:12:44,29.76,65.42,1014.22,0,none
N05,2026-01-01T00:12:44,29.78,65.55,1014.53,0,none
N06,2026-01-01T00:12:44,30.75,66.33,1014.0,0,none
N07,2026-01-01T00:12:44,31.26,65.41,1014.55,0,none
N08,2026-01-01T00:12:44,30.99,66.3,1013.64,0,none
N09,2026-01-01T00:12:44,31.31,67.09,1013.0,0,none
N10,2026-01-01T00:12:44,29.68,70.08,1014.17,0,none
N01,2026-01-01T00:12:45,30.76,65.96,1013.53,1,stuck
N02,2026-01-01T00:12:45,30.01,68.12,1014.64,0,none
N03,2026-01-01T00:12:45,27.39,56.42,1009.53,1,replay
N04,2026-01-01T00:12:45,29.56,66.7,1013.98,0,none
N05,2026-01-01T00:12:45,29.62,67.47,1014.24,0,none
N06,2026-01-01T00:12:45,30.85,66.29,1014.11,0,none
N07,2026-01-01T00:12:45,31.07,66.51,1014.75,0,none
N08,2026-01-01T00:12:45,30.92,66.8,1013.46,0,none
N09,2026-01-01T00:12:45,31.49,65.77,1013.43,0,none
N10,2026-01-01T00:12:45,29.96,69.03,1014.52,0,none
N01,2026-01-01T00:12:46,30.76,65.96,1013.53,1,stuck
N02,2026-01-01T00:12:46,29.87,68.72,1014.66,0,none
N03,2026-01-01T00:12:46,27.86,55.35,1009.61,1,replay
N04,2026-01-01T00:12:46,29.71,66.03,1014.26,0,none
N05,2026-01-01T00:12:46,29.73,66.78,1013.99,0,none
N06,2026-01-01T00:12:46,30.64,66.45,1014.25,0,none
N07,2026-01-01T00:12:46,31.13,64.97,1015.39,0,none
N08,2026-01-01T00:12:46,30.99,67.46,1012.89,0,none
N09,2026-01-01T00:12:46,31.71,67.35,1012.8,0,none
N10,2026-01-01T00:12:46,29.96,70.24,1014.39,0,none
N01,2026-01-01T00:12:47,30.76,65.96,1013.53,1,stuck
N02,2026-01-01T00:12:47,30.08,68.52,1014.33,0,none
N03,2026-01-01T00:12:47,27.74,55.64,1009.47,1,replay
N04,2026-01-01T00:12:47,29.45,66.49,1013.94,0,none
N05,2026-01-01T00:12:47,29.81,66.76,1014.84,0,none
N06,2026-01-01T00:12:47,30.71,67.09,1014.45,0,none
N07,2026-01-01T00:12:47,30.8,65.17,1015.53,0,none
N08,2026-01-01T00:12:47,31.05,66.76,1013.19,0,none
N09,2026-01-01T00:12:47,31.26,67.19,1013.58,0,none
N10,2026-01-01T00:12:47,29.87,69.71,1014.75,0,none
N01,2026-01-01T00:12:48,30.76,65.96,1013.53,1,stuck
N02,2026-01-01T00:12:48,30.13,69.0,1014.94,0,none
N03,2026-01-01T00:12:48,27.43,56.18,1009.44,1,replay
N04,2026-01-01T00:12:48,29.92,65.84,1014.69,0,none
N05,2026-01-01T00:12:48,29.8,65.48,1014.46,0,none
N06,2026-01-01T00:12:48,30.33,65.63,1013.88,0,none
N07,2026-01-01T00:12:48,31.2,65.03,1014.94,0,none
N08,2026-01-01T00:12:48,30.8,66.72,1013.28,0,none
N09,2026-01-01T00:12:48,31.28,66.89,1012.94,0,none
N10,2026-01-01T00:12:48,30.03,69.0,1013.85,0,none
N01,2026-01-01T00:12:49,30.76,65.96,1013.53,1,stuck
N02,2026-01-01T00:12:49,30.12,67.6,1014.82,0,none
N03,2026-01-01T00:12:49,28.07,56.05,1009.71,1,replay
N04,2026-01-01T00:12:49,30.03,64.79,1014.17,0,none
N05,2026-01-01T00:12:49,29.48,66.21,1014.41,0,none
N06,2026-01-01T00:12:49,30.72,65.77,1014.05,0,none
N07,2026-01-01T00:12:49,30.8,64.21,1014.82,0,none
N08,2026-01-01T00:12:49,31.01,66.79,1013.45,0,none
N09,2026-01-01T00:12:49,31.49,66.14,1013.04,0,none
N10,2026-01-01T00:12:49,29.84,69.54,1014.15,0,none
N01,2026-01-01T00:12:50,30.76,65.96,1013.53,1,stuck
N02,2026-01-01T00:12:50,30.24,68.84,1014.03,0,none
N03,2026-01-01T00:12:50,27.66,55.72,1009.4,1,replay
N04,2026-01-01T00:12:50,29.67,65.53,1014.03,0,none
N05,2026-01-01T00:12:50,29.92,65.29,1014.16,0,none
N06,2026-01-01T00:12:50,30.82,66.5,1014.03,0,none
N07,2026-01-01T00:12:50,31.16,64.53,1015.26,0,none
N08,2026-01-01T00:12:50,30.62,66.9,1013.26,0,none
N09,2026-01-01T00:12:50,31.56,66.48,1013.23,0,none
N10,2026-01-01T00:12:50,29.86,68.3,1014.48,0,none
N01,2026-01-01T00:12:51,30.76,65.96,1013.53,1,stuck
N02,2026-01-01T00:12:51,30.09,67.95,1014.69,0,none
N03,2026-01-01T00:12:51,27.86,56.92,1009.54,1,replay
N04,2026-01-01T00:12:51,29.77,65.51,1013.51,0,none
N05,2026-01-01T00:12:51,29.53,65.76,1014.7,0,none
N06,2026-01-01T00:12:51,30.68,66.01,1013.98,0,none
N07,2026-01-01T00:12:51,31.24,64.17,1014.55,0,none
N08,2026-01-01T00:12:51,31.0,66.39,1013.19,0,none
N09,2026-01-01T00:12:51,31.28,66.92,1013.24,0,none
N10,2026-01-01T00:12:51,29.77,68.79,1014.39,0,none
N01,2026-01-01T00:12:52,30.76,65.96,1013.53,1,stuck
N02,2026-01-01T00:12:52,30.03,68.11,1014.68,0,none
N03,2026-01-01T00:12:52,27.93,56.51,1010.27,1,replay
N04,2026-01-01T00:12:52,29.56,65.67,1014.33,0,none
N05,2026-01-01T00:12:52,29.58,65.81,1014.12,0,none
N06,2026-01-01T00:12:52,30.48,66.48,1013.67,0,none
N07,2026-01-01T00:12:52,31.32,64.31,1014.37,0,none
N08,2026-01-01T00:12:52,31.12,65.75,1013.51,0,none
N09,2026-01-01T00:12:52,31.53,65.66,1013.56,0,none
N10,2026-01-01T00:12:52,30.33,68.66,1014.4,0,none
N01,2026-01-01T00:12:53,30.76,65.96,1013.53,1,stuck
N02,2026-01-01T00:12:53,29.76,68.68,1014.56,0,none
N03,2026-01-01T00:12:53,28.32,56.35,1009.29,1,replay
N04,2026-01-01T00:12:53,29.95,66.38,1014.08,0,none
N05,2026-01-01T00:12:53,29.81,66.59,1014.71,0,none
N06,2026-01-01T00:12:53,30.53,64.93,1013.87,0,none
N07,2026-01-01T00:12:53,31.2,64.64,1014.76,0,none
N08,2026-01-01T00:12:53,30.97,67.63,1013.03,0,none
N09,2026-01-01T00:12:53,31.43,66.66,1013.11,0,none
N10,2026-01-01T00:12:53,29.77,68.94,1014.94,0,none
N01,2026-01-01T00:12:54,30.76,65.96,1013.53,1,stuck
N02,2026-01-01T00:12:54,30.13,69.23,1014.69,0,none
N03,2026-01-01T00:12:54,27.9,56.15,1010.03,1,replay
N04,2026-01-01T00:12:54,29.53,65.96,1013.9,0,none
N05,2026-01-01T00:12:54,29.97,65.32,1014.39,0,none
N06,2026-01-01T00:12:54,30.58,66.22,1014.07,0,none
N07,2026-01-01T00:12:54,31.09,64.21,1014.68,0,none
N08,2026-01-01T00:12:54,31.12,66.58,1013.5,0,none
N09,2026-01-01T00:12:54,31.29,65.95,1012.83,0,none
N10,2026-01-01T00:12:54,29.67,68.95,1014.23,0,none
N01,2026-01-01T00:12:55,30.76,65.96,1013.53,1,stuck
N02,2026-01-01T00:12:55,30.16,69.3,1014.27,0,none
N03,2026-01-01T00:12:55,27.91,56.22,1008.98,1,replay
N04,2026-01-01T00:12:55,29.91,65.4,1013.86,0,none
N05,2026-01-01T00:12:55,29.75,66.13,1014.96,0,none
N06,2026-01-01T00:12:55,30.67,66.36,1014.59,0,none
N07,2026-01-01T00:12:55,31.13,65.6,1014.63,0,none
N08,2026-01-01T00:12:55,30.98,66.31,1013.04,0,none
N09,2026-01-01T00:12:55,31.34,66.14,1012.84,0,none
N10,2026-01-01T00:12:55,30.03,68.8,1014.48,0,none
N01,2026-01-01T00:12:56,30.76,65.96,1013.53,1,stuck
N02,2026-01-01T00:12:56,30.29,68.51,1014.34,0,none
N03,2026-01-01T00:12:56,31.3,65.15,1014.33,0,none
N04,2026-01-01T00:12:56,29.84,66.36,1014.12,0,none
N05,2026-01-01T00:12:56,29.79,65.06,1014.51,0,none
N06,2026-01-01T00:12:56,30.51,64.93,1014.06,0,none
N07,2026-01-01T00:12:56,31.28,64.77,1015.18,0,none
N08,2026-01-01T00:12:56,31.1,66.73,1013.61,0,none
N09,2026-01-01T00:12:56,31.78,66.36,1013.38,0,none
N10,2026-01-01T00:12:56,30.0,67.89,1014.28,0,none
N01,2026-01-01T00:12:57,30.76,65.96,1013.53,1,stuck
N02,2026-01-01T00:12:57,29.98,68.42,1014.86,0,none
N03,2026-01-01T00:12:57,31.31,65.39,1014.25,0,none
N04,2026-01-01T00:12:57,29.63,65.24,1014.08,0,none
N05,2026-01-01T00:12:57,29.88,65.87,1014.61,0,none
N06,2026-01-01T00:12:57,30.53,65.93,1014.22,0,none
N07,2026-01-01T00:12:57,31.41,65.69,1014.3,0,none
N08,2026-01-01T00:12:57,31.12,66.76,1013.17,0,none
N09,2026-01-01T00:12:57,31.56,66.24,1012.86,0,none
N10,2026-01-01T00:12:57,29.8,68.37,1013.95,0,none
N01,2026-01-01T00:12:58,30.76,65.96,1013.53,1,stuck
N02,2026-01-01T00:12:58,30.1,68.01,1014.71,0,none
N03,2026-01-01T00:12:58,31.11,64.67,1013.88,0,none
N04,2026-01-01T00:12:58,30.02,65.12,1013.88,0,none
N05,2026-01-01T00:12:58,29.58,65.88,1014.48,0,none
N06,2026-01-01T00:12:58,30.52,65.67,1014.7,0,none
N07,2026-01-01T00:12:58,31.03,65.78,1014.86,0,none
N08,2026-01-01T00:12:58,30.86,66.76,1013.47,0,none
N09,2026-01-01T00:12:58,31.65,65.97,1012.7,0,none
N10,2026-01-01T00:12:58,29.81,67.95,1014.39,0,none
N01,2026-01-01T00:12:59,30.76,65.96,1013.53,1,stuck
N02,2026-01-01T00:12:59,30.23,68.29,1014.17,0,none
N03,2026-01-01T00:12:59,31.18,65.19,1013.96,0,none
N04,2026-01-01T00:12:59,29.84,65.41,1013.92,0,none
N05,2026-01-01T00:12:59,29.73,65.07,1014.36,0,none
N06,2026-01-01T00:12:59,31.1,65.68,1014.02,0,none
N07,2026-01-01T00:12:59,31.17,64.6,1014.22,0,none
N08,2026-01-01T00:12:59,30.82,65.52,1013.42,0,none
N09,2026-01-01T00:12:59,31.65,65.86,1012.9,0,none
N10,2026-01-01T00:12:59,29.97,68.16,1013.79,0,none
N01,2026-01-01T00:13:00,30.76,65.96,1013.53,1,stuck
N02,2026-01-01T00:13:00,30.33,67.99,1014.33,0,none
N03,2026-01-01T00:13:00,31.31,63.89,1014.21,0,none
N04,2026-01-01T00:13:00,29.78,64.76,1014.35,0,none
N05,2026-01-01T00:13:00,31.35,50.53,1002.71,1,spoof
N06,2026-01-01T00:13:00,30.69,65.98,1014.65,0,none
N07,2026-01-01T00:13:00,30.97,64.47,1014.23,0,none
N08,2026-01-01T00:13:00,30.61,66.3,1013.38,1,stuck
N09,2026-01-01T00:13:00,31.51,66.09,1013.24,0,none
N10,2026-01-01T00:13:00,29.72,68.88,1014.71,0,none
N01,2026-01-01T00:13:01,30.76,65.96,1013.53,1,stuck
N02,2026-01-01T00:13:01,29.92,68.26,1014.99,0,none
N03,2026-01-01T00:13:01,31.47,64.67,1013.81,0,none
N04,2026-01-01T00:13:01,29.83,64.97,1013.59,0,none
N05,2026-01-01T00:13:01,16.4,36.69,1030.53,1,spoof
N06,2026-01-01T00:13:01,30.85,65.37,1014.28,0,none
N07,2026-01-01T00:13:01,31.33,64.12,1014.68,0,none
N08,2026-01-01T00:13:01,30.61,66.3,1013.38,1,stuck
N09,2026-01-01T00:13:01,31.43,65.67,1012.84,0,none
N10,2026-01-01T00:13:01,29.99,68.5,1014.29,0,none
N01,2026-01-01T00:13:02,30.76,65.96,1013.53,1,stuck
N02,2026-01-01T00:13:02,30.31,67.63,1014.77,0,none
N03,2026-01-01T00:13:02,31.42,64.84,1013.4,0,none
N04,2026-01-01T00:13:02,29.73,65.59,1013.97,0,none
N05,2026-01-01T00:13:02,39.91,56.82,995.22,1,spoof
N06,2026-01-01T00:13:02,30.42,65.6,1014.18,0,none
N07,2026-01-01T00:13:02,31.55,63.59,1014.87,0,none
N08,2026-01-01T00:13:02,30.61,66.3,1013.38,1,stuck
N09,2026-01-01T00:13:02,31.83,66.71,1012.49,0,none
N10,2026-01-01T00:13:02,30.09,69.22,1014.4,0,none
N01,2026-01-01T00:13:03,30.76,65.96,1013.53,1,stuck
N02,2026-01-01T00:13:03,30.3,68.36,1014.08,0,none
N03,2026-01-01T00:13:03,31.47,64.15,1013.48,0,none
N04,2026-01-01T00:13:03,29.71,64.98,1013.71,0,none
N05,2026-01-01T00:13:03,20.9,89.0,985.15,1,spoof
N06,2026-01-01T00:13:03,30.68,65.84,1014.7,0,none
N07,2026-01-01T00:13:03,31.43,65.14,1014.54,0,none
N08,2026-01-01T00:13:03,30.61,66.3,1013.38,1,stuck
N09,2026-01-01T00:13:03,31.66,66.38,1012.76,0,none
N10,2026-01-01T00:13:03,30.15,68.74,1014.02,0,none
N01,2026-01-01T00:13:04,30.76,65.96,1013.53,1,stuck
N02,2026-01-01T00:13:04,30.08,67.83,1014.39,0,none
N03,2026-01-01T00:13:04,31.32,65.51,1013.74,0,none
N04,2026-01-01T00:13:04,29.68,64.84,1013.97,0,none
N05,2026-01-01T00:13:04,37.41,55.6,1023.35,1,spoof
N06,2026-01-01T00:13:04,30.85,65.82,1013.83,0,none
N07,2026-01-01T00:13:04,31.2,65.51,1014.53,0,none
N08,2026-01-01T00:13:04,30.61,66.3,1013.38,1,stuck
N09,2026-01-01T00:13:04,31.31,67.1,1013.72,1,stuck
N10,2026-01-01T00:13:04,29.85,67.86,1013.9,0,none
N01,2026-01-01T00:13:05,30.76,65.96,1013.53,1,stuck
N02,2026-01-01T00:13:05,29.77,68.37,1014.35,0,none
N03,2026-01-01T00:13:05,31.3,64.11,1013.26,0,none
N04,2026-01-01T00:13:05,29.58,66.16,1013.69,0,none
N05,2026-01-01T00:13:05,29.98,32.27,980.6,1,spoof
N06,2026-01-01T00:13:05,30.77,66.09,1013.57,0,none
N07,2026-01-01T00:13:05,31.06,64.29,1014.92,0,none
N08,2026-01-01T00:13:05,30.61,66.3,1013.38,1,stuck
N09,2026-01-01T00:13:05,31.31,67.1,1013.72,1,stuck
N10,2026-01-01T00:13:05,29.88,67.9,1013.69,0,none
N01,2026-01-01T00:13:06,30.76,65.96,1013.53,1,stuck
N02,2026-01-01T00:13:06,30.2,68.38,1014.03,0,none
N03,2026-01-01T00:13:06,31.38,65.75,1013.45,0,none
N04,2026-01-01T00:13:06,29.71,64.92,1013.22,0,none
N05,2026-01-01T00:13:06,33.95,66.59,994.53,1,spoof
N06,2026-01-01T00:13:06,30.31,65.65,1014.05,0,none
N07,2026-01-01T00:13:06,31.02,64.31,1014.72,0,none
N08,2026-01-01T00:13:06,30.61,66.3,1013.38,1,stuck
N09,2026-01-01T00:13:06,31.31,67.1,1013.72,1,stuck
N10,2026-01-01T00:13:06,29.82,68.46,1014.08,0,none
N01,2026-01-01T00:13:07,30.76,65.96,1013.53,1,stuck
N02,2026-01-01T00:13:07,30.13,67.9,1014.09,0,none
N03,2026-01-01T00:13:07,31.37,64.24,1013.46,0,none
N04,2026-01-01T00:13:07,29.69,65.35,1013.46,0,none
N05,2026-01-01T00:13:07,24.03,60.4,1007.78,1,spoof
N06,2026-01-01T00:13:07,30.41,65.39,1014.11,0,none
N07,2026-01-01T00:13:07,31.25,64.9,1014.14,0,none
N08,2026-01-01T00:13:07,30.61,66.3,1013.38,1,stuck
N09,2026-01-01T00:13:07,31.31,67.1,1013.72,1,stuck
N10,2026-01-01T00:13:07,29.87,69.16,1014.63,0,none
N01,2026-01-01T00:13:08,30.76,65.96,1013.53,1,stuck
N02,2026-01-01T00:13:08,29.9,67.96,1014.02,0,none
N03,2026-01-01T00:13:08,31.4,64.92,1014.08,0,none
N04,2026-01-01T00:13:08,29.53,65.08,1014.02,0,none
N05,2026-01-01T00:13:08,28.49,65.0,1024.32,1,spoof
N06,2026-01-01T00:13:08,30.7,65.56,1014.46,0,none
N07,2026-01-01T00:13:08,31.3,63.71,1014.32,0,none
N08,2026-01-01T00:13:08,30.61,66.3,1013.38,1,stuck
N09,2026-01-01T00:13:08,31.31,67.1,1013.72,1,stuck
N10,2026-01-01T00:13:08,29.77,68.69,1014.04,0,none
N01,2026-01-01T00:13:09,30.76,65.96,1013.53,1,stuck
N02,2026-01-01T00:13:09,30.11,67.5,1015.16,0,none
N03,2026-01-01T00:13:09,31.17,64.78,1013.81,0,none
N04,2026-01-01T00:13:09,29.72,65.96,1014.03,0,none
N05,2026-01-01T00:13:09,24.61,80.93,991.98,1,spoof
N06,2026-01-01T00:13:09,30.66,65.06,1013.69,0,none
N07,2026-01-01T00:13:09,30.53,63.09,1014.43,0,none
N08,2026-01-01T00:13:09,30.61,66.3,1013.38,1,stuck
N09,2026-01-01T00:13:09,31.31,67.1,1013.72,1,stuck
N10,2026-01-01T00:13:09,29.87,68.69,1014.16,0,none
N01,2026-01-01T00:13:10,30.76,65.96,1013.53,1,stuck
N02,2026-01-01T00:13:10,30.13,67.57,1014.46,0,none
N03,2026-01-01T00:13:10,31.4,64.63,1013.27,0,none
N04,2026-01-01T00:13:10,29.7,64.33,1013.82,0,none
N05,2026-01-01T00:13:10,29.7,65.07,1014.22,0,none
N06,2026-01-01T00:13:10,30.84,64.74,1014.59,0,none
N07,2026-01-01T00:13:10,31.13,63.09,1013.91,0,none
N08,2026-01-01T00:13:10,30.61,66.3,1013.38,1,stuck
N09,2026-01-01T00:13:10,31.31,67.1,1013.72,1,stuck
N10,2026-01-01T00:13:10,29.94,68.83,1014.03,0,none
N01,2026-01-01T00:13:11,30.76,65.96,1013.53,1,stuck
N02,2026-01-01T00:13:11,29.92,67.65,1014.14,0,none
N03,2026-01-01T00:13:11,31.15,64.74,1013.69,0,none
N04,2026-01-01T00:13:11,29.21,65.49,1013.7,0,none
N05,2026-01-01T00:13:11,29.68,65.09,1014.13,0,none
N06,2026-01-01T00:13:11,30.52,64.48,1014.03,0,none
N07,2026-01-01T00:13:11,31.0,63.66,1015.05,0,none
N08,2026-01-01T00:13:11,30.61,66.3,1013.38,1,stuck
N09,2026-01-01T00:13:11,31.31,67.1,1013.72,1,stuck
N10,2026-01-01T00:13:11,29.79,67.5,1013.95,0,none
N01,2026-01-01T00:13:12,30.76,65.96,1013.53,1,stuck
N02,2026-01-01T00:13:12,30.06,67.49,1014.14,0,none
N03,2026-01-01T00:13:12,31.12,64.5,1013.69,0,none
N04,2026-01-01T00:13:12,29.45,65.18,1013.67,0,none
N05,2026-01-01T00:13:12,29.58,66.0,1014.26,0,none
N06,2026-01-01T00:13:12,30.47,64.54,1013.81,0,none
N07,2026-01-01T00:13:12,31.1,64.02,1014.84,0,none
N08,2026-01-01T00:13:12,30.61,66.3,1013.38,1,stuck
N09,2026-01-01T00:13:12,31.31,67.1,1013.72,1,stuck
N10,2026-01-01T00:13:12,29.78,67.44,1014.54,0,none
N01,2026-01-01T00:13:13,30.76,65.96,1013.53,1,stuck
N02,2026-01-01T00:13:13,29.98,67.25,1014.15,0,none
N03,2026-01-01T00:13:13,31.1,63.65,1013.23,0,none
N04,2026-01-01T00:13:13,29.56,64.49,1013.16,0,none
N05,2026-01-01T00:13:13,29.56,64.99,1013.92,0,none
N06,2026-01-01T00:13:13,30.59,65.85,1014.06,0,none
N07,2026-01-01T00:13:13,31.1,64.14,1014.66,0,none
N08,2026-01-01T00:13:13,30.61,66.3,1013.38,1,stuck
N09,2026-01-01T00:13:13,31.31,67.1,1013.72,1,stuck
N10,2026-01-01T00:13:13,29.79,68.69,1013.44,0,none
N01,2026-01-01T00:13:14,30.76,65.96,1013.53,1,stuck
N02,2026-01-01T00:13:14,29.88,67.19,1013.98,0,none
N03,2026-01-01T00:13:14,31.29,64.67,1014.32,0,none
N04,2026-01-01T00:13:14,29.62,65.44,1013.9,0,none
N05,2026-01-01T00:13:14,29.71,65.62,1014.1,0,none
N06,2026-01-01T00:13:14,30.47,65.43,1014.1,0,none
N07,2026-01-01T00:13:14,31.12,64.02,1014.69,0,none
N08,2026-01-01T00:13:14,30.61,66.3,1013.38,1,stuck
N09,2026-01-01T00:13:14,31.31,67.1,1013.72,1,stuck
N10,2026-01-01T00:13:14,29.71,67.32,1014.21,0,none
N01,2026-01-01T00:13:15,30.76,65.96,1013.53,1,stuck
N02,2026-01-01T00:13:15,29.98,68.13,1014.11,0,none
N03,2026-01-01T00:13:15,30.97,64.33,1013.45,0,none
N04,2026-01-01T00:13:15,29.63,65.18,1013.62,0,none
N05,2026-01-01T00:13:15,29.81,65.0,1014.33,0,none
N06,2026-01-01T00:13:15,30.78,65.3,1013.66,0,none
N07,2026-01-01T00:13:15,31.06,64.38,1014.18,0,none
N08,2026-01-01T00:13:15,30.61,66.3,1013.38,1,stuck
N09,2026-01-01T00:13:15,31.31,67.1,1013.72,1,stuck
N10,2026-01-01T00:13:15,29.52,68.53,1013.56,0,none
N01,2026-01-01T00:13:16,30.76,65.96,1013.53,1,stuck
N02,2026-01-01T00:13:16,30.05,67.69,1014.22,0,none
N03,2026-01-01T00:13:16,31.02,64.4,1013.77,0,none
N04,2026-01-01T00:13:16,29.54,64.33,1014.25,0,none
N05,2026-01-01T00:13:16,29.81,64.95,1014.2,0,none
N06,2026-01-01T00:13:16,30.29,66.14,1014.05,0,none
N07,2026-01-01T00:13:16,30.99,64.91,1014.42,0,none
N08,2026-01-01T00:13:16,30.61,66.3,1013.38,1,stuck
N09,2026-01-01T00:13:16,31.31,67.1,1013.72,1,stuck
N10,2026-01-01T00:13:16,29.71,68.67,1014.61,0,none
N01,2026-01-01T00:13:17,30.76,65.96,1013.53,1,stuck
N02,2026-01-01T00:13:17,30.13,67.61,1014.21,0,none
N03,2026-01-01T00:13:17,31.1,64.63,1013.81,0,none
N04,2026-01-01T00:13:17,29.68,64.61,1014.28,0,none
N05,2026-01-01T00:13:17,29.71,65.84,1013.88,0,none
N06,2026-01-01T00:13:17,30.58,64.81,1013.8,0,none
N07,2026-01-01T00:13:17,30.99,63.95,1014.45,0,none
N08,2026-01-01T00:13:17,30.61,66.3,1013.38,1,stuck
N09,2026-01-01T00:13:17,31.31,67.1,1013.72,1,stuck
N10,2026-01-01T00:13:17,29.67,68.67,1013.55,0,none
N01,2026-01-01T00:13:18,30.76,65.96,1013.53,1,stuck
N02,2026-01-01T00:13:18,29.78,66.55,1013.99,0,none
N03,2026-01-01T00:13:18,31.25,64.92,1013.42,0,none
N04,2026-01-01T00:13:18,29.83,64.97,1013.69,0,none
N05,2026-01-01T00:13:18,29.85,65.59,1013.83,0,none
N06,2026-01-01T00:13:18,30.5,64.52,1014.63,0,none
N07,2026-01-01T00:13:18,31.07,64.8,1014.34,0,none
N08,2026-01-01T00:13:18,30.61,66.3,1013.38,1,stuck
N09,2026-01-01T00:13:18,31.31,67.1,1013.72,1,stuck
N10,2026-01-01T00:13:18,29.71,68.56,1014.06,0,none
N01,2026-01-01T00:13:19,30.76,65.96,1013.53,1,stuck
N02,2026-01-01T00:13:19,29.84,67.08,1014.07,0,none
N03,2026-01-01T00:13:19,31.19,64.21,1013.82,0,none
N04,2026-01-01T00:13:19,29.4,65.48,1014.28,0,none
N05,2026-01-01T00:13:19,29.84,64.34,1014.06,0,none
N06,2026-01-01T00:13:19,30.58,65.84,1013.98,0,none
N07,2026-01-01T00:13:19,30.86,63.84,1014.94,0,none
N08,2026-01-01T00:13:19,30.61,66.3,1013.38,1,stuck
N09,2026-01-01T00:13:19,31.31,67.1,1013.72,1,stuck
N10,2026-01-01T00:13:19,29.69,68.19,1013.98,0,none
N01,2026-01-01T00:13:20,30.65,64.52,1013.08,0,none
N02,2026-01-01T00:13:20,30.03,67.03,1014.32,0,none
N03,2026-01-01T00:13:20,31.12,64.63,1013.24,0,none
N04,2026-01-01T00:13:20,29.74,65.6,1013.43,0,none
N05,2026-01-01T00:13:20,29.38,64.47,1013.86,0,none
N06,2026-01-01T00:13:20,30.32,65.67,1014.04,0,none
N07,2026-01-01T00:13:20,31.21,64.62,1014.37,0,none
N08,2026-01-01T00:13:20,30.61,66.3,1013.38,1,stuck
N09,2026-01-01T00:13:20,31.31,67.1,1013.72,1,stuck
N10,2026-01-01T00:13:20,29.52,66.86,1014.21,0,none
N01,2026-01-01T00:13:21,30.34,64.11,1013.43,0,none
N02,2026-01-01T00:13:21,30.05,67.57,1014.04,0,none
N03,2026-01-01T00:13:21,31.34,64.15,1013.27,0,none
N04,2026-01-01T00:13:21,29.4,65.02,1013.58,0,none
N05,2026-01-01T00:13:21,29.31,65.35,1014.15,0,none
N06,2026-01-01T00:13:21,30.58,66.62,1014.4,0,none
N07,2026-01-01T00:13:21,30.82,64.76,1014.36,0,none
N08,2026-01-01T00:13:21,30.61,66.3,1013.38,1,stuck
N09,2026-01-01T00:13:21,31.31,67.1,1013.72,1,stuck
N10,2026-01-01T00:13:21,29.62,67.81,1014.06,0,none
N01,2026-01-01T00:13:22,30.73,65.15,1013.0,0,none
N02,2026-01-01T00:13:22,29.76,68.45,1014.23,0,none
N03,2026-01-01T00:13:22,31.07,63.67,1013.42,0,none
N04,2026-01-01T00:13:22,29.5,64.88,1013.29,0,none
N05,2026-01-01T00:13:22,29.45,64.71,1014.03,0,none
N06,2026-01-01T00:13:22,30.2,65.1,1014.15,0,none
N07,2026-01-01T00:13:22,30.82,63.78,1014.41,0,none
N08,2026-01-01T00:13:22,30.61,66.3,1013.38,1,stuck
N09,2026-01-01T00:13:22,31.31,67.1,1013.72,1,stuck
N10,2026-01-01T00:13:22,29.9,67.68,1014.09,0,none
N01,2026-01-01T00:13:23,30.98,64.28,1013.02,0,none
N02,2026-01-01T00:13:23,29.85,68.01,1014.37,0,none
N03,2026-01-01T00:13:23,31.2,65.35,1013.61,0,none
N04,2026-01-01T00:13:23,29.33,65.41,1013.79,0,none
N05,2026-01-01T00:13:23,29.67,64.5,1014.1,0,none
N06,2026-01-01T00:13:23,30.34,64.85,1014.28,0,none
N07,2026-01-01T00:13:23,31.01,64.66,1014.04,0,none
N08,2026-01-01T00:13:23,30.61,66.3,1013.38,1,stuck
N09,2026-01-01T00:13:23,31.31,67.1,1013.72,1,stuck
N10,2026-01-01T00:13:23,29.67,67.38,1013.87,0,none
N01,2026-01-01T00:13:24,30.43,64.23,1013.21,0,none
N02,2026-01-01T00:13:24,29.67,67.74,1014.14,0,none
N03,2026-01-01T00:13:24,31.18,63.72,1013.48,0,none
N04,2026-01-01T00:13:24,29.48,64.81,1014.08,0,none
N05,2026-01-01T00:13:24,29.77,65.17,1014.19,0,none
N06,2026-01-01T00:13:24,30.27,65.18,1014.09,0,none
N07,2026-01-01T00:13:24,31.06,63.97,1014.87,0,none
N08,2026-01-01T00:13:24,30.61,66.3,1013.38,1,stuck
N09,2026-01-01T00:13:24,31.31,67.1,1013.72,1,stuck
N10,2026-01-01T00:13:24,29.69,68.38,1014.09,0,none
N01,2026-01-01T00:13:25,30.6,63.17,1013.09,0,none
N02,2026-01-01T00:13:25,29.71,66.58,1014.24,0,none
N03,2026-01-01T00:13:25,31.07,63.96,1012.9,0,none
N04,2026-01-01T00:13:25,29.61,65.61,1014.47,0,none
N05,2026-01-01T00:13:25,29.42,64.6,1013.76,0,none
N06,2026-01-01T00:13:25,30.33,64.71,1013.76,0,none
N07,2026-01-01T00:13:25,31.0,63.74,1015.08,0,none
N08,2026-01-01T00:13:25,30.94,64.56,1012.64,0,none
N09,2026-01-01T00:13:25,31.31,67.1,1013.72,1,stuck
N10,2026-01-01T00:13:25,29.85,66.47,1013.68,0,none
N01,2026-01-01T00:13:26,30.72,63.81,1013.13,0,none
N02,2026-01-01T00:13:26,29.68,66.65,1014.05,0,none
N03,2026-01-01T00:13:26,31.1,64.1,1013.42,0,none
N04,2026-01-01T00:13:26,29.64,64.86,1013.28,0,none
N05,2026-01-01T00:13:26,29.43,64.88,1013.95,0,none
N06,2026-01-01T00:13:26,30.51,64.19,1014.41,0,none
N07,2026-01-01T00:13:26,31.06,63.04,1014.45,0,none
N08,2026-01-01T00:13:26,30.49,64.92,1012.81,0,none
N09,2026-01-01T00:13:26,31.31,67.1,1013.72,1,stuck
N10,2026-01-01T00:13:26,29.39,67.59,1013.69,0,none
N01,2026-01-01T00:13:27,30.88,64.3,1013.95,1,drift
N02,2026-01-01T00:13:27,29.92,66.94,1014.02,0,none
N03,2026-01-01T00:13:27,31.11,64.41,1013.91,0,none
N04,2026-01-01T00:13:27,29.44,64.68,1013.27,0,none
N05,2026-01-01T00:13:27,29.27,65.0,1014.07,0,none
N06,2026-01-01T00:13:27,30.41,65.18,1013.26,0,none
N07,2026-01-01T00:13:27,30.97,63.78,1014.04,0,none
N08,2026-01-01T00:13:27,30.51,64.91,1013.09,0,none
N09,2026-01-01T00:13:27,31.31,67.1,1013.72,1,stuck
N10,2026-01-01T00:13:27,29.46,68.65,1013.91,0,none
N01,2026-01-01T00:13:28,30.98,64.94,1014.29,1,drift
N02,2026-01-01T00:13:28,29.71,66.46,1013.95,0,none
N03,2026-01-01T00:13:28,30.98,64.58,1013.39,0,none
N04,2026-01-01T00:13:28,29.44,65.23,1013.45,0,none
N05,2026-01-01T00:13:28,29.33,64.3,1013.66,0,none
N06,2026-01-01T00:13:28,30.17,65.4,1013.77,0,none
N07,2026-01-01T00:13:28,31.0,63.83,1013.85,0,none
N08,2026-01-01T00:13:28,30.72,65.35,1012.59,0,none
N09,2026-01-01T00:13:28,31.31,67.1,1013.72,1,stuck
N10,2026-01-01T00:13:28,29.55,67.51,1014.19,0,none
N01,2026-01-01T00:13:29,31.2,65.94,1014.71,1,drift
N02,2026-01-01T00:13:29,29.73,67.07,1014.38,0,none
N03,2026-01-01T00:13:29,30.87,64.5,1013.25,0,none
N04,2026-01-01T00:13:29,29.52,64.61,1013.8,0,none
N05,2026-01-01T00:13:29,29.62,64.58,1013.96,0,none
N06,2026-01-01T00:13:29,30.48,64.22,1013.67,0,none
N07,2026-01-01T00:13:29,30.68,64.13,1013.98,0,none
N08,2026-01-01T00:13:29,30.6,65.68,1013.15,0,none
N09,2026-01-01T00:13:29,31.31,67.1,1013.72,1,stuck
N10,2026-01-01T00:13:29,29.61,67.77,1014.25,0,none
N01,2026-01-01T00:13:30,31.71,66.26,1015.97,1,drift
N02,2026-01-01T00:13:30,29.92,67.35,1013.85,0,none
N03,2026-01-01T00:13:30,30.77,63.87,1013.39,0,none
N04,2026-01-01T00:13:30,29.46,64.56,1014.1,0,none
N05,2026-01-01T00:13:30,29.93,64.02,1014.29,0,none
N06,2026-01-01T00:13:30,30.47,65.23,1014.11,0,none
N07,2026-01-01T00:13:30,30.6,63.74,1014.81,0,none
N08,2026-01-01T00:13:30,30.51,65.54,1013.1,0,none
N09,2026-01-01T00:13:30,31.31,67.1,1013.72,1,stuck
N10,2026-01-01T00:13:30,29.73,68.07,1013.31,0,none
N01,2026-01-01T00:13:31,31.67,66.18,1016.1,1,drift
N02,2026-01-01T00:13:31,29.75,67.58,1013.88,0,none
N03,2026-01-01T00:13:31,30.92,64.33,1013.56,0,none
N04,2026-01-01T00:13:31,29.29,64.98,1013.46,0,none
N05,2026-01-01T00:13:31,29.6,65.33,1014.21,0,none
N06,2026-01-01T00:13:31,30.33,64.74,1013.72,0,none
N07,2026-01-01T00:13:31,30.55,63.2,1014.43,0,none
N08,2026-01-01T00:13:31,30.83,64.39,1012.77,0,none
N09,2026-01-01T00:13:31,31.31,67.1,1013.72,1,stuck
N10,2026-01-01T00:13:31,29.42,67.9,1014.58,0,none
N01,2026-01-01T00:13:32,31.91,67.69,1016.47,1,drift
N02,2026-01-01T00:13:32,29.9,67.31,1013.89,0,none
N03,2026-01-01T00:13:32,31.15,64.33,1013.56,0,none
N04,2026-01-01T00:13:32,29.39,64.62,1013.39,0,none
N05,2026-01-01T00:13:32,29.36,63.53,1014.02,0,none
N06,2026-01-01T00:13:32,30.44,64.43,1013.93,0,none
N07,2026-01-01T00:13:32,30.92,62.32,1014.05,0,none
N08,2026-01-01T00:13:32,30.57,65.84,1012.36,0,none
N09,2026-01-01T00:13:32,31.31,67.1,1013.72,1,stuck
N10,2026-01-01T00:13:32,29.39,67.73,1014.07,0,none
N01,2026-01-01T00:13:33,32.34,67.26,1017.24,1,drift
N02,2026-01-01T00:13:33,29.86,67.59,1013.82,0,none
N03,2026-01-01T00:13:33,31.17,63.89,1013.12,0,none
N04,2026-01-01T00:13:33,29.6,64.61,1013.13,0,none
N05,2026-01-01T00:13:33,29.45,64.93,1013.34,0,none
N06,2026-01-01T00:13:33,30.41,65.3,1013.37,0,none
N07,2026-01-01T00:13:33,30.81,63.3,1014.39,0,none
N08,2026-01-01T00:13:33,30.6,64.84,1013.16,0,none
N09,2026-01-01T00:13:33,31.31,67.1,1013.72,1,stuck
N10,2026-01-01T00:13:33,29.72,67.08,1013.57,0,none
N01,2026-01-01T00:13:34,32.18,69.34,1017.64,1,drift
N02,2026-01-01T00:13:34,29.67,67.5,1013.72,0,none
N03,2026-01-01T00:13:34,30.78,64.32,1013.3,0,none
N04,2026-01-01T00:13:34,29.34,65.14,1013.11,0,none
N05,2026-01-01T00:13:34,29.33,63.88,1013.53,0,none
N06,2026-01-01T00:13:34,30.22,65.14,1013.46,0,none
N07,2026-01-01T00:13:34,30.89,63.94,1014.23,0,none
N08,2026-01-01T00:13:34,30.82,65.92,1012.81,0,none
N09,2026-01-01T00:13:34,31.31,67.1,1013.72,1,stuck
N10,2026-01-01T00:13:34,29.29,67.94,1013.66,0,none
N01,2026-01-01T00:13:35,32.79,68.69,1018.49,1,drift
N02,2026-01-01T00:13:35,29.5,67.69,1013.45,0,none
N03,2026-01-01T00:13:35,30.94,64.57,1013.63,0,none
N04,2026-01-01T00:13:35,29.3,64.39,1013.38,0,none
N05,2026-01-01T00:13:35,29.26,65.02,1014.0,0,none
N06,2026-01-01T00:13:35,30.1,65.15,1013.24,0,none
N07,2026-01-01T00:13:35,30.77,63.82,1014.4,0,none
N08,2026-01-01T00:13:35,30.64,66.38,1012.58,0,none
N09,2026-01-01T00:13:35,31.31,67.1,1013.72,1,stuck
N10,2026-01-01T00:13:35,30.06,67.05,1014.15,0,none
N01,2026-01-01T00:13:36,32.9,69.87,1018.64,1,drift
N02,2026-01-01T00:13:36,29.91,67.18,1013.95,0,none
N03,2026-01-01T00:13:36,31.06,63.39,1012.9,0,none
N04,2026-01-01T00:13:36,29.72,64.68,1013.62,0,none
N05,2026-01-01T00:13:36,29.48,64.92,1014.38,0,none
N06,2026-01-01T00:13:36,30.2,65.44,1013.7,0,none
N07,2026-01-01T00:13:36,30.73,63.02,1014.39,1,stuck
N08,2026-01-01T00:13:36,30.77,65.25,1012.54,0,none
N09,2026-01-01T00:13:36,31.31,67.1,1013.72,1,stuck
N10,2026-01-01T00:13:36,29.39,67.39,1013.67,0,none
N01,2026-01-01T00:13:37,33.35,70.68,1019.91,1,drift
N02,2026-01-01T00:13:37,29.61,66.95,1013.94,0,none
N03,2026-01-01T00:13:37,31.13,64.33,1013.07,0,none
N04,2026-01-01T00:13:37,29.4,64.94,1013.06,0,none
N05,2026-01-01T00:13:37,29.37,64.79,1014.01,0,none
N06,2026-01-01T00:13:37,30.42,64.95,1013.07,0,none
N07,2026-01-01T00:13:37,30.73,63.02,1014.39,1,stuck
N08,2026-01-01T00:13:37,30.78,66.85,1012.89,0,none
N09,2026-01-01T00:13:37,31.31,67.1,1013.72,1,stuck
N10,2026-01-01T00:13:37,29.47,67.31,1013.69,0,none
N01,2026-01-01T00:13:38,33.34,70.85,1020.51,1,drift
N02,2026-01-01T00:13:38,29.43,66.28,1013.79,0,none
N03,2026-01-01T00:13:38,30.79,63.82,1013.43,0,none
N04,2026-01-01T00:13:38,29.55,64.39,1013.26,0,none
N05,2026-01-01T00:13:38,29.38,63.98,1014.12,0,none
N06,2026-01-01T00:13:38,30.15,63.81,1013.74,0,none
N07,2026-01-01T00:13:38,30.73,63.02,1014.39,1,stuck
N08,2026-01-01T00:13:38,30.51,65.09,1012.2,0,none
N09,2026-01-01T00:13:38,31.31,67.1,1013.72,1,stuck
N10,2026-01-01T00:13:38,29.71,66.9,1014.2,0,none
N01,2026-01-01T00:13:39,33.51,71.22,1021.14,1,drift
N02,2026-01-01T00:13:39,29.68,66.6,1013.57,0,none
N03,2026-01-01T00:13:39,30.64,63.63,1012.8,0,none
N04,2026-01-01T00:13:39,29.29,65.26,1013.34,0,none
N05,2026-01-01T00:13:39,18.43,40.3,992.55,1,spike
N06,2026-01-01T00:13:39,30.02,64.38,1013.76,0,none
N07,2026-01-01T00:13:39,30.73,63.02,1014.39,1,stuck
N08,2026-01-01T00:13:39,30.64,65.85,1012.17,0,none
N09,2026-01-01T00:13:39,31.03,64.64,1012.63,0,none
N10,2026-01-01T00:13:39,29.48,67.11,1013.12,0,none
N01,2026-01-01T00:13:40,33.98,71.86,1020.97,1,drift
N02,2026-01-01T00:13:40,29.75,66.9,1013.61,0,none
N03,2026-01-01T00:13:40,,64.64,1012.85,0,none
N04,2026-01-01T00:13:40,29.41,65.42,1013.31,0,none
N05,2026-01-01T00:13:40,19.78,41.52,987.11,1,spike
N06,2026-01-01T00:13:40,30.28,64.54,1012.95,0,none
N07,2026-01-01T00:13:40,30.73,63.02,1014.39,1,stuck
N08,2026-01-01T00:13:40,30.31,65.29,1012.27,0,none
N09,2026-01-01T00:13:40,31.11,65.19,1012.24,0,none
N10,2026-01-01T00:13:40,29.63,67.18,1013.68,0,none
N01,2026-01-01T00:13:41,34.22,72.99,1022.35,1,drift
N02,2026-01-01T00:13:41,29.64,68.16,1013.89,0,none
N03,2026-01-01T00:13:41,30.76,64.21,1012.94,0,none
N04,2026-01-01T00:13:41,29.22,64.61,1013.05,0,none
N05,2026-01-01T00:13:41,21.09,40.72,987.36,1,spike
N06,2026-01-01T00:13:41,30.58,64.39,1013.42,0,none
N07,2026-01-01T00:13:41,30.73,63.02,1014.39,1,stuck
N08,2026-01-01T00:13:41,30.85,64.08,1012.26,0,none
N09,2026-01-01T00:13:41,30.95,65.05,1011.69,0,none
N10,2026-01-01T00:13:41,29.51,66.64,1013.54,0,none
N01,2026-01-01T00:13:42,34.45,73.03,1021.89,1,drift
N02,2026-01-01T00:13:42,29.49,66.23,1013.47,0,none
N03,2026-01-01T00:13:42,30.65,63.59,1012.9,0,none
N04,2026-01-01T00:13:42,29.15,64.65,1013.02,0,none
N05,2026-01-01T00:13:42,17.93,39.35,997.49,1,spike
N06,2026-01-01T00:13:42,30.03,63.98,1012.86,0,none
N07,2026-01-01T00:13:42,30.73,63.02,1014.39,1,stuck
N08,2026-01-01T00:13:42,30.46,64.41,1012.51,0,none
N09,2026-01-01T00:13:42,31.17,65.06,1011.93,0,none
N10,2026-01-01T00:13:42,29.26,66.93,1013.65,0,none
N01,2026-01-01T00:13:43,34.54,73.71,1022.45,1,drift
N02,2026-01-01T00:13:43,29.84,66.7,1013.21,0,none
N03,2026-01-01T00:13:43,30.92,63.39,1013.0,0,none
N04,2026-01-01T00:13:43,29.31,64.43,1012.73,0,none
N05,2026-01-01T00:13:43,29.21,64.28,1012.72,0,none
N06,2026-01-01T00:13:43,30.25,63.74,1012.77,0,none
N07,2026-01-01T00:13:43,30.73,63.02,1014.39,1,stuck
N08,2026-01-01T00:13:43,30.82,65.1,1011.92,0,none
N09,2026-01-01T00:13:43,30.85,63.96,1012.22,0,none
N10,2026-01-01T00:13:43,29.34,67.57,1013.39,0,none
N01,2026-01-01T00:13:44,34.55,74.08,1023.46,1,drift
N02,2026-01-01T00:13:44,29.41,66.8,1013.51,0,none
N03,2026-01-01T00:13:44,30.84,64.15,1012.87,0,none
N04,2026-01-01T00:13:44,29.19,64.21,1013.03,0,none
N05,2026-01-01T00:13:44,29.32,64.17,1013.88,0,none
N06,2026-01-01T00:13:44,30.24,62.89,1012.95,0,none
N07,2026-01-01T00:13:44,30.73,63.02,1014.39,1,stuck
N08,2026-01-01T00:13:44,30.41,65.65,1012.03,0,none
N09,2026-01-01T00:13:44,31.12,64.26,1012.49,0,none
N10,2026-01-01T00:13:44,29.48,67.56,1013.68,0,none
N01,2026-01-01T00:13:45,35.09,73.6,1023.82,1,drift
N02,2026-01-01T00:13:45,29.56,66.02,1013.28,0,none
N03,2026-01-01T00:13:45,30.74,62.92,1012.32,0,none
N04,2026-01-01T00:13:45,29.27,64.57,1013.13,0,none
N05,2026-01-01T00:13:45,29.12,62.98,1013.54,0,none
N06,2026-01-01T00:13:45,30.04,63.51,1013.1,0,none
N07,2026-01-01T00:13:45,30.73,63.02,1014.39,1,stuck
N08,2026-01-01T00:13:45,30.75,64.93,1012.63,0,none
N09,2026-01-01T00:13:45,30.66,65.44,1011.73,0,none
N10,2026-01-01T00:13:45,29.21,67.01,1013.86,0,none
N01,2026-01-01T00:13:46,35.24,74.59,1024.01,1,drift
N02,2026-01-01T00:13:46,29.53,65.92,1013.09,0,none
N03,2026-01-01T00:13:46,30.64,63.27,1012.66,0,none
N04,2026-01-01T00:13:46,29.3,65.21,1013.07,0,none
N05,2026-01-01T00:13:46,29.13,64.12,1014.19,0,none
N06,2026-01-01T00:13:46,29.98,64.22,1012.91,0,none
N07,2026-01-01T00:13:46,30.73,63.02,1014.39,1,stuck
N08,2026-01-01T00:13:46,30.47,64.47,1012.07,0,none
N09,2026-01-01T00:13:46,30.84,64.09,1012.31,0,none
N10,2026-01-01T00:13:46,29.28,66.61,1013.22,0,none
N01,2026-01-01T00:13:47,35.47,76.03,1024.83,1,drift
N02,2026-01-01T00:13:47,29.49,66.71,1013.54,0,none
N03,2026-01-01T00:13:47,30.58,62.74,1012.66,0,none
N04,2026-01-01T00:13:47,29.01,64.09,1013.32,0,none
N05,2026-01-01T00:13:47,29.38,64.52,1013.47,0,none
N06,2026-01-01T00:13:47,30.1,63.43,1013.27,0,none
N07,2026-01-01T00:13:47,30.73,63.02,1014.39,1,stuck
N08,2026-01-01T00:13:47,30.03,64.5,1012.12,0,none
N09,2026-01-01T00:13:47,30.72,63.55,1012.41,0,none
N10,2026-01-01T00:13:47,29.35,66.54,1013.87,0,none
N01,2026-01-01T00:13:48,35.76,75.76,1025.5,1,drift
N02,2026-01-01T00:13:48,29.39,66.74,1013.16,0,none
N03,2026-01-01T00:13:48,30.7,64.15,1013.08,0,none
N04,2026-01-01T00:13:48,28.98,62.68,1012.89,0,none
N05,2026-01-01T00:13:48,29.09,64.26,1013.8,0,none
N06,2026-01-01T00:13:48,29.84,64.12,1013.43,0,none
N07,2026-01-01T00:13:48,30.73,63.02,1014.39,1,stuck
N08,2026-01-01T00:13:48,30.36,64.74,1012.75,0,none
N09,2026-01-01T00:13:48,30.95,65.19,1012.63,0,none
N10,2026-01-01T00:13:48,29.24,66.5,1012.97,0,none
N01,2026-01-01T00:13:49,35.78,76.19,1026.73,1,drift
N02,2026-01-01T00:13:49,29.54,66.09,1014.06,0,none
N03,2026-01-01T00:13:49,30.44,62.32,1012.56,0,none
N04,2026-01-01T00:13:49,28.85,64.24,1013.05,0,none
N05,2026-01-01T00:13:49,29.06,63.7,1013.76,0,none
N06,2026-01-01T00:13:49,30.08,64.61,1013.29,0,none
N07,2026-01-01T00:13:49,30.73,63.02,1014.39,1,stuck
N08,2026-01-01T00:13:49,30.08,64.53,1012.19,0,none
N09,2026-01-01T00:13:49,30.4,63.89,1012.52,0,none
N10,2026-01-01T00:13:49,29.19,67.19,1012.8,0,none
N01,2026-01-01T00:13:50,36.06,77.94,1027.23,1,drift
N02,2026-01-01T00:13:50,29.25,66.8,1013.5,0,none
N03,2026-01-01T00:13:50,30.68,63.27,1013.1,0,none
N04,2026-01-01T00:13:50,28.97,63.98,1013.32,0,none
N05,2026-01-01T00:13:50,29.05,62.47,1013.93,0,none
N06,2026-01-01T00:13:50,30.17,63.94,1013.94,0,none
N07,2026-01-01T00:13:50,30.73,63.02,1014.39,1,stuck
N08,2026-01-01T00:13:50,30.25,64.5,1012.6,0,none
N09,2026-01-01T00:13:50,30.64,65.01,1011.78,0,none
N10,2026-01-01T00:13:50,29.05,66.34,1013.85,0,none
N01,2026-01-01T00:13:51,36.62,78.42,1027.43,1,drift
N02,2026-01-01T00:13:51,29.34,67.02,1014.09,0,none
N03,2026-01-01T00:13:51,30.53,63.15,1012.88,0,none
N04,2026-01-01T00:13:51,29.08,65.56,,0,none
N05,2026-01-01T00:13:51,29.16,63.59,1013.79,0,none
N06,2026-01-01T00:13:51,30.13,63.7,1013.87,0,none
N07,2026-01-01T00:13:51,30.73,63.02,1014.39,1,stuck
N08,2026-01-01T00:13:51,30.14,65.12,1012.85,0,none
N09,2026-01-01T00:13:51,30.92,64.02,1011.73,0,none
N10,2026-01-01T00:13:51,29.17,67.62,1013.61,0,none
N01,2026-01-01T00:13:52,36.49,77.34,1028.42,1,drift
N02,2026-01-01T00:13:52,29.55,65.96,1013.54,0,none
N03,2026-01-01T00:13:52,30.8,63.73,1013.14,0,none
N04,2026-01-01T00:13:52,28.89,64.91,1012.96,0,none
N05,2026-01-01T00:13:52,29.04,63.49,1013.64,0,none
N06,2026-01-01T00:13:52,30.21,64.24,1013.11,0,none
N07,2026-01-01T00:13:52,30.73,63.02,1014.39,1,stuck
N08,2026-01-01T00:13:52,30.12,63.9,1012.48,0,none
N09,2026-01-01T00:13:52,30.89,64.46,1012.04,0,none
N10,2026-01-01T00:13:52,28.89,66.71,1013.01,0,none
N01,2026-01-01T00:13:53,36.65,78.98,1028.37,1,drift
N02,2026-01-01T00:13:53,29.36,66.4,1013.56,0,none
N03,2026-01-01T00:13:53,30.29,62.85,1013.19,0,none
N04,2026-01-01T00:13:53,28.96,64.32,1012.83,0,none
N05,2026-01-01T00:13:53,28.78,63.41,1013.13,0,none
N06,2026-01-01T00:13:53,30.13,63.7,1013.52,0,none
N07,2026-01-01T00:13:53,30.33,63.15,1014.24,0,none
N08,2026-01-01T00:13:53,30.45,64.68,1011.86,0,none
N09,2026-01-01T00:13:53,30.42,64.33,1011.83,0,none
N10,2026-01-01T00:13:53,29.06,67.4,1013.64,0,none
N01,2026-01-01T00:13:54,37.17,78.74,1028.75,1,drift
N02,2026-01-01T00:13:54,29.28,66.94,1013.65,0,none
N03,2026-01-01T00:13:54,30.55,63.09,1012.6,0,none
N04,2026-01-01T00:13:54,28.93,64.27,1012.71,0,none
N05,2026-01-01T00:13:54,29.06,63.4,1012.83,0,none
N06,2026-01-01T00:13:54,29.74,63.96,1013.31,0,none
N07,2026-01-01T00:13:54,30.7,63.0,1014.12,0,none
N08,2026-01-01T00:13:54,30.24,64.4,1012.26,0,none
N09,2026-01-01T00:13:54,30.59,64.46,1012.52,0,none
N10,2026-01-01T00:13:54,29.12,66.96,1013.27,0,none
N01,2026-01-01T00:13:55,37.46,79.91,1029.81,1,drift
N02,2026-01-01T00:13:55,29.44,67.28,1013.45,0,none
N03,2026-01-01T00:13:55,30.55,62.07,1013.06,0,none
N04,2026-01-01T00:13:55,28.88,63.69,1013.22,0,none
N05,2026-01-01T00:13:55,29.28,63.39,1013.13,0,none
N06,2026-01-01T00:13:55,30.11,64.46,1013.26,0,none
N07,2026-01-01T00:13:55,30.25,64.09,1013.6,0,none
N08,2026-01-01T00:13:55,30.22,64.14,1012.5,0,none
N09,2026-01-01T00:13:55,30.68,64.97,1011.94,0,none
N10,2026-01-01T00:13:55,23.22,74.71,992.72,1,spoof
N01,2026-01-01T00:13:56,37.49,81.04,1030.53,1,drift
N02,2026-01-01T00:13:56,29.44,66.61,1013.7,0,none
N03,2026-01-01T00:13:56,30.65,62.93,1012.59,0,none
N04,2026-01-01T00:13:56,28.65,63.29,1012.9,0,none
N05,2026-01-01T00:13:56,28.87,64.38,1013.57,0,none
N06,2026-01-01T00:13:56,29.84,63.88,1012.63,0,none
N07,2026-01-01T00:13:56,30.34,62.62,1013.42,0,none
N08,2026-01-01T00:13:56,30.29,64.53,1012.16,0,none
N09,2026-01-01T00:13:56,30.63,64.52,1012.14,0,none
N10,2026-01-01T00:13:56,39.23,48.35,1008.8,1,spoof
N01,2026-01-01T00:13:57,37.62,80.99,1030.7,1,drift
N02,2026-01-01T00:13:57,29.4,66.14,1012.86,0,none
N03,2026-01-01T00:13:57,30.41,63.19,1012.66,0,none
N04,2026-01-01T00:13:57,28.8,64.32,1013.12,0,none
N05,2026-01-01T00:13:57,29.19,63.94,1013.51,0,none
N06,2026-01-01T00:13:57,29.7,63.4,1013.51,0,none
N07,2026-01-01T00:13:57,30.23,63.26,1013.53,0,none
N08,2026-01-01T00:13:57,30.19,63.17,1011.94,0,none
N09,2026-01-01T00:13:57,30.27,63.97,1011.56,0,none
N10,2026-01-01T00:13:57,27.9,43.63,1009.76,1,spoof
N01,2026-01-01T00:13:58,38.17,81.95,1031.32,1,drift
N02,2026-01-01T00:13:58,29.37,66.22,1013.3,0,none
N03,2026-01-01T00:13:58,30.25,63.15,1012.54,0,none
N04,2026-01-01T00:13:58,29.19,64.13,1012.87,0,none
N05,2026-01-01T00:13:58,29.08,63.91,1012.33,0,none
N06,2026-01-01T00:13:58,29.9,63.41,1013.34,0,none
N07,2026-01-01T00:13:58,30.29,63.01,1013.99,0,none
N08,2026-01-01T00:13:58,29.95,64.59,1012.24,0,none
N09,2026-01-01T00:13:58,30.6,63.78,1012.3,0,none
N10,2026-01-01T00:13:58,15.05,68.97,1037.99,1,spoof
N01,2026-01-01T00:13:59,38.38,83.42,1031.89,1,drift
N02,2026-01-01T00:13:59,29.35,66.0,1013.26,0,none
N03,2026-01-01T00:13:59,30.25,63.17,1012.47,0,none
N04,2026-01-01T00:13:59,29.03,63.69,1013.16,0,none
N05,2026-01-01T00:13:59,29.0,63.5,1013.22,0,none
N06,2026-01-01T00:13:59,29.97,64.56,1013.07,0,none
N07,2026-01-01T00:13:59,30.28,63.13,1013.12,0,none
N08,2026-01-01T00:13:59,29.99,63.99,1012.28,0,none
N09,2026-01-01T00:13:59,30.77,64.44,1011.7,0,none
N10,2026-01-01T00:13:59,39.03,89.6,1016.77,1,spoof
N01,2026-01-01T00:14:00,38.53,82.23,1032.57,1,drift
N02,2026-01-01T00:14:00,29.38,66.53,1012.95,0,none
N03,2026-01-01T00:14:00,30.52,64.36,1011.88,0,none
N04,2026-01-01T00:14:00,29.11,63.55,1012.22,0,none
N05,2026-01-01T00:14:00,28.95,62.64,1012.75,0,none
N06,2026-01-01T00:14:00,29.82,64.56,1012.75,0,none
N07,2026-01-01T00:14:00,30.35,61.43,1013.4,0,none
N08,2026-01-01T00:14:00,30.18,64.27,1011.43,0,none
N09,2026-01-01T00:14:00,30.22,64.42,1011.03,1,drift
N10,2026-01-01T00:14:00,35.97,50.82,999.39,1,spoof
N01,2026-01-01T00:14:01,38.83,83.57,1032.69,1,drift
N02,2026-01-01T00:14:01,29.4,65.48,1013.19,0,none
N03,2026-01-01T00:14:01,30.47,62.6,1012.43,0,none
N04,2026-01-01T00:14:01,29.02,62.91,1012.81,0,none
N05,2026-01-01T00:14:01,29.07,62.56,1012.32,0,none
N06,2026-01-01T00:14:01,29.92,63.56,1012.47,0,none
N07,2026-01-01T00:14:01,30.44,61.59,1013.43,0,none
N08,2026-01-01T00:14:01,30.13,63.88,1011.66,0,none
N09,2026-01-01T00:14:01,29.9,62.64,1010.79,1,drift
N10,2026-01-01T00:14:01,18.29,47.25,999.79,1,spoof
N01,2026-01-01T00:14:02,38.97,84.2,1033.69,1,drift
N02,2026-01-01T00:14:02,29.18,65.2,1012.95,0,none
N03,2026-01-01T00:14:02,30.49,63.17,1012.2,0,none
N04,2026-01-01T00:14:02,28.85,63.13,1012.11,0,none
N05,2026-01-01T00:14:02,28.7,63.46,1013.04,0,none
N06,2026-01-01T00:14:02,29.7,64.01,1012.37,0,none
N07,2026-01-01T00:14:02,30.34,62.36,1012.97,0,none
N08,2026-01-01T00:14:02,30.06,65.14,1010.87,0,none
N09,2026-01-01T00:14:02,29.75,61.15,1009.86,1,drift
N10,2026-01-01T00:14:02,15.01,57.9,1015.84,1,spoof
N01,2026-01-01T00:14:03,39.28,84.72,1033.97,1,drift
N02,2026-01-01T00:14:03,29.29,66.72,1013.48,0,none
N03,2026-01-01T00:14:03,30.51,62.81,1012.3,0,none
N04,2026-01-01T00:14:03,28.6,63.55,1012.73,0,none
N05,2026-01-01T00:14:03,28.76,63.28,1012.5,0,none
N06,2026-01-01T00:14:03,29.91,63.49,1013.05,0,none
N07,2026-01-01T00:14:03,30.26,62.09,1013.96,0,none
N08,2026-01-01T00:14:03,30.11,63.82,1011.56,0,none
N09,2026-01-01T00:14:03,29.64,61.71,1008.62,1,drift
N10,2026-01-01T00:14:03,15.69,64.85,1022.32,1,spoof
N01,2026-01-01T00:14:04,39.61,85.32,1034.96,1,drift
N02,2026-01-01T00:14:04,29.41,65.8,1013.16,0,none
N03,2026-01-01T00:14:04,30.46,62.12,1012.61,0,none
N04,2026-01-01T00:14:04,28.88,62.84,1012.4,0,none
N05,2026-01-01T00:14:04,28.63,62.82,1013.57,0,none
N06,2026-01-01T00:14:04,29.95,63.79,1012.63,0,none
N07,2026-01-01T00:14:04,30.37,61.23,1013.12,0,none
N08,2026-01-01T00:14:04,30.2,64.29,1011.02,0,none
N09,2026-01-01T00:14:04,29.35,60.58,1008.04,1,drift
N10,2026-01-01T00:14:04,33.61,50.42,1008.93,1,spoof
N01,2026-01-01T00:14:05,39.69,85.18,1035.5,1,drift
N02,2026-01-01T00:14:05,29.06,65.63,1013.43,0,none
N03,2026-01-01T00:14:05,30.24,62.46,1012.41,0,none
N04,2026-01-01T00:14:05,28.84,62.6,1012.52,0,none
N05,2026-01-01T00:14:05,28.82,62.1,1013.08,0,none
N06,2026-01-01T00:14:05,29.98,62.54,1013.05,0,none
N07,2026-01-01T00:14:05,30.18,61.62,1013.63,0,none
N08,2026-01-01T00:14:05,30.3,63.62,1011.68,0,none
N09,2026-01-01T00:14:05,28.98,59.55,1008.08,1,drift
N10,2026-01-01T00:14:05,34.9,74.76,983.73,1,spoof
N01,2026-01-01T00:14:06,39.85,85.86,1036.05,1,drift
N02,2026-01-01T00:14:06,29.06,65.57,1012.52,0,none
N03,2026-01-01T00:14:06,30.5,61.86,1012.19,0,none
N04,2026-01-01T00:14:06,28.7,63.18,1012.49,0,none
N05,2026-01-01T00:14:06,29.0,63.0,1012.61,0,none
N06,2026-01-01T00:14:06,29.9,62.92,1012.98,0,none
N07,2026-01-01T00:14:06,30.05,63.2,1013.58,0,none
N08,2026-01-01T00:14:06,29.89,62.52,1011.71,0,none
N09,2026-01-01T00:14:06,28.48,59.82,1007.0,1,drift
N10,2026-01-01T00:14:06,36.08,54.68,994.85,1,spoof
N01,2026-01-01T00:14:07,40.0,86.27,1036.35,1,drift
N02,2026-01-01T00:14:07,28.78,65.38,1012.63,0,none
N03,2026-01-01T00:14:07,30.44,61.87,1012.0,0,none
N04,2026-01-01T00:14:07,28.73,62.25,1012.57,0,none
N05,2026-01-01T00:14:07,28.58,62.77,1012.81,0,none
N06,2026-01-01T00:14:07,29.69,62.71,1012.64,0,none
N07,2026-01-01T00:14:07,30.28,61.94,1013.92,0,none
N08,2026-01-01T00:14:07,30.0,62.92,1011.84,0,none
N09,2026-01-01T00:14:07,28.45,58.09,1006.53,1,drift
N10,2026-01-01T00:14:07,16.74,33.28,1038.14,1,spoof
N01,2026-01-01T00:14:08,40.0,86.89,1036.45,1,drift
N02,2026-01-01T00:14:08,29.19,65.05,1013.13,0,none
N03,2026-01-01T00:14:08,30.35,61.94,1012.19,0,none
N04,2026-01-01T00:14:08,28.8,62.77,1012.6,0,none
N05,2026-01-01T00:14:08,28.57,62.12,1013.12,0,none
N06,2026-01-01T00:14:08,29.52,62.65,1012.42,0,none
N07,2026-01-01T00:14:08,30.3,62.16,1013.0,0,none
N08,2026-01-01T00:14:08,29.82,63.24,1011.78,0,none
N09,2026-01-01T00:14:08,28.24,57.66,1005.27,1,drift
N10,2026-01-01T00:14:08,28.5,36.89,1037.88,1,spoof
N01,2026-01-01T00:14:09,40.0,87.25,1037.48,1,drift
N02,2026-01-01T00:14:09,28.81,65.13,1013.23,0,none
N03,2026-01-01T00:14:09,30.12,61.5,1012.0,1,drift
N04,2026-01-01T00:14:09,28.44,63.11,1012.23,0,none
N05,2026-01-01T00:14:09,28.56,62.59,1012.82,0,none
N06,2026-01-01T00:14:09,29.71,63.39,1012.61,0,none
N07,2026-01-01T00:14:09,30.15,61.24,1013.4,0,none
N08,2026-01-01T00:14:09,29.97,62.68,1011.2,0,none
N09,2026-01-01T00:14:09,27.93,57.61,1005.77,1,drift
N10,2026-01-01T00:14:09,31.37,64.51,1026.93,1,spoof
N01,2026-01-01T00:14:10,40.0,88.41,1037.77,1,drift
N02,2026-01-01T00:14:10,29.28,65.08,1012.72,0,none
N03,2026-01-01T00:14:10,29.72,59.91,1011.11,1,drift
N04,2026-01-01T00:14:10,28.93,62.46,1012.06,0,none
N05,2026-01-01T00:14:10,28.48,61.38,1012.92,0,none
N06,2026-01-01T00:14:10,29.39,61.91,1012.18,0,none
N07,2026-01-01T00:14:10,29.95,61.23,1012.55,0,none
N08,2026-01-01T00:14:10,29.83,62.62,1011.07,0,none
N09,2026-01-01T00:14:10,27.61,57.02,1004.24,1,drift
N10,2026-01-01T00:14:10,34.15,63.93,1023.78,1,spoof
N01,2026-01-01T00:14:11,40.0,88.16,1038.68,1,drift
N02,2026-01-01T00:14:11,28.88,64.26,1012.68,0,none
N03,2026-01-01T00:14:11,29.48,59.95,1010.73,1,drift
N04,2026-01-01T00:14:11,28.71,63.22,1012.84,0,none
N05,2026-01-01T00:14:11,28.66,62.13,1012.4,0,none
N06,2026-01-01T00:14:11,29.34,62.94,1012.45,0,none
N07,2026-01-01T00:14:11,29.98,60.58,1012.56,0,none
N08,2026-01-01T00:14:11,30.09,63.78,1011.7,0,none
N09,2026-01-01T00:14:11,27.61,55.58,1003.95,1,drift
N10,2026-01-01T00:14:11,37.04,63.74,1031.81,1,spoof
N01,2026-01-01T00:14:12,40.0,89.57,1039.21,1,drift
N02,2026-01-01T00:14:12,29.16,64.77,1013.04,0,none
N03,2026-01-01T00:14:12,29.29,59.74,1009.65,1,drift
N04,2026-01-01T00:14:12,28.45,62.37,1012.61,0,none
N05,2026-01-01T00:14:12,28.72,62.31,1012.98,0,none
N06,2026-01-01T00:14:12,29.2,62.18,1011.63,1,drift
N07,2026-01-01T00:14:12,29.97,60.99,1012.75,0,none
N08,2026-01-01T00:14:12,30.0,62.98,1011.05,0,none
N09,2026-01-01T00:14:12,27.23,54.54,1003.27,1,drift
N10,2026-01-01T00:14:12,38.2,48.7,984.67,1,spoof
N01,2026-01-01T00:14:13,29.82,61.31,1011.66,0,none
N02,2026-01-01T00:14:13,29.06,64.92,1012.98,0,none
N03,2026-01-01T00:14:13,29.1,58.63,1008.54,1,drift
N04,2026-01-01T00:14:13,28.53,61.31,1012.17,0,none
N05,2026-01-01T00:14:13,28.5,61.92,1012.13,0,none
N06,2026-01-01T00:14:13,29.05,61.39,1011.37,1,drift
N07,2026-01-01T00:14:13,29.71,60.63,1013.03,0,none
N08,2026-01-01T00:14:13,29.9,61.8,1011.92,0,none
N09,2026-01-01T00:14:13,26.77,55.22,1002.47,1,drift
N10,2026-01-01T00:14:13,35.46,51.26,1036.38,1,spoof
N01,2026-01-01T00:14:14,29.72,60.06,1011.45,0,none
N02,2026-01-01T00:14:14,29.06,64.32,1012.32,0,none
N03,2026-01-01T00:14:14,28.77,58.08,1008.11,1,drift
N04,2026-01-01T00:14:14,28.59,62.15,1012.33,0,none
N05,2026-01-01T00:14:14,28.31,61.06,1011.76,0,none
N06,2026-01-01T00:14:14,29.0,59.87,1010.35,1,drift
N07,2026-01-01T00:14:14,30.05,60.73,1012.88,0,none
N08,2026-01-01T00:14:14,29.8,62.49,1011.32,0,none
N09,2026-01-01T00:14:14,26.58,53.75,1002.15,1,drift
N10,2026-01-01T00:14:14,28.8,66.0,1012.49,0,none
N01,2026-01-01T00:14:15,29.64,60.22,1011.56,0,none
N02,2026-01-01T00:14:15,28.88,65.25,1012.55,0,none
N03,2026-01-01T00:14:15,28.3,56.67,1007.72,1,drift
N04,2026-01-01T00:14:15,28.48,61.24,1011.51,0,none
N05,2026-01-01T00:14:15,28.67,61.58,1012.09,0,none
N06,2026-01-01T00:14:15,28.12,59.51,1009.98,1,drift
N07,2026-01-01T00:14:15,29.86,61.46,1012.98,0,none
N08,2026-01-01T00:14:15,29.45,62.32,1011.04,0,none
N09,2026-01-01T00:14:15,26.06,53.13,1000.92,1,drift
N10,2026-01-01T00:14:15,28.55,64.58,1011.92,0,none
N01,2026-01-01T00:14:16,29.62,60.85,1011.75,0,none
N02,2026-01-01T00:14:16,28.71,65.02,1012.88,0,none
N03,2026-01-01T00:14:16,28.06,55.8,1007.0,1,drift
N04,2026-01-01T00:14:16,28.57,61.3,1012.09,0,none
N05,2026-01-01T00:14:16,28.78,61.74,1011.81,0,none
N06,2026-01-01T00:14:16,28.61,59.03,1009.56,1,drift
N07,2026-01-01T00:14:16,30.0,60.23,1013.27,0,none
N08,2026-01-01T00:14:16,29.67,62.52,1011.06,0,none
N09,2026-01-01T00:14:16,25.95,52.37,1000.94,1,drift
N10,2026-01-01T00:14:16,28.75,64.61,1011.64,0,none
N01,2026-01-01T00:14:17,29.54,60.3,1011.77,0,none
N02,2026-01-01T00:14:17,28.56,63.63,1012.71,1,stuck
N03,2026-01-01T00:14:17,27.95,55.82,1007.04,1,drift
N04,2026-01-01T00:14:17,28.33,60.9,1012.15,0,none
N05,2026-01-01T00:14:17,28.42,62.26,1012.67,0,none
N06,2026-01-01T00:14:17,27.83,57.59,1008.67,1,drift
N07,2026-01-01T00:14:17,29.82,59.51,1012.71,0,none
N08,2026-01-01T00:14:17,29.63,61.8,1010.75,0,none
N09,2026-01-01T00:14:17,25.76,51.14,1000.35,1,drift
N10,2026-01-01T00:14:17,29.06,65.29,1012.37,0,none
N01,2026-01-01T00:14:18,29.61,60.33,1011.37,0,none
N02,2026-01-01T00:14:18,28.56,63.63,1012.71,1,stuck
N03,2026-01-01T00:14:18,27.59,54.85,1005.74,1,drift
N04,2026-01-01T00:14:18,28.32,61.73,1011.37,0,none
N05,2026-01-01T00:14:18,28.21,61.35,1012.01,0,none
N06,2026-01-01T00:14:18,27.71,57.55,1008.01,1,drift
N07,2026-01-01T00:14:18,29.68,60.83,1013.59,0,none
N08,2026-01-01T00:14:18,29.65,62.53,1010.87,0,none
N09,2026-01-01T00:14:18,25.37,50.79,999.85,1,drift
N10,2026-01-01T00:14:18,28.67,65.52,1012.21,0,none
N01,2026-01-01T00:14:19,29.44,61.09,1011.67,0,none
N02,2026-01-01T00:14:19,28.56,63.63,1012.71,1,stuck
N03,2026-01-01T00:14:19,27.15,53.7,1005.34,1,drift
N04,2026-01-01T00:14:19,28.29,,1012.18,0,none
N05,2026-01-01T00:14:19,28.53,62.25,1011.73,0,none
N06,2026-01-01T00:14:19,27.4,56.65,1007.51,1,drift
N07,2026-01-01T00:14:19,29.9,61.52,1013.02,0,none
N08,2026-01-01T00:14:19,30.15,62.15,1011.44,0,none
N09,2026-01-01T00:14:19,25.25,50.43,999.11,1,drift
N10,2026-01-01T00:14:19,28.77,63.87,1012.45,0,none
N01,2026-01-01T00:14:20,29.71,60.09,1011.24,0,none
N02,2026-01-01T00:14:20,28.56,63.63,1012.71,1,stuck
N03,2026-01-01T00:14:20,26.74,53.31,1004.67,1,drift
N04,2026-01-01T00:14:20,28.33,61.57,1012.11,0,none
N05,2026-01-01T00:14:20,28.39,61.64,1012.55,0,none
N06,2026-01-01T00:14:20,27.32,56.23,1007.02,1,drift
N07,2026-01-01T00:14:20,29.95,59.97,1012.76,0,none
N08,2026-01-01T00:14:20,29.35,61.24,1011.36,0,none
N09,2026-01-01T00:14:20,24.69,48.75,998.34,1,drift
N10,2026-01-01T00:14:20,28.45,64.6,1012.45,0,none
N01,2026-01-01T00:14:21,29.54,60.68,1011.86,0,none
N02,2026-01-01T00:14:21,28.56,63.63,1012.71,1,stuck
N03,2026-01-01T00:14:21,26.8,52.01,1004.22,1,drift
N04,2026-01-01T00:14:21,28.38,61.36,1012.48,0,none
N05,2026-01-01T00:14:21,28.15,61.38,1012.08,0,none
N06,2026-01-01T00:14:21,27.06,54.11,1005.84,1,drift
N07,2026-01-01T00:14:21,29.82,58.89,1012.76,0,none
N08,2026-01-01T00:14:21,29.77,61.48,1011.35,0,none
N09,2026-01-01T00:14:21,24.76,48.8,997.6,1,drift
N10,2026-01-01T00:14:21,28.57,64.69,1012.04,0,none
N01,2026-01-01T00:14:22,29.24,60.21,1011.35,0,none
N02,2026-01-01T00:14:22,28.56,63.63,1012.71,1,stuck
N03,2026-01-01T00:14:22,26.35,51.69,1003.42,1,drift
N04,2026-01-01T00:14:22,28.37,61.72,1012.08,0,none
N05,2026-01-01T00:14:22,28.31,61.28,1012.06,0,none
N06,2026-01-01T00:14:22,26.41,53.92,1005.54,1,drift
N07,2026-01-01T00:14:22,29.8,60.39,1012.29,0,none
N08,2026-01-01T00:14:22,29.57,62.12,1011.03,0,none
N09,2026-01-01T00:14:22,24.57,46.63,996.5,1,drift
N10,2026-01-01T00:14:22,28.46,65.16,1012.2,0,none
N01,2026-01-01T00:14:23,29.13,59.17,1011.17,0,none
N02,2026-01-01T00:14:23,28.56,63.63,1012.71,1,stuck
N03,2026-01-01T00:14:23,26.19,51.21,1002.74,1,drift
N04,2026-01-01T00:14:23,28.44,60.72,1011.81,0,none
N05,2026-01-01T00:14:23,27.94,61.01,1012.67,0,none
N06,2026-01-01T00:14:23,26.39,54.22,1005.19,1,drift
N07,2026-01-01T00:14:23,29.79,61.07,1012.62,0,none
N08,2026-01-01T00:14:23,29.42,61.64,1010.96,0,none
N09,2026-01-01T00:14:23,24.18,47.48,996.62,1,drift
N10,2026-01-01T00:14:23,28.53,64.51,1011.66,0,none
N01,2026-01-01T00:14:24,29.17,59.15,1010.95,0,none
N02,2026-01-01T00:14:24,28.56,63.63,1012.71,1,stuck
N03,2026-01-01T00:14:24,25.81,49.25,1002.11,1,drift
N04,2026-01-01T00:14:24,28.2,60.61,1011.29,0,none
N05,2026-01-01T00:14:24,28.26,59.33,1012.4,0,none
N06,2026-01-01T00:14:24,25.73,53.26,1003.74,1,drift
N07,2026-01-01T00:14:24,29.64,59.51,1012.49,0,none
N08,2026-01-01T00:14:24,29.63,62.49,1011.29,0,none
N09,2026-01-01T00:14:24,23.67,46.43,995.55,1,drift
N10,2026-01-01T00:14:24,28.38,63.46,1011.75,0,none
N01,2026-01-01T00:14:25,29.34,58.3,1011.0,0,none
N02,2026-01-01T00:14:25,28.56,63.63,1012.71,1,stuck
N03,2026-01-01T00:14:25,25.59,49.29,1000.81,1,drift
N04,2026-01-01T00:14:25,28.32,61.06,1011.64,0,none
N05,2026-01-01T00:14:25,27.99,59.31,1011.61,0,none
N06,2026-01-01T00:14:25,25.48,52.75,1002.98,1,drift
N07,2026-01-01T00:14:25,29.6,59.86,1012.53,0,none
N08,2026-01-01T00:14:25,29.57,62.09,1010.82,0,none
N09,2026-01-01T00:14:25,23.31,44.72,995.09,1,drift
N10,2026-01-01T00:14:25,28.26,63.53,1011.86,0,none
N01,2026-01-01T00:14:26,29.08,59.24,1011.51,0,none
N02,2026-01-01T00:14:26,28.56,63.63,1012.71,1,stuck
N03,2026-01-01T00:14:26,25.26,48.75,1000.35,1,drift
N04,2026-01-01T00:14:26,28.07,60.82,1011.63,0,none
N05,2026-01-01T00:14:26,28.04,60.97,1011.7,0,none
N06,2026-01-01T00:14:26,25.11,52.07,1002.98,1,drift
N07,2026-01-01T00:14:26,29.73,58.74,1012.46,0,none
N08,2026-01-01T00:14:26,29.41,61.51,1010.87,0,none
N09,2026-01-01T00:14:26,23.31,44.55,994.72,1,drift
N10,2026-01-01T00:14:26,28.04,62.87,1012.21,0,none
N01,2026-01-01T00:14:27,29.27,58.74,1010.77,0,none
N02,2026-01-01T00:14:27,28.56,63.63,1012.71,1,stuck
N03,2026-01-01T00:14:27,24.9,48.95,1000.25,1,drift
N04,2026-01-01T00:14:27,27.96,61.11,1011.82,0,none
N05,2026-01-01T00:14:27,28.21,61.04,1011.8,0,none
N06,2026-01-01T00:14:27,25.05,50.86,1002.06,1,drift
N07,2026-01-01T00:14:27,29.47,59.13,1011.63,0,none
N08,2026-01-01T00:14:27,29.4,60.96,1010.85,0,none
N09,2026-01-01T00:14:27,22.59,43.6,993.26,1,drift
N10,2026-01-01T00:14:27,28.36,64.4,1012.43,1,drift
N01,2026-01-01T00:14:28,29.36,59.97,1010.92,0,none
N02,2026-01-01T00:14:28,28.56,63.63,1012.71,1,stuck
N03,2026-01-01T00:14:28,24.63,47.91,998.91,1,drift
N04,2026-01-01T00:14:28,28.21,60.2,1011.27,0,none
N05,2026-01-01T00:14:28,28.1,60.89,1012.07,0,none
N06,2026-01-01T00:14:28,24.48,50.61,1001.12,1,drift
N07,2026-01-01T00:14:28,29.5,60.06,1012.41,0,none
N08,2026-01-01T00:14:28,29.28,61.28,1010.18,0,none
N09,2026-01-01T00:14:28,22.35,43.44,992.58,1,drift
N10,2026-01-01T00:14:28,28.7,64.23,1012.08,1,drift
N01,2026-01-01T00:14:29,29.5,59.67,1010.67,0,none
N02,2026-01-01T00:14:29,28.56,63.63,1012.71,1,stuck
N03,2026-01-01T00:14:29,24.71,47.18,998.14,1,drift
N04,2026-01-01T00:14:29,28.26,59.98,1011.15,0,none
N05,2026-01-01T00:14:29,28.43,60.15,1011.86,0,none
N06,2026-01-01T00:14:29,24.53,50.44,1000.92,1,drift
N07,2026-01-01T00:14:29,29.57,58.98,1011.92,0,none
N08,2026-01-01T00:14:29,29.29,60.68,1010.77,0,none
N09,2026-01-01T00:14:29,22.43,42.52,992.23,1,drift
N10,2026-01-01T00:14:29,29.0,65.01,1013.2,1,drift
N01,2026-01-01T00:14:30,29.4,59.47,1010.63,0,none
N02,2026-01-01T00:14:30,28.56,63.63,1012.71,1,stuck
N03,2026-01-01T00:14:30,24.26,47.08,997.76,1,drift
N04,2026-01-01T00:14:30,28.09,59.64,1011.73,0,none
N05,2026-01-01T00:14:30,28.03,59.97,1011.92,0,none
N06,2026-01-01T00:14:30,24.05,48.64,999.62,1,drift
N07,2026-01-01T00:14:30,29.88,59.68,1012.09,0,none
N08,2026-01-01T00:14:30,29.24,61.8,1010.68,0,none
N09,2026-01-01T00:14:30,21.88,42.64,991.53,1,drift
N10,2026-01-01T00:14:30,29.41,66.04,1013.88,1,drift
N01,2026-01-01T00:14:31,28.92,59.21,1010.87,0,none
N02,2026-01-01T00:14:31,28.56,63.63,1012.71,1,stuck
N03,2026-01-01T00:14:31,23.82,45.35,997.47,1,drift
N04,2026-01-01T00:14:31,28.16,60.58,1010.76,0,none
N05,2026-01-01T00:14:31,28.11,60.01,1011.43,0,none
N06,2026-01-01T00:14:31,23.92,49.08,999.46,1,drift
N07,2026-01-01T00:14:31,29.4,58.64,1012.14,0,none
N08,2026-01-01T00:14:31,29.27,60.41,1010.05,0,none
N09,2026-01-01T00:14:31,21.83,41.0,990.99,1,drift
N10,2026-01-01T00:14:31,29.48,65.9,1014.45,1,drift
N01,2026-01-01T00:14:32,29.1,58.61,1010.9,0,none
N02,2026-01-01T00:14:32,28.56,63.63,1012.71,1,stuck
N03,2026-01-01T00:14:32,23.56,45.4,996.71,1,drift
N04,2026-01-01T00:14:32,28.29,60.02,1010.96,0,none
N05,2026-01-01T00:14:32,28.23,60.23,1011.6,0,none
N06,2026-01-01T00:14:32,23.72,47.36,998.83,1,drift
N07,2026-01-01T00:14:32,29.45,59.72,1011.87,0,none
N08,2026-01-01T00:14:32,29.48,61.35,1010.53,0,none
N09,2026-01-01T00:14:32,21.46,40.97,990.41,1,drift
N10,2026-01-01T00:14:32,29.66,66.36,1014.93,1,drift
N01,2026-01-01T00:14:33,29.04,59.55,1010.48,0,none
N02,2026-01-01T00:14:33,28.56,63.63,1012.71,1,stuck
N03,2026-01-01T00:14:33,23.26,43.79,995.61,1,drift
N04,2026-01-01T00:14:33,27.98,61.07,1011.33,0,none
N05,2026-01-01T00:14:33,28.1,60.28,1011.45,0,none
N06,2026-01-01T00:14:33,23.65,47.32,997.94,1,drift
N07,2026-01-01T00:14:33,29.53,59.11,1011.84,0,none
N08,2026-01-01T00:14:33,29.21,60.82,1009.58,0,none
N09,2026-01-01T00:14:33,21.41,41.0,989.32,1,drift
N10,2026-01-01T00:14:33,30.04,67.34,1015.67,1,drift
N01,2026-01-01T00:14:34,29.09,58.95,1010.34,0,none
N02,2026-01-01T00:14:34,28.56,63.63,1012.71,1,stuck
N03,2026-01-01T00:14:34,23.17,44.46,995.26,1,drift
N04,2026-01-01T00:14:34,28.08,59.79,1010.68,0,none
N05,2026-01-01T00:14:34,27.93,59.65,1011.44,0,none
N06,2026-01-01T00:14:34,23.25,45.98,997.0,1,drift
N07,2026-01-01T00:14:34,29.39,58.89,1012.22,0,none
N08,2026-01-01T00:14:34,28.7,60.43,1010.19,0,none
N09,2026-01-01T00:14:34,29.41,60.07,1010.41,0,none
N10,2026-01-01T00:14:34,30.09,68.4,1016.47,1,drift
N01,2026-01-01T00:14:35,28.98,59.0,1010.88,0,none
N02,2026-01-01T00:14:35,28.56,63.63,1012.71,1,stuck
N03,2026-01-01T00:14:35,22.85,42.57,995.35,1,drift
N04,2026-01-01T00:14:35,28.16,59.5,1011.36,0,none
N05,2026-01-01T00:14:35,28.13,58.86,1011.24,0,none
N06,2026-01-01T00:14:35,23.0,45.26,996.37,1,drift
N07,2026-01-01T00:14:35,29.46,59.26,1011.81,0,none
N08,2026-01-01T00:14:35,29.31,60.7,1010.43,0,none
N09,2026-01-01T00:14:35,29.85,60.06,1010.0,0,none
N10,2026-01-01T00:14:35,30.33,67.71,1016.43,1,drift
N01,2026-01-01T00:14:36,29.09,58.36,1010.1,0,none
N02,2026-01-01T00:14:36,28.56,63.63,1012.71,1,stuck
N03,2026-01-01T00:14:36,22.03,42.35,994.28,1,drift
N04,2026-01-01T00:14:36,28.21,59.51,1011.22,0,none
N05,2026-01-01T00:14:36,28.03,60.3,1011.83,0,none
N06,2026-01-01T00:14:36,22.64,44.89,995.73,1,drift
N07,2026-01-01T00:14:36,29.46,58.91,1011.98,0,none
N08,2026-01-01T00:14:36,29.03,59.67,1010.48,0,none
N09,2026-01-01T00:14:36,29.56,60.26,1009.41,0,none
N10,2026-01-01T00:14:36,30.46,68.33,1017.25,1,drift
N01,2026-01-01T00:14:37,28.75,58.68,1011.21,0,none
N02,2026-01-01T00:14:37,28.56,63.63,1012.71,1,stuck
N03,2026-01-01T00:14:37,22.16,41.27,993.49,1,drift
N04,2026-01-01T00:14:37,27.87,58.99,1011.18,0,none
N05,2026-01-01T00:14:37,27.62,59.63,1011.37,0,none
N06,2026-01-01T00:14:37,22.18,44.42,995.57,1,drift
N07,2026-01-01T00:14:37,29.43,58.11,1011.75,0,none
N08,2026-01-01T00:14:37,29.18,59.91,1010.12,0,none
N09,2026-01-01T00:14:37,29.67,59.28,1010.41,0,none
N10,2026-01-01T00:14:37,30.35,69.58,1017.84,1,drift
N01,2026-01-01T00:14:38,28.63,58.62,1010.77,0,none
N02,2026-01-01T00:14:38,28.56,63.63,1012.71,1,stuck
N03,2026-01-01T00:14:38,21.8,39.93,993.09,1,drift
N04,2026-01-01T00:14:38,27.92,59.0,1010.67,0,none
N05,2026-01-01T00:14:38,27.49,59.05,1011.32,0,none
N06,2026-01-01T00:14:38,21.69,42.69,995.0,1,drift
N07,2026-01-01T00:14:38,29.12,57.29,1011.7,0,none
N08,2026-01-01T00:14:38,29.15,59.67,1009.99,0,none
N09,2026-01-01T00:14:38,29.59,60.13,1010.2,0,none
N10,2026-01-01T00:14:38,30.89,69.19,1018.5,1,drift
N01,2026-01-01T00:14:39,28.8,57.57,1009.84,0,none
N02,2026-01-01T00:14:39,28.56,63.63,1012.71,1,stuck
N03,2026-01-01T00:14:39,21.46,39.83,991.96,1,drift
N04,2026-01-01T00:14:39,27.52,60.71,1011.24,0,none
N05,2026-01-01T00:14:39,27.63,59.08,1011.71,0,none
N06,2026-01-01T00:14:39,21.74,42.44,994.2,1,drift
N07,2026-01-01T00:14:39,29.09,58.79,1011.47,0,none
N08,2026-01-01T00:14:39,28.86,59.91,1010.43,0,none
N09,2026-01-01T00:14:39,29.32,60.1,1009.61,0,none
N10,2026-01-01T00:14:39,31.07,70.14,1018.52,1,drift
N01,2026-01-01T00:14:40,28.93,59.38,1010.21,0,none
N02,2026-01-01T00:14:40,28.56,63.63,1012.71,1,stuck
N03,2026-01-01T00:14:40,21.44,40.15,991.67,1,drift
N04,2026-01-01T00:14:40,27.74,58.93,1010.7,0,none
N05,2026-01-01T00:14:40,27.83,59.51,1011.46,0,none
N06,2026-01-01T00:14:40,21.22,42.7,993.3,1,drift
N07,2026-01-01T00:14:40,28.96,59.03,1011.63,0,none
N08,2026-01-01T00:14:40,29.05,59.64,1010.22,0,none
N09,2026-01-01T00:14:40,29.16,60.16,1009.87,0,none
N10,2026-01-01T00:14:40,31.36,70.81,1018.73,1,drift
N01,2026-01-01T00:14:41,28.84,59.09,1010.04,0,none
N02,2026-01-01T00:14:41,28.56,63.63,1012.71,1,stuck
N03,2026-01-01T00:14:41,21.04,38.8,990.88,1,drift
N04,2026-01-01T00:14:41,27.6,58.68,1010.88,0,none
N05,2026-01-01T00:14:41,27.79,59.05,1011.57,0,none
N06,2026-01-01T00:14:41,20.95,41.18,993.33,1,drift
N07,2026-01-01T00:14:41,29.12,58.58,1011.55,0,none
N08,2026-01-01T00:14:41,28.9,60.38,1009.78,0,none
N09,2026-01-01T00:14:41,29.36,60.09,1010.02,0,none
N10,2026-01-01T00:14:41,31.33,70.79,1020.23,1,drift
N01,2026-01-01T00:14:42,28.73,57.01,1009.8,0,none
N02,2026-01-01T00:14:42,28.56,63.63,1012.71,1,stuck
N03,2026-01-01T00:14:42,20.65,38.5,990.42,1,drift
N04,2026-01-01T00:14:42,27.84,59.33,1011.37,0,none
N05,2026-01-01T00:14:42,27.68,58.83,1010.65,0,none
N06,2026-01-01T00:14:42,20.77,41.48,992.57,1,drift
N07,2026-01-01T00:14:42,29.11,57.96,1011.37,0,none
N08,2026-01-01T00:14:42,28.89,59.06,1009.89,0,none
N09,2026-01-01T00:14:42,29.23,59.88,1009.52,0,none
N10,2026-01-01T00:14:42,31.72,72.26,1020.67,1,drift
N01,2026-01-01T00:14:43,28.75,58.77,1009.99,0,none
N02,2026-01-01T00:14:43,28.56,63.63,1012.71,1,stuck
N03,2026-01-01T00:14:43,20.46,37.91,989.57,1,drift
N04,2026-01-01T00:14:43,27.44,59.41,1010.77,0,none
N05,2026-01-01T00:14:43,27.6,60.12,1011.37,0,none
N06,2026-01-01T00:14:43,28.53,58.68,1010.99,0,none
N07,2026-01-01T00:14:43,29.12,58.0,1011.39,0,none
N08,2026-01-01T00:14:43,28.58,59.77,1009.94,0,none
N09,2026-01-01T00:14:43,29.16,59.39,1009.93,0,none
N10,2026-01-01T00:14:43,31.8,72.69,1021.07,1,drift
N01,2026-01-01T00:14:44,28.69,58.2,1009.8,0,none
N02,2026-01-01T00:14:44,28.56,63.63,1012.71,1,stuck
N03,2026-01-01T00:14:44,20.25,36.95,989.12,1,drift
N04,2026-01-01T00:14:44,27.64,58.52,1010.54,0,none
N05,2026-01-01T00:14:44,27.62,59.08,1010.79,0,none
N06,2026-01-01T00:14:44,28.68,58.45,1010.85,0,none
N07,2026-01-01T00:14:44,28.81,58.17,1011.67,0,none
N08,2026-01-01T00:14:44,28.66,59.42,1010.02,0,none
N09,2026-01-01T00:14:44,29.26,60.39,1009.86,0,none
N10,2026-01-01T00:14:44,32.1,73.89,1021.91,1,drift
N01,2026-01-01T00:14:45,28.64,57.57,1009.91,0,none
N02,2026-01-01T00:14:45,28.56,63.63,1012.71,1,stuck
N03,2026-01-01T00:14:45,19.8,36.42,988.01,1,drift
N04,2026-01-01T00:14:45,27.18,58.74,1010.0,1,drift
N05,2026-01-01T00:14:45,27.79,58.84,1011.22,0,none
N06,2026-01-01T00:14:45,28.44,60.14,1010.78,1,stuck
N07,2026-01-01T00:14:45,29.11,58.55,1011.58,0,none
N08,2026-01-01T00:14:45,28.67,60.29,1009.45,0,none
N09,2026-01-01T00:14:45,29.41,60.4,1009.5,0,none
N10,2026-01-01T00:14:45,32.4,73.51,1022.1,1,drift
N01,2026-01-01T00:14:46,28.4,58.23,1009.76,0,none
N02,2026-01-01T00:14:46,28.56,63.63,1012.71,1,stuck
N03,2026-01-01T00:14:46,19.63,35.85,987.14,1,drift
N04,2026-01-01T00:14:46,27.07,57.84,1008.9,1,drift
N05,2026-01-01T00:14:46,27.63,59.43,1011.2,0,none
N06,2026-01-01T00:14:46,28.44,60.14,1010.78,1,stuck
N07,2026-01-01T00:14:46,28.87,58.17,1011.51,0,none
N08,2026-01-01T00:14:46,28.73,60.45,1009.83,0,none
N09,2026-01-01T00:14:46,29.21,59.21,1009.46,0,none
N10,2026-01-01T00:14:46,32.57,73.92,1022.43,1,drift
N01,2026-01-01T00:14:47,28.56,58.01,1009.67,0,none
N02,2026-01-01T00:14:47,28.56,63.63,1012.71,1,stuck
N03,2026-01-01T00:14:47,19.32,34.94,986.97,1,drift
N04,2026-01-01T00:14:47,26.89,57.33,1008.46,1,drift
N05,2026-01-01T00:14:47,27.64,58.38,1010.63,0,none
N06,2026-01-01T00:14:47,28.44,60.14,1010.78,1,stuck
N07,2026-01-01T00:14:47,28.94,58.5,1011.03,0,none
N08,2026-01-01T00:14:47,28.73,59.68,1009.79,0,none
N09,2026-01-01T00:14:47,29.04,59.53,1009.28,0,none
N10,2026-01-01T00:14:47,32.82,75.08,1023.03,1,drift
N01,2026-01-01T00:14:48,28.46,58.21,1009.72,0,none
N02,2026-01-01T00:14:48,28.56,63.63,1012.71,1,stuck
N03,2026-01-01T00:14:48,18.97,35.03,986.3,1,drift
N04,2026-01-01T00:14:48,26.4,56.17,1008.4,1,drift
N05,2026-01-01T00:14:48,27.36,59.15,1011.04,0,none
N06,2026-01-01T00:14:48,28.44,60.14,1010.78,1,stuck
N07,2026-01-01T00:14:48,28.84,58.04,1011.28,0,none
N08,2026-01-01T00:14:48,28.73,59.62,1009.51,0,none
N09,2026-01-01T00:14:48,29.39,59.26,1009.84,0,none
N10,2026-01-01T00:14:48,33.01,74.19,1024.24,1,drift
N01,2026-01-01T00:14:49,28.52,58.01,1010.1,0,none
N02,2026-01-01T00:14:49,28.56,63.63,1012.71,1,stuck
N03,2026-01-01T00:14:49,18.93,33.26,985.64,1,drift
N04,2026-01-01T00:14:49,26.27,55.48,1007.29,1,drift
N05,2026-01-01T00:14:49,27.39,57.78,1010.89,0,none
N06,2026-01-01T00:14:49,28.44,60.14,1010.78,1,stuck
N07,2026-01-01T00:14:49,28.85,57.91,1011.34,0,none
N08,2026-01-01T00:14:49,28.83,59.25,1009.41,0,none
N09,2026-01-01T00:14:49,29.05,58.88,1009.51,0,none
N10,2026-01-01T00:14:49,33.02,75.71,1024.63,1,drift
N01,2026-01-01T00:14:50,28.55,57.65,1009.81,0,none
N02,2026-01-01T00:14:50,28.56,63.63,1012.71,1,stuck
N03,2026-01-01T00:14:50,18.54,32.48,985.23,1,drift
N04,2026-01-01T00:14:50,25.76,54.65,1005.9,1,drift
N05,2026-01-01T00:14:50,27.42,58.82,1010.09,0,none
N06,2026-01-01T00:14:50,28.44,60.14,1010.78,1,stuck
N07,2026-01-01T00:14:50,29.02,57.59,1011.12,0,none
N08,2026-01-01T00:14:50,28.75,58.6,1009.27,0,none
N09,2026-01-01T00:14:50,29.26,59.82,1009.48,0,none
N10,2026-01-01T00:14:50,33.46,75.13,1025.19,1,drift
N01,2026-01-01T00:14:51,28.39,56.37,1009.84,0,none
N02,2026-01-01T00:14:51,27.88,61.42,1011.07,0,none
N03,2026-01-01T00:14:51,18.25,32.4,984.59,1,drift
N04,2026-01-01T00:14:51,25.77,53.91,1006.98,1,drift
N05,2026-01-01T00:14:51,27.64,58.92,1010.49,0,none
N06,2026-01-01T00:14:51,28.44,60.14,1010.78,1,stuck
N07,2026-01-01T00:14:51,28.57,56.99,1011.14,0,none
N08,2026-01-01T00:14:51,28.77,58.75,1009.25,0,none
N09,2026-01-01T00:14:51,29.11,59.06,1009.42,0,none
N10,2026-01-01T00:14:51,33.72,76.22,1026.12,1,drift
N01,2026-01-01T00:14:52,28.63,57.97,1010.24,0,none
N02,2026-01-01T00:14:52,27.61,59.95,1010.17,0,none
N03,2026-01-01T00:14:52,17.71,30.8,984.24,1,drift
N04,2026-01-01T00:14:52,25.44,54.31,1005.45,1,drift
N05,2026-01-01T00:14:52,27.41,58.34,1010.89,0,none
N06,2026-01-01T00:14:52,28.44,60.14,1010.78,1,stuck
N07,2026-01-01T00:14:52,28.72,58.36,1011.42,0,none
N08,2026-01-01T00:14:52,28.56,59.0,1009.23,0,none
N09,2026-01-01T00:14:52,29.17,59.55,1009.24,0,none
N10,2026-01-01T00:14:52,34.09,77.82,1026.09,1,drift
N01,2026-01-01T00:14:53,28.89,57.22,1009.73,0,none
N02,2026-01-01T00:14:53,27.51,61.01,1010.39,0,none
N03,2026-01-01T00:14:53,17.79,31.18,983.07,1,drift
N04,2026-01-01T00:14:53,25.29,53.43,1004.99,1,drift
N05,2026-01-01T00:14:53,27.22,58.39,1010.69,0,none
N06,2026-01-01T00:14:53,28.44,60.14,1010.78,1,stuck
N07,2026-01-01T00:14:53,28.85,57.14,1011.01,0,none
N08,2026-01-01T00:14:53,28.75,59.38,1008.88,0,none
N09,2026-01-01T00:14:53,28.94,59.12,1009.69,0,none
N10,2026-01-01T00:14:53,34.26,77.78,1026.82,1,drift
N01,2026-01-01T00:14:54,28.3,58.1,1009.36,0,none
N02,2026-01-01T00:14:54,27.87,61.58,1010.51,0,none
N03,2026-01-01T00:14:54,17.47,30.0,982.63,1,drift
N04,2026-01-01T00:14:54,25.12,52.91,1004.49,1,drift
N05,2026-01-01T00:14:54,27.47,57.41,1010.84,0,none
N06,2026-01-01T00:14:54,28.44,60.14,1010.78,1,stuck
N07,2026-01-01T00:14:54,28.63,57.5,1011.61,0,none
N08,2026-01-01T00:14:54,28.68,59.53,1009.42,0,none
N09,2026-01-01T00:14:54,29.14,59.64,1009.27,0,none
N10,2026-01-01T00:14:54,34.46,77.8,1027.22,1,drift
N01,2026-01-01T00:14:55,28.1,57.9,1009.45,0,none
N02,2026-01-01T00:14:55,27.65,60.67,1010.36,0,none
N03,2026-01-01T00:14:55,17.32,30.0,981.62,1,drift
N04,2026-01-01T00:14:55,24.43,51.35,1003.9,1,drift
N05,2026-01-01T00:14:55,27.31,58.97,1010.43,0,none
N06,2026-01-01T00:14:55,28.44,60.14,1010.78,1,stuck
N07,2026-01-01T00:14:55,28.57,57.25,1010.33,0,none
N08,2026-01-01T00:14:55,28.46,58.72,1009.76,0,none
N09,2026-01-01T00:14:55,29.11,59.62,1009.5,0,none
N10,2026-01-01T00:14:55,34.54,79.75,1027.68,1,drift
N01,2026-01-01T00:14:56,28.52,57.93,1009.59,0,none
N02,2026-01-01T00:14:56,27.44,61.31,1010.84,0,none
N03,2026-01-01T00:14:56,16.89,30.0,981.31,1,drift
N04,2026-01-01T00:14:56,24.11,50.79,1002.54,1,drift
N05,2026-01-01T00:14:56,27.59,57.5,1010.08,0,none
N06,2026-01-01T00:14:56,28.44,60.14,1010.78,1,stuck
N07,2026-01-01T00:14:56,28.64,56.99,1010.64,0,none
N08,2026-01-01T00:14:56,28.25,58.58,1009.21,0,none
N09,2026-01-01T00:14:56,28.73,59.54,1009.44,0,none
N10,2026-01-01T00:14:56,34.83,79.85,1028.24,1,drift
N01,2026-01-01T00:14:57,28.44,57.7,1009.44,0,none
N02,2026-01-01T00:14:57,27.18,61.1,1010.41,0,none
N03,2026-01-01T00:14:57,16.71,30.0,980.6,1,drift
N04,2026-01-01T00:14:57,24.0,50.71,1002.16,1,drift
N05,2026-01-01T00:14:57,27.15,57.86,1010.15,0,none
N06,2026-01-01T00:14:57,28.44,60.14,1010.78,1,stuck
N07,2026-01-01T00:14:57,28.44,58.07,1010.9,0,none
N08,2026-01-01T00:14:57,28.4,59.52,1009.03,0,none
N09,2026-01-01T00:14:57,28.91,59.01,1009.61,0,none
N10,2026-01-01T00:14:57,35.15,80.67,1028.75,1,drift
N01,2026-01-01T00:14:58,27.95,57.39,1010.15,0,none
N02,2026-01-01T00:14:58,27.51,61.76,1010.67,0,none
N03,2026-01-01T00:14:58,16.27,30.0,980.02,1,drift
N04,2026-01-01T00:14:58,23.59,50.86,1001.79,1,drift
N05,2026-01-01T00:14:58,27.22,58.72,1010.93,0,none
N06,2026-01-01T00:14:58,28.44,60.14,1010.78,1,stuck
N07,2026-01-01T00:14:58,28.44,56.82,1011.03,0,none
N08,2026-01-01T00:14:58,28.35,59.26,1009.14,0,none
N09,2026-01-01T00:14:58,28.88,59.62,1009.09,0,none
N10,2026-01-01T00:14:58,35.18,81.77,1029.57,1,drift
N01,2026-01-01T00:14:59,28.32,57.09,1009.94,0,none
N02,2026-01-01T00:14:59,27.4,60.78,1010.26,0,none
N03,2026-01-01T00:14:59,28.76,58.13,1009.98,0,none
N04,2026-01-01T00:14:59,23.47,49.87,1001.23,1,drift
N05,2026-01-01T00:14:59,27.38,58.49,1010.61,0,none
N06,2026-01-01T00:14:59,28.44,60.14,1010.78,1,stuck
N07,2026-01-01T00:14:59,28.57,56.97,1011.56,0,none
N08,2026-01-01T00:14:59,28.37,57.91,1009.38,0,none
N09,2026-01-01T00:14:59,28.8,58.22,1009.59,0,none
N10,2026-01-01T00:14:59,35.45,81.74,1029.61,1,drift
N01,2026-01-01T00:15:00,28.61,57.02,1009.39,0,none
N02,2026-01-01T00:15:00,27.68,60.92,1010.68,0,none
N03,2026-01-01T00:15:00,28.81,56.65,1010.65,0,none
N04,2026-01-01T00:15:00,23.41,49.24,1001.14,1,drift
N05,2026-01-01T00:15:00,27.22,58.55,1010.48,0,none
N06,2026-01-01T00:15:00,28.44,60.14,1010.78,1,stuck
N07,2026-01-01T00:15:00,28.57,58.09,1010.65,0,none
N08,2026-01-01T00:15:00,28.42,58.44,1009.53,0,none
N09,2026-01-01T00:15:00,28.77,58.36,1008.67,0,none
N10,2026-01-01T00:15:00,35.6,82.69,1030.66,1,drift
N01,2026-01-01T00:15:01,28.1,57.07,1009.64,0,none
N02,2026-01-01T00:15:01,27.52,60.63,1011.04,0,none
N03,2026-01-01T00:15:01,28.56,57.04,1010.01,0,none
N04,2026-01-01T00:15:01,22.92,47.6,999.67,1,drift
N05,2026-01-01T00:15:01,27.03,58.53,1010.27,0,none
N06,2026-01-01T00:15:01,28.44,60.14,1010.78,1,stuck
N07,2026-01-01T00:15:01,28.81,56.83,1011.51,0,none
N08,2026-01-01T00:15:01,28.39,59.06,1009.28,0,none
N09,2026-01-01T00:15:01,28.97,57.66,1009.1,0,none
N10,2026-01-01T00:15:01,36.23,81.77,1031.31,1,drift
N01,2026-01-01T00:15:02,28.36,56.31,1009.48,0,none
N02,2026-01-01T00:15:02,27.76,60.51,1011.05,0,none
N03,2026-01-01T00:15:02,28.6,57.06,1009.57,0,none
N04,2026-01-01T00:15:02,22.67,46.74,999.58,1,drift
N05,2026-01-01T00:15:02,27.19,58.13,1010.57,0,none
N06,2026-01-01T00:15:02,28.44,60.14,1010.78,1,stuck
N07,2026-01-01T00:15:02,28.44,57.38,1011.32,0,none
N08,2026-01-01T00:15:02,28.21,58.42,1009.42,0,none
N09,2026-01-01T00:15:02,28.5,57.93,1009.11,0,none
N10,2026-01-01T00:15:02,36.3,83.31,1032.09,1,drift
N01,2026-01-01T00:15:03,28.14,56.8,1009.85,0,none
N02,2026-01-01T00:15:03,27.59,59.87,1011.0,0,none
N03,2026-01-01T00:15:03,28.68,57.21,1009.93,0,none
N04,2026-01-01T00:15:03,22.34,45.47,999.02,1,drift
N05,2026-01-01T00:15:03,26.98,57.51,1010.3,0,none
N06,2026-01-01T00:15:03,28.44,60.14,1010.78,1,stuck
N07,2026-01-01T00:15:03,28.24,56.74,1010.96,0,none
N08,2026-01-01T00:15:03,28.31,58.69,1009.1,0,none
N09,2026-01-01T00:15:03,28.66,58.72,1008.91,0,none
N10,2026-01-01T00:15:03,36.31,83.47,1032.88,1,drift
N01,2026-01-01T00:15:04,28.32,56.38,1009.23,0,none
N02,2026-01-01T00:15:04,27.39,59.92,1010.88,0,none
N03,2026-01-01T00:15:04,28.47,56.78,1009.94,0,none
N04,2026-01-01T00:15:04,21.95,46.44,997.94,1,drift
N05,2026-01-01T00:15:04,27.21,56.87,1010.2,0,none
N06,2026-01-01T00:15:04,28.44,60.14,1010.78,1,stuck
N07,2026-01-01T00:15:04,28.6,56.93,1010.49,0,none
N08,2026-01-01T00:15:04,28.29,58.54,1008.72,0,none
N09,2026-01-01T00:15:04,28.76,58.71,1008.95,0,none
N10,2026-01-01T00:15:04,36.63,84.09,1033.33,1,drift
N01,2026-01-01T00:15:05,28.21,56.62,1009.14,0,none
N02,2026-01-01T00:15:05,27.49,60.39,1010.3,0,none
N03,2026-01-01T00:15:05,28.54,57.33,1010.07,0,none
N04,2026-01-01T00:15:05,21.71,45.61,997.07,1,drift
N05,2026-01-01T00:15:05,27.12,57.92,1009.89,0,none
N06,2026-01-01T00:15:05,28.44,60.14,1010.78,1,stuck
N07,2026-01-01T00:15:05,28.35,56.69,1010.63,0,none
N08,2026-01-01T00:15:05,28.27,58.23,1009.08,0,none
N09,2026-01-01T00:15:05,28.65,59.42,1009.61,0,none
N10,2026-01-01T00:15:05,36.83,84.4,1034.37,1,drift
N01,2026-01-01T00:15:06,28.11,57.46,1009.01,0,none
N02,2026-01-01T00:15:06,27.2,59.37,1010.23,0,none
N03,2026-01-01T00:15:06,28.82,57.76,1009.67,0,none
N04,2026-01-01T00:15:06,21.54,45.34,996.49,1,drift
N05,2026-01-01T00:15:06,26.85,57.39,1009.95,0,none
N06,2026-01-01T00:15:06,28.44,60.14,1010.78,1,stuck
N07,2026-01-01T00:15:06,28.3,56.53,1010.3,0,none
N08,2026-01-01T00:15:06,27.41,48.12,1014.51,1,spoof
N09,2026-01-01T00:15:06,28.76,58.53,1009.01,0,none
N10,2026-01-01T00:15:06,27.05,61.14,1010.36,0,none
N01,2026-01-01T00:15:07,28.27,57.02,1009.27,0,none
N02,2026-01-01T00:15:07,27.09,60.02,1010.0,0,none
N03,2026-01-01T00:15:07,28.73,57.44,1009.4,0,none
N04,2026-01-01T00:15:07,21.1,43.94,995.8,1,drift
N05,2026-01-01T00:15:07,26.85,57.61,1010.57,0,none
N06,2026-01-01T00:15:07,28.44,60.14,1010.78,1,stuck
N07,2026-01-01T00:15:07,28.42,56.69,1010.03,0,none
N08,2026-01-01T00:15:07,19.35,49.74,1022.37,1,spoof
N09,2026-01-01T00:15:07,28.57,58.92,1009.14,0,none
N10,2026-01-01T00:15:07,26.94,61.39,1009.62,0,none
N01,2026-01-01T00:15:08,27.97,57.98,1008.66,0,none
N02,2026-01-01T00:15:08,27.2,59.61,1010.52,0,none
N03,2026-01-01T00:15:08,28.66,56.22,1009.38,0,none
N04,2026-01-01T00:15:08,20.61,42.49,995.41,1,drift
N05,2026-01-01T00:15:08,26.75,56.74,1010.67,0,none
N06,2026-01-01T00:15:08,28.44,60.14,1010.78,1,stuck
N07,2026-01-01T00:15:08,28.09,55.86,1010.73,0,none
N08,2026-01-01T00:15:08,37.16,81.06,1018.7,1,spoof
N09,2026-01-01T00:15:08,22.27,35.53,983.32,1,spike
N10,2026-01-01T00:15:08,26.94,61.22,1010.03,0,none
N01,2026-01-01T00:15:09,27.96,57.05,1008.93,0,none
N02,2026-01-01T00:15:09,27.39,59.5,1010.6,0,none
N03,2026-01-01T00:15:09,28.38,56.67,1009.2,0,none
N04,2026-01-01T00:15:09,20.58,43.29,994.73,1,drift
N05,2026-01-01T00:15:09,27.09,58.01,1009.9,0,none
N06,2026-01-01T00:15:09,28.44,60.14,1010.78,1,stuck
N07,2026-01-01T00:15:09,28.17,57.29,1010.55,0,none
N08,2026-01-01T00:15:09,15.31,57.92,1025.51,1,spoof
N09,2026-01-01T00:15:09,21.23,34.6,987.51,1,spike
N10,2026-01-01T00:15:09,27.01,60.94,1009.56,0,none
N01,2026-01-01T00:15:10,28.0,56.59,1009.13,0,none
N02,2026-01-01T00:15:10,26.99,60.19,1009.98,0,none
N03,2026-01-01T00:15:10,28.12,57.3,1008.98,0,none
N04,2026-01-01T00:15:10,20.22,41.9,994.12,1,drift
N05,2026-01-01T00:15:10,26.82,57.63,1010.2,0,none
N06,2026-01-01T00:15:10,28.44,60.14,1010.78,1,stuck
N07,2026-01-01T00:15:10,28.06,56.47,1010.4,0,none
N08,2026-01-01T00:15:10,38.66,43.39,1017.61,1,spoof
N09,2026-01-01T00:15:10,18.69,41.32,993.48,1,spike
N10,2026-01-01T00:15:10,27.31,60.72,1010.19,0,none
N01,2026-01-01T00:15:11,27.77,56.75,1009.34,0,none
N02,2026-01-01T00:15:11,27.05,60.17,1009.89,0,none
N03,2026-01-01T00:15:11,28.54,58.08,1009.21,0,none
N04,2026-01-01T00:15:11,19.84,41.3,993.44,1,drift
N05,2026-01-01T00:15:11,26.65,57.94,1009.71,0,none
N06,2026-01-01T00:15:11,28.44,60.14,1010.78,1,stuck
N07,2026-01-01T00:15:11,28.47,56.71,1010.11,0,none
N08,2026-01-01T00:15:11,18.81,64.5,986.98,1,spoof
N09,2026-01-01T00:15:11,21.6,39.37,990.29,1,spike
N10,2026-01-01T00:15:11,27.09,60.2,1009.57,0,none
N01,2026-01-01T00:15:12,27.71,57.39,1009.16,0,none
N02,2026-01-01T00:15:12,27.21,59.83,1009.75,0,none
N03,2026-01-01T00:15:12,28.64,56.44,1009.34,0,none
N04,2026-01-01T00:15:12,19.8,40.61,992.11,1,drift
N05,2026-01-01T00:15:12,26.77,57.32,1009.92,0,none
N06,2026-01-01T00:15:12,28.44,60.14,1010.78,1,stuck
N07,2026-01-01T00:15:12,27.98,56.66,1009.91,0,none
N08,2026-01-01T00:15:12,16.71,47.54,999.09,1,spoof
N09,2026-01-01T00:15:12,19.72,36.62,985.87,1,spike
N10,2026-01-01T00:15:12,26.76,60.83,1010.08,0,none
N01,2026-01-01T00:15:13,27.58,56.59,1009.13,0,none
N02,2026-01-01T00:15:13,27.12,59.28,1010.13,0,none
N03,2026-01-01T00:15:13,28.02,56.68,1009.02,0,none
N04,2026-01-01T00:15:13,19.44,40.84,992.15,1,drift
N05,2026-01-01T00:15:13,26.78,57.33,1010.04,0,none
N06,2026-01-01T00:15:13,28.44,60.14,1010.78,1,stuck
N07,2026-01-01T00:15:13,28.02,55.45,1010.18,0,none
N08,2026-01-01T00:15:13,36.62,57.32,988.77,1,spoof
N09,2026-01-01T00:15:13,28.03,58.37,1008.35,0,none
N10,2026-01-01T00:15:13,26.72,60.0,1009.27,0,none
N01,2026-01-01T00:15:14,27.61,55.79,1008.95,0,none
N02,2026-01-01T00:15:14,27.03,59.77,1009.69,0,none
N03,2026-01-01T00:15:14,28.38,55.93,1009.82,0,none
N04,2026-01-01T00:15:14,19.53,39.04,991.55,1,drift
N05,2026-01-01T00:15:14,26.72,56.47,1009.5,0,none
N06,2026-01-01T00:15:14,28.44,60.14,1010.78,1,stuck
N07,2026-01-01T00:15:14,28.04,55.55,1010.02,0,none
N08,2026-01-01T00:15:14,30.51,40.88,987.21,1,spoof
N09,2026-01-01T00:15:14,28.56,58.17,1008.06,0,none
N10,2026-01-01T00:15:14,26.7,59.89,1009.88,0,none
N01,2026-01-01T00:15:15,27.81,56.05,1008.78,0,none
N02,2026-01-01T00:15:15,27.25,59.11,1009.99,0,none
N03,2026-01-01T00:15:15,28.39,56.11,1009.28,0,none
N04,2026-01-01T00:15:15,19.05,38.08,990.46,1,drift
N05,2026-01-01T00:15:15,26.85,56.37,1009.68,0,none
N06,2026-01-01T00:15:15,28.44,60.14,1010.78,1,stuck
N07,2026-01-01T00:15:15,28.11,56.68,1010.21,0,none
N08,2026-01-01T00:15:15,21.36,60.16,1030.34,1,spoof
N09,2026-01-01T00:15:15,28.32,56.72,1008.56,0,none
N10,2026-01-01T00:15:15,26.86,59.39,1009.68,0,none
N01,2026-01-01T00:15:16,27.97,55.71,1008.76,0,none
N02,2026-01-01T00:15:16,27.03,57.99,1009.77,0,none
N03,2026-01-01T00:15:16,28.39,56.05,1009.52,0,none
N04,2026-01-01T00:15:16,18.71,37.41,990.86,1,drift
N05,2026-01-01T00:15:16,26.81,56.55,1009.67,0,none
N06,2026-01-01T00:15:16,28.44,60.14,1010.78,1,stuck
N07,2026-01-01T00:15:16,28.06,56.0,1010.16,0,none
N08,2026-01-01T00:15:16,36.63,43.34,1003.34,1,spoof
N09,2026-01-01T00:15:16,28.35,57.44,1008.76,0,none
N10,2026-01-01T00:15:16,26.9,60.26,1009.38,0,none
N01,2026-01-01T00:15:17,27.5,56.08,1008.23,0,none
N02,2026-01-01T00:15:17,26.88,59.61,1009.28,0,none
N03,2026-01-01T00:15:17,28.13,56.41,1008.69,0,none
N04,2026-01-01T00:15:17,18.56,36.93,989.48,1,drift
N05,2026-01-01T00:15:17,26.7,57.23,1010.03,0,none
N06,2026-01-01T00:15:17,28.44,60.14,1010.78,1,stuck
N07,2026-01-01T00:15:17,27.98,55.86,1010.58,0,none
N08,2026-01-01T00:15:17,15.62,32.22,1026.94,1,spoof
N09,2026-01-01T00:15:17,28.2,56.9,1008.77,0,none
N10,2026-01-01T00:15:17,26.65,59.52,1009.46,0,none
N01,2026-01-01T00:15:18,27.54,55.39,1009.12,0,none
N02,2026-01-01T00:15:18,26.68,60.24,1009.8,0,none
N03,2026-01-01T00:15:18,28.09,57.48,1009.09,0,none
N04,2026-01-01T00:15:18,26.7,56.75,1009.52,0,none
N05,2026-01-01T00:15:18,26.54,56.87,1009.48,0,none
N06,2026-01-01T00:15:18,28.44,60.14,1010.78,1,stuck
N07,2026-01-01T00:15:18,27.8,55.87,1010.29,0,none
N08,2026-01-01T00:15:18,27.76,57.14,1008.47,0,none
N09,2026-01-01T00:15:18,27.99,57.44,1009.19,0,none
N10,2026-01-01T00:15:18,26.53,59.89,1009.54,0,none
N01,2026-01-01T00:15:19,27.55,55.66,1008.69,0,none
N02,2026-01-01T00:15:19,26.7,59.88,1009.79,0,none
N03,2026-01-01T00:15:19,27.91,57.16,1008.78,0,none
N04,2026-01-01T00:15:19,26.47,56.88,1008.76,0,none
N05,2026-01-01T00:15:19,26.53,56.87,1009.33,0,none
N06,2026-01-01T00:15:19,28.44,60.14,1010.78,1,stuck
N07,2026-01-01T00:15:19,28.1,56.13,1010.0,0,none
N08,2026-01-01T00:15:19,27.7,56.68,1008.32,0,none
N09,2026-01-01T00:15:19,27.98,56.52,1008.02,0,none
N10,2026-01-01T00:15:19,26.71,59.99,1009.15,0,none
N01,2026-01-01T00:15:20,27.24,55.43,1008.32,0,none
N02,2026-01-01T00:15:20,26.78,59.79,1009.77,0,none
N03,2026-01-01T00:15:20,28.18,57.24,1008.91,0,none
N04,2026-01-01T00:15:20,26.36,55.79,1008.76,0,none
N05,2026-01-01T00:15:20,26.44,57.51,1009.31,0,none
N06,2026-01-01T00:15:20,28.44,60.14,1010.78,1,stuck
N07,2026-01-01T00:15:20,27.84,55.13,1010.08,0,none
N08,2026-01-01T00:15:20,27.63,57.6,1008.74,0,none
N09,2026-01-01T00:15:20,28.09,57.63,1008.4,0,none
N10,2026-01-01T00:15:20,26.47,59.32,1009.58,0,none
N01,2026-01-01T00:15:21,27.73,56.56,1008.87,0,none
N02,2026-01-01T00:15:21,26.78,58.89,1010.05,0,none
N03,2026-01-01T00:15:21,27.88,56.28,1008.98,0,none
N04,2026-01-01T00:15:21,26.43,56.9,1009.57,0,none
N05,2026-01-01T00:15:21,26.24,57.17,1010.08,0,none
N06,2026-01-01T00:15:21,28.44,60.14,1010.78,1,stuck
N07,2026-01-01T00:15:21,27.81,55.47,1009.5,0,none
N08,2026-01-01T00:15:21,27.68,57.3,1008.14,0,none
N09,2026-01-01T00:15:21,27.94,57.24,1008.9,0,none
N10,2026-01-01T00:15:21,26.68,60.42,1009.05,0,none
N01,2026-01-01T00:15:22,27.8,55.2,1008.34,0,none
N02,2026-01-01T00:15:22,26.37,59.35,1009.75,0,none
N03,2026-01-01T00:15:22,28.07,55.86,1009.05,0,none
N04,2026-01-01T00:15:22,26.44,56.71,1008.76,0,none
N05,2026-01-01T00:15:22,26.54,56.56,1009.46,0,none
N06,2026-01-01T00:15:22,28.44,60.14,1010.78,1,stuck
N07,2026-01-01T00:15:22,27.66,54.98,1010.11,0,none
N08,2026-01-01T00:15:22,27.78,57.59,1008.14,0,none
N09,2026-01-01T00:15:22,21.09,37.57,983.19,1,spike
N10,2026-01-01T00:15:22,26.79,58.83,1009.46,0,none
N01,2026-01-01T00:15:23,27.65,55.37,1008.76,0,none
N02,2026-01-01T00:15:23,26.8,59.06,1009.45,0,none
N03,2026-01-01T00:15:23,27.7,55.27,1008.9,0,none
N04,2026-01-01T00:15:23,26.35,56.55,1009.17,0,none
N05,2026-01-01T00:15:23,26.13,56.95,1008.94,0,none
N06,2026-01-01T00:15:23,28.44,60.14,1010.78,1,stuck
N07,2026-01-01T00:15:23,27.99,55.48,1009.57,0,none
N08,2026-01-01T00:15:23,27.78,58.03,1008.62,0,none
N09,2026-01-01T00:15:23,18.91,38.76,992.95,1,spike
N10,2026-01-01T00:15:23,26.3,59.86,1009.49,0,none
N01,2026-01-01T00:15:24,27.46,55.26,1008.97,0,none
N02,2026-01-01T00:15:24,36.11,74.6,1026.45,1,spike
N03,2026-01-01T00:15:24,27.67,56.27,1008.8,0,none
N04,2026-01-01T00:15:24,26.31,57.13,1008.89,0,none
N05,2026-01-01T00:15:24,26.38,56.6,1009.39,0,none
N06,2026-01-01T00:15:24,27.34,56.36,1009.29,0,none
N07,2026-01-01T00:15:24,28.05,55.48,1009.22,0,none
N08,2026-01-01T00:15:24,27.68,57.7,1008.16,0,none
N09,2026-01-01T00:15:24,20.31,37.89,992.83,1,spike
N10,2026-01-01T00:15:24,26.37,59.38,1009.03,0,none
N01,2026-01-01T00:15:25,27.69,55.23,1008.93,0,none
N02,2026-01-01T00:15:25,32.88,84.68,1030.75,1,spike
N03,2026-01-01T00:15:25,28.05,55.74,1009.13,0,none
N04,2026-01-01T00:15:25,26.37,56.16,1009.38,0,none
N05,2026-01-01T00:15:25,26.22,56.63,1009.38,0,none
N06,2026-01-01T00:15:25,27.22,55.99,1009.35,0,none
N07,2026-01-01T00:15:25,27.77,55.05,1009.98,0,none
N08,2026-01-01T00:15:25,27.42,57.53,1008.64,0,none
N09,2026-01-01T00:15:25,18.36,41.33,982.71,1,spike
N10,2026-01-01T00:15:25,26.73,59.54,1008.79,0,none
N01,2026-01-01T00:15:26,27.34,55.44,1007.97,0,none
N02,2026-01-01T00:15:26,37.7,77.95,1034.93,1,spike
N03,2026-01-01T00:15:26,28.13,56.3,1009.67,0,none
N04,2026-01-01T00:15:26,26.39,56.76,1009.06,0,none
N05,2026-01-01T00:15:26,26.18,55.58,1009.62,0,none
N06,2026-01-01T00:15:26,26.87,56.29,1009.25,0,none
N07,2026-01-01T00:15:26,27.45,55.1,1010.33,0,none
N08,2026-01-01T00:15:26,27.55,56.71,1008.04,0,none
N09,2026-01-01T00:15:26,27.81,56.57,1007.68,0,none
N10,2026-01-01T00:15:26,26.62,59.05,1009.2,0,none
N01,2026-01-01T00:15:27,27.38,54.88,1008.05,0,none
N02,2026-01-01T00:15:27,33.03,77.97,1029.82,1,spike
N03,2026-01-01T00:15:27,27.81,55.29,1009.28,0,none
N04,2026-01-01T00:15:27,26.35,55.74,1009.11,0,none
N05,2026-01-01T00:15:27,26.37,55.71,1009.36,0,none
N06,2026-01-01T00:15:27,27.13,57.57,1009.34,0,none
N07,2026-01-01T00:15:27,27.88,55.53,1009.67,0,none
N08,2026-01-01T00:15:27,27.59,57.13,1008.63,0,none
N09,2026-01-01T00:15:27,27.88,56.87,1007.72,0,none
N10,2026-01-01T00:15:27,26.24,58.95,1009.16,0,none
N01,2026-01-01T00:15:28,27.09,55.82,1008.52,0,none
N02,2026-01-01T00:15:28,36.97,86.64,1027.06,1,spike
N03,2026-01-01T00:15:28,27.77,55.64,1009.54,0,none
N04,2026-01-01T00:15:28,26.17,57.05,1009.21,0,none
N05,2026-01-01T00:15:28,26.25,56.13,1009.37,0,none
N06,2026-01-01T00:15:28,27.25,57.45,1008.63,0,none
N07,2026-01-01T00:15:28,27.62,55.26,1009.19,0,none
N08,2026-01-01T00:15:28,27.68,56.44,1007.93,0,none
N09,2026-01-01T00:15:28,27.99,57.08,1007.69,0,none
N10,2026-01-01T00:15:28,26.15,59.39,1009.22,0,none
N01,2026-01-01T00:15:29,27.45,55.05,1008.56,0,none
N02,2026-01-01T00:15:29,26.77,59.4,1009.39,0,none
N03,2026-01-01T00:15:29,27.85,55.59,1008.45,0,none
N04,2026-01-01T00:15:29,26.09,55.6,1008.97,0,none
N05,2026-01-01T00:15:29,25.91,55.72,1009.52,0,none
N06,2026-01-01T00:15:29,27.13,56.01,1009.21,0,none
N07,2026-01-01T00:15:29,27.64,54.9,1009.13,0,none
N08,2026-01-01T00:15:29,27.27,57.61,1008.09,0,none
N09,2026-01-01T00:15:29,27.76,57.15,1008.01,0,none
N10,2026-01-01T00:15:29,26.42,58.7,1009.48,0,none
N01,2026-01-01T00:15:30,27.35,54.9,1008.68,0,none
N02,2026-01-01T00:15:30,26.92,59.99,1009.29,0,none
N03,2026-01-01T00:15:30,27.61,55.46,1008.89,0,none
N04,2026-01-01T00:15:30,26.35,55.47,1008.78,0,none
N05,2026-01-01T00:15:30,26.07,55.84,1009.43,0,none
N06,2026-01-01T00:15:30,27.37,56.56,1009.18,0,none
N07,2026-01-01T00:15:30,27.9,55.63,1009.34,0,none
N08,2026-01-01T00:15:30,27.46,56.81,1008.21,0,none
N09,2026-01-01T00:15:30,27.63,56.48,1008.05,0,none
N10,2026-01-01T00:15:30,26.14,59.26,1009.03,0,none
N01,2026-01-01T00:15:31,26.91,54.36,1008.04,0,none
N02,2026-01-01T00:15:31,26.51,58.35,1009.76,0,none
N03,2026-01-01T00:15:31,27.57,55.89,1008.57,0,none
N04,2026-01-01T00:15:31,26.11,57.19,1008.67,0,none
N05,2026-01-01T00:15:31,26.02,55.81,1009.41,0,none
N06,2026-01-01T00:15:31,26.97,56.38,1008.88,0,none
N07,2026-01-01T00:15:31,27.44,55.55,1009.74,0,none
N08,2026-01-01T00:15:31,27.18,57.07,1008.23,0,none
N09,2026-01-01T00:15:31,27.73,56.74,1007.49,0,none
N10,2026-01-01T00:15:31,18.98,39.5,992.26,1,spike
N01,2026-01-01T00:15:32,27.1,55.32,1008.03,0,none
N02,2026-01-01T00:15:32,26.51,57.83,1009.29,0,none
N03,2026-01-01T00:15:32,27.79,55.12,1008.34,0,none
N04,2026-01-01T00:15:32,25.93,56.98,1009.19,0,none
N05,2026-01-01T00:15:32,26.06,55.46,1008.63,0,none
N06,2026-01-01T00:15:32,27.03,55.93,1009.55,0,none
N07,2026-01-01T00:15:32,27.23,55.28,1009.0,0,none
N08,2026-01-01T00:15:32,27.25,57.46,1008.18,0,none
N09,2026-01-01T00:15:32,27.63,56.51,1007.68,0,none
N10,2026-01-01T00:15:32,17.47,43.49,983.72,1,spike
N01,2026-01-01T00:15:33,27.11,54.56,1007.62,0,none
N02,2026-01-01T00:15:33,26.55,59.63,1009.3,0,none
N03,2026-01-01T00:15:33,27.74,55.18,1008.39,0,none
N04,2026-01-01T00:15:33,25.95,56.53,1009.19,0,none
N05,2026-01-01T00:15:33,26.22,56.37,1009.57,0,none
N06,2026-01-01T00:15:33,27.06,55.94,1009.4,0,none
N07,2026-01-01T00:15:33,37.54,59.3,1003.25,1,spoof
N08,2026-01-01T00:15:33,27.2,56.77,1008.58,0,none
N09,2026-01-01T00:15:33,27.62,55.91,1007.89,0,none
N10,2026-01-01T00:15:33,15.68,32.77,987.27,1,spike
N01,2026-01-01T00:15:34,27.12,55.65,1007.6,0,none
N02,2026-01-01T00:15:34,26.35,58.37,1008.4,0,none
N03,2026-01-01T00:15:34,27.54,55.68,1008.15,0,none
N04,2026-01-01T00:15:34,25.97,55.74,1009.01,0,none
N05,2026-01-01T00:15:34,26.14,56.99,1008.62,0,none
N06,2026-01-01T00:15:34,26.96,55.67,1009.16,0,none
N07,2026-01-01T00:15:34,22.24,44.76,994.36,1,spoof
N08,2026-01-01T00:15:34,27.48,57.46,1007.91,0,none
N09,2026-01-01T00:15:34,27.46,56.57,1007.51,0,none
N10,2026-01-01T00:15:34,18.26,34.68,989.31,1,spike
N01,2026-01-01T00:15:35,27.05,55.09,1008.21,0,none
N02,2026-01-01T00:15:35,26.35,58.38,1009.28,0,none
N03,2026-01-01T00:15:35,27.61,55.02,1008.52,0,none
N04,2026-01-01T00:15:35,26.07,56.35,1008.72,0,none
N05,2026-01-01T00:15:35,25.81,55.25,1008.93,0,none
N06,2026-01-01T00:15:35,26.98,55.48,1009.33,0,none
N07,2026-01-01T00:15:35,28.94,40.61,1025.49,1,spoof
N08,2026-01-01T00:15:35,27.16,57.23,1007.45,0,none
N09,2026-01-01T00:15:35,27.72,56.25,1008.21,0,none
N10,2026-01-01T00:15:35,16.05,39.07,993.46,1,spike
N01,2026-01-01T00:15:36,26.8,55.35,1007.85,0,none
N02,2026-01-01T00:15:36,26.23,58.66,1008.82,0,none
N03,2026-01-01T00:15:36,27.45,55.04,1008.96,0,none
N04,2026-01-01T00:15:36,25.91,55.24,1008.71,0,none
N05,2026-01-01T00:15:36,25.84,55.64,1008.83,0,none
N06,2026-01-01T00:15:36,26.7,55.24,1008.98,0,none
N07,2026-01-01T00:15:36,35.45,67.91,1032.02,1,spoof
N08,2026-01-01T00:15:36,27.18,55.96,1008.11,0,none
N09,2026-01-01T00:15:36,27.54,56.09,1007.76,0,none
N10,2026-01-01T00:15:36,15.97,34.14,987.07,1,spike
N01,2026-01-01T00:15:37,27.15,54.69,1008.1,0,none
N02,2026-01-01T00:15:37,26.16,58.06,1008.81,0,none
N03,2026-01-01T00:15:37,27.46,54.71,1008.37,0,none
N04,2026-01-01T00:15:37,25.75,55.63,1008.61,0,none
N05,2026-01-01T00:15:37,25.69,55.66,1009.13,0,none
N06,2026-01-01T00:15:37,26.61,54.78,1008.76,0,none
N07,2026-01-01T00:15:37,32.61,59.5,1023.95,1,spoof
N08,2026-01-01T00:15:37,27.18,55.67,1008.11,0,none
N09,2026-01-01T00:15:37,27.54,55.98,1007.95,0,none
N10,2026-01-01T00:15:37,25.85,58.7,1008.75,0,none
N01,2026-01-01T00:15:38,26.79,54.43,1007.99,0,none
N02,2026-01-01T00:15:38,26.15,57.1,1008.95,0,none
N03,2026-01-01T00:15:38,27.48,54.31,1008.51,0,none
N04,2026-01-01T00:15:38,26.04,55.35,1008.48,0,none
N05,2026-01-01T00:15:38,25.87,55.74,1008.74,0,none
N06,2026-01-01T00:15:38,27.01,54.66,1008.69,0,none
N07,2026-01-01T00:15:38,36.1,89.91,993.38,1,spoof
N08,2026-01-01T00:15:38,26.9,56.82,1007.6,0,none
N09,2026-01-01T00:15:38,27.66,56.82,1007.47,0,none
N10,2026-01-01T00:15:38,26.15,58.42,1008.9,0,none
N01,2026-01-01T00:15:39,26.8,54.81,1007.53,0,none
N02,2026-01-01T00:15:39,26.07,57.59,1008.44,0,none
N03,2026-01-01T00:15:39,27.46,55.16,1008.36,0,none
N04,2026-01-01T00:15:39,25.64,55.69,1008.49,0,none
N05,2026-01-01T00:15:39,25.68,55.5,1008.55,0,none
N06,2026-01-01T00:15:39,26.52,54.45,1008.39,0,none
N07,2026-01-01T00:15:39,39.62,33.03,1011.19,1,spoof
N08,2026-01-01T00:15:39,26.91,55.35,1008.14,0,none
N09,2026-01-01T00:15:39,27.5,55.95,1007.76,0,none
N10,2026-01-01T00:15:39,26.0,58.33,1009.25,0,none
N01,2026-01-01T00:15:40,26.73,55.34,1008.05,0,none
N02,2026-01-01T00:15:40,25.91,57.55,1008.86,0,none
N03,2026-01-01T00:15:40,27.19,55.19,1007.89,0,none
N04,2026-01-01T00:15:40,25.7,54.9,1008.83,0,none
N05,2026-01-01T00:15:40,25.99,55.45,1008.39,0,none
N06,2026-01-01T00:15:40,26.65,55.12,1008.5,0,none
N07,2026-01-01T00:15:40,32.1,55.31,984.81,1,spoof
N08,2026-01-01T00:15:40,27.06,56.5,1007.27,0,none
N09,2026-01-01T00:15:40,27.18,56.82,1007.69,0,none
N10,2026-01-01T00:15:40,25.75,58.96,1008.33,0,none
N01,2026-01-01T00:15:41,26.68,53.39,1007.45,0,none
N02,2026-01-01T00:15:41,26.12,58.12,1008.47,0,none
N03,2026-01-01T00:15:41,27.04,54.87,1008.28,0,none
N04,2026-01-01T00:15:41,25.69,56.29,1008.21,0,none
N05,2026-01-01T00:15:41,25.82,55.48,1008.67,0,none
N06,2026-01-01T00:15:41,26.62,55.32,1008.51,0,none
N07,2026-01-01T00:15:41,19.58,60.35,1030.86,1,spoof
N08,2026-01-01T00:15:41,26.78,55.92,1007.48,0,none
N09,2026-01-01T00:15:41,27.2,55.73,1007.34,0,none
N10,2026-01-01T00:15:41,25.67,58.71,1008.4,0,none
N01,2026-01-01T00:15:42,26.76,54.31,1007.1,0,none
N02,2026-01-01T00:15:42,26.0,57.18,1008.69,0,none
N03,2026-01-01T00:15:42,27.36,55.02,1008.34,0,none
N04,2026-01-01T00:15:42,25.94,55.46,1007.93,0,none
N05,2026-01-01T00:15:42,25.74,54.38,1008.46,0,none
N06,2026-01-01T00:15:42,26.59,54.88,1008.4,0,none
N07,2026-01-01T00:15:42,37.78,36.7,987.74,1,spoof
N08,2026-01-01T00:15:42,27.11,57.15,1007.21,0,none
N09,2026-01-01T00:15:42,27.47,55.78,1007.43,0,none
N10,2026-01-01T00:15:42,25.96,58.36,1008.69,0,none
N01,2026-01-01T00:15:43,26.56,54.03,1007.51,0,none
N02,2026-01-01T00:15:43,26.06,57.72,1008.65,0,none
N03,2026-01-01T00:15:43,27.14,54.1,1007.91,0,none
N04,2026-01-01T00:15:43,25.67,54.32,1008.13,0,none
N05,2026-01-01T00:15:43,25.63,55.87,1008.45,0,none
N06,2026-01-01T00:15:43,26.5,54.91,1008.46,0,none
N07,2026-01-01T00:15:43,27.64,73.47,1011.62,1,spoof
N08,2026-01-01T00:15:43,26.8,56.12,1007.04,0,none
N09,2026-01-01T00:15:43,27.18,56.23,1006.96,0,none
N10,2026-01-01T00:15:43,25.76,57.54,1008.29,0,none
N01,2026-01-01T00:15:44,26.65,55.15,1007.76,0,none
N02,2026-01-01T00:15:44,25.94,57.41,1008.26,0,none
N03,2026-01-01T00:15:44,27.17,55.08,1008.25,0,none
N04,2026-01-01T00:15:44,25.65,56.3,1007.82,0,none
N05,2026-01-01T00:15:44,25.78,55.59,1009.12,0,none
N06,2026-01-01T00:15:44,26.73,55.38,1008.66,0,none
N07,2026-01-01T00:15:44,16.41,54.25,1007.41,1,spoof
N08,2026-01-01T00:15:44,27.13,55.67,1007.05,0,none
N09,2026-01-01T00:15:44,27.29,55.59,1006.87,0,none
N10,2026-01-01T00:15:44,25.67,57.91,1008.21,0,none
N01,2026-01-01T00:15:45,26.75,54.54,1007.47,0,none
N02,2026-01-01T00:15:45,25.85,57.47,1008.82,0,none
N03,2026-01-01T00:15:45,27.42,55.54,1007.79,0,none
N04,2026-01-01T00:15:45,25.45,54.16,1008.0,0,none
N05,2026-01-01T00:15:45,25.49,55.18,1008.56,0,none
N06,2026-01-01T00:15:45,26.74,54.64,1008.57,0,none
N07,2026-01-01T00:15:45,24.92,71.98,999.37,1,spoof
N08,2026-01-01T00:15:45,26.83,55.86,1007.29,0,none
N09,2026-01-01T00:15:45,27.39,55.07,1007.06,0,none
N10,2026-01-01T00:15:45,25.6,58.71,1008.42,0,none
N01,2026-01-01T00:15:46,26.56,53.93,1007.29,0,none
N02,2026-01-01T00:15:46,25.77,56.4,1008.7,0,none
N03,2026-01-01T00:15:46,27.14,54.01,1007.91,0,none
N04,2026-01-01T00:15:46,25.5,55.93,1008.32,0,none
N05,2026-01-01T00:15:46,25.5,54.53,1008.21,0,none
N06,2026-01-01T00:15:46,26.44,54.36,1008.05,0,none
N07,2026-01-01T00:15:46,24.47,70.5,1025.37,1,spoof
N08,2026-01-01T00:15:46,26.7,55.91,1007.27,0,none
N09,2026-01-01T00:15:46,27.21,55.69,1006.59,0,none
N10,2026-01-01T00:15:46,25.4,58.5,1008.64,0,none
N01,2026-01-01T00:15:47,26.49,52.81,1007.65,0,none
N02,2026-01-01T00:15:47,25.95,57.16,1008.37,0,none
N03,2026-01-01T00:15:47,27.12,53.89,1007.86,0,none
N04,2026-01-01T00:15:47,25.5,55.41,1008.05,0,none
N05,2026-01-01T00:15:47,25.63,54.86,1007.66,0,none
N06,2026-01-01T00:15:47,26.37,54.11,1007.96,0,none
N07,2026-01-01T00:15:47,19.54,35.75,1024.58,1,spoof
N08,2026-01-01T00:15:47,26.75,54.64,1007.05,0,none
N09,2026-01-01T00:15:47,26.99,54.7,1006.6,0,none
N10,2026-01-01T00:15:47,25.53,57.48,1008.1,0,none
N01,2026-01-01T00:15:48,26.54,54.67,1007.42,0,none
N02,2026-01-01T00:15:48,25.77,57.4,1008.64,0,none
N03,2026-01-01T00:15:48,26.78,54.04,1007.64,0,none
N04,2026-01-01T00:15:48,25.4,55.54,1007.79,0,none
N05,2026-01-01T00:15:48,25.46,55.17,1008.33,0,none
N06,2026-01-01T00:15:48,26.33,54.75,1007.99,0,none
N07,2026-01-01T00:15:48,37.22,53.79,1010.32,1,spoof
N08,2026-01-01T00:15:48,26.77,55.28,1007.13,0,none
N09,2026-01-01T00:15:48,27.04,55.77,1007.07,0,none
N10,2026-01-01T00:15:48,25.49,57.68,1008.27,0,none
N01,2026-01-01T00:15:49,26.53,53.13,1007.07,0,none
N02,2026-01-01T00:15:49,25.84,57.55,1008.2,0,none
N03,2026-01-01T00:15:49,26.65,53.72,1006.81,0,none
N04,2026-01-01T00:15:49,25.64,54.9,1008.15,0,none
N05,2026-01-01T00:15:49,25.54,54.46,1007.82,0,none
N06,2026-01-01T00:15:49,26.42,54.75,1008.09,0,none
N07,2026-01-01T00:15:49,22.72,67.57,1032.3,1,spoof
N08,2026-01-01T00:15:49,26.65,54.62,1007.44,0,none
N09,2026-01-01T00:15:49,27.16,54.38,1006.88,0,none
N10,2026-01-01T00:15:49,25.69,58.03,1007.82,0,none
N01,2026-01-01T00:15:50,26.26,54.32,1006.81,0,none
N02,2026-01-01T00:15:50,25.39,57.41,1008.24,0,none
N03,2026-01-01T00:15:50,27.17,53.2,1007.16,0,none
N04,2026-01-01T00:15:50,25.06,55.07,1007.75,0,none
N05,2026-01-01T00:15:50,25.31,55.49,1008.32,0,none
N06,2026-01-01T00:15:50,26.53,54.45,1008.06,0,none
N07,2026-01-01T00:15:50,37.73,76.16,998.51,1,spoof
N08,2026-01-01T00:15:50,26.56,56.13,1006.93,0,none
N09,2026-01-01T00:15:50,27.08,55.88,1007.03,0,none
N10,2026-01-01T00:15:50,25.38,57.87,1007.69,0,none
N01,2026-01-01T00:15:51,26.55,53.48,1007.3,0,none
N02,2026-01-01T00:15:51,25.71,56.4,1007.97,0,none
N03,2026-01-01T00:15:51,26.87,54.44,1007.73,0,none
N04,2026-01-01T00:15:51,25.17,54.46,1007.86,0,none
N05,2026-01-01T00:15:51,25.09,55.18,1008.44,0,none
N06,2026-01-01T00:15:51,26.27,55.54,1007.96,0,none
N07,2026-01-01T00:15:51,23.19,79.93,1031.91,1,spoof
N08,2026-01-01T00:15:51,26.31,55.54,1006.87,0,none
N09,2026-01-01T00:15:51,26.74,55.11,1006.77,0,none
N10,2026-01-01T00:15:51,25.29,58.31,1008.01,0,none
N01,2026-01-01T00:15:52,26.31,53.49,1007.43,0,none
N02,2026-01-01T00:15:52,25.48,57.72,1007.69,0,none
N03,2026-01-01T00:15:52,26.63,53.72,1007.48,0,none
N04,2026-01-01T00:15:52,25.28,55.1,1008.21,0,none
N05,2026-01-01T00:15:52,25.34,55.06,1007.42,0,none
N06,2026-01-01T00:15:52,26.01,55.31,1007.72,0,none
N07,2026-01-01T00:15:52,35.07,55.53,1001.63,1,spoof
N08,2026-01-01T00:15:52,26.38,54.81,1006.64,0,none
N09,2026-01-01T00:15:52,26.89,55.15,1006.48,0,none
N10,2026-01-01T00:15:52,25.45,57.29,1007.27,0,none
N01,2026-01-01T00:15:53,26.3,53.74,1007.27,0,none
N02,2026-01-01T00:15:53,25.53,56.28,1008.56,0,none
N03,2026-01-01T00:15:53,26.92,54.47,1007.51,0,none
N04,2026-01-01T00:15:53,25.35,53.57,1007.76,0,none
N05,2026-01-01T00:15:53,25.39,54.81,1007.63,0,none
N06,2026-01-01T00:15:53,26.25,54.54,1007.42,0,none
N07,2026-01-01T00:15:53,16.9,71.94,1032.06,1,spoof
N08,2026-01-01T00:15:53,26.67,54.02,1006.47,0,none
N09,2026-01-01T00:15:53,26.88,54.44,1007.06,0,none
N10,2026-01-01T00:15:53,25.33,56.87,1007.39,0,none
N01,2026-01-01T00:15:54,26.47,53.73,1006.78,0,none
N02,2026-01-01T00:15:54,25.39,57.33,1007.74,0,none
N03,2026-01-01T00:15:54,26.92,54.1,1007.04,0,none
N04,2026-01-01T00:15:54,25.24,54.72,1007.74,0,none
N05,2026-01-01T00:15:54,25.38,54.09,1008.2,0,none
N06,2026-01-01T00:15:54,26.46,55.14,1007.37,0,none
N07,2026-01-01T00:15:54,34.33,70.25,982.88,1,spoof
N08,2026-01-01T00:15:54,26.57,54.38,1006.63,0,none
N09,2026-01-01T00:15:54,27.26,55.59,1006.49,0,none
N10,2026-01-01T00:15:54,25.66,57.58,1007.62,0,none
N01,2026-01-01T00:15:55,26.48,53.25,1006.8,0,none
N02,2026-01-01T00:15:55,25.6,56.58,1008.44,0,none
N03,2026-01-01T00:15:55,26.67,53.14,1007.38,0,none
N04,2026-01-01T00:15:55,25.24,53.74,1007.21,0,none
N05,2026-01-01T00:15:55,25.18,54.54,1007.79,0,none
N06,2026-01-01T00:15:55,26.46,54.3,1007.38,0,none
N07,2026-01-01T00:15:55,33.16,80.69,1011.05,1,spoof
N08,2026-01-01T00:15:55,26.58,54.42,1006.66,0,none
N09,2026-01-01T00:15:55,26.77,55.18,1005.98,0,none
N10,2026-01-01T00:15:55,25.3,57.15,1007.73,0,none
N01,2026-01-01T00:15:56,26.21,53.12,1006.98,0,none
N02,2026-01-01T00:15:56,25.55,56.19,1007.88,0,none
N03,2026-01-01T00:15:56,26.73,53.94,1007.49,0,none
N04,2026-01-01T00:15:56,25.35,54.69,1007.16,0,none
N05,2026-01-01T00:15:56,25.42,54.1,1008.04,0,none
N06,2026-01-01T00:15:56,26.08,53.77,1007.69,0,none
N07,2026-01-01T00:15:56,21.51,44.03,992.65,1,spoof
N08,2026-01-01T00:15:56,26.51,54.39,1006.69,0,none
N09,2026-01-01T00:15:56,26.71,55.46,1006.69,0,none
N10,2026-01-01T00:15:56,25.56,56.92,1008.13,0,none
N01,2026-01-01T00:15:57,26.17,52.66,1006.93,0,none
N02,2026-01-01T00:15:57,25.58,57.06,1007.89,0,none
N03,2026-01-01T00:15:57,26.75,53.39,1007.13,0,none
N04,2026-01-01T00:15:57,25.3,54.19,1007.22,0,none
N05,2026-01-01T00:15:57,25.33,53.23,1007.48,0,none
N06,2026-01-01T00:15:57,26.18,54.24,1007.6,0,none
N07,2026-01-01T00:15:57,33.81,64.51,990.99,1,spoof
N08,2026-01-01T00:15:57,26.42,54.67,1006.8,0,none
N09,2026-01-01T00:15:57,26.95,54.34,1006.27,0,none
N10,2026-01-01T00:15:57,25.21,57.49,1007.44,0,none
N01,2026-01-01T00:15:58,26.38,52.57,1006.57,0,none
N02,2026-01-01T00:15:58,25.6,57.21,1007.93,0,none
N03,2026-01-01T00:15:58,26.45,52.7,1007.3,0,none
N04,2026-01-01T00:15:58,25.01,54.35,1007.47,0,none
N05,2026-01-01T00:15:58,25.34,54.12,1007.79,0,none
N06,2026-01-01T00:15:58,25.89,53.86,1007.68,0,none
N07,2026-01-01T00:15:58,20.36,77.57,997.31,1,spoof
N08,2026-01-01T00:15:58,26.33,54.04,1006.57,0,none
N09,2026-01-01T00:15:58,26.65,54.53,1006.68,0,none
N10,2026-01-01T00:15:58,25.17,56.47,1007.42,0,none
N01,2026-01-01T00:15:59,26.31,52.85,1007.01,0,none
N02,2026-01-01T00:15:59,25.41,56.35,1007.98,0,none
N03,2026-01-01T00:15:59,26.73,52.13,1007.02,0,none
N04,2026-01-01T00:15:59,24.88,54.45,1007.69,0,none
N05,2026-01-01T00:15:59,24.96,53.94,1007.68,0,none
N06,2026-01-01T00:15:59,26.0,54.32,1007.54,0,none
N07,2026-01-01T00:15:59,17.67,35.79,1028.79,1,spoof
N08,2026-01-01T00:15:59,26.11,54.26,1006.33,0,none
N09,2026-01-01T00:15:59,26.82,54.42,1006.99,0,none
N10,2026-01-01T00:15:59,25.16,57.54,1007.89,0,none
N01,2026-01-01T00:16:00,26.18,53.47,1006.71,0,none
N02,2026-01-01T00:16:00,25.25,56.31,1007.09,0,none
N03,2026-01-01T00:16:00,26.53,53.03,1006.61,0,none
N04,2026-01-01T00:16:00,25.14,54.53,1007.46,0,none
N05,2026-01-01T00:16:00,25.36,53.41,1008.0,0,none
N06,2026-01-01T00:16:00,26.05,54.75,1007.57,0,none
N07,2026-01-01T00:16:00,26.29,53.28,1007.73,0,none
N08,2026-01-01T00:16:00,26.37,55.25,1006.56,0,none
N09,2026-01-01T00:16:00,26.81,55.17,1006.18,0,none
N10,2026-01-01T00:16:00,25.26,57.4,1007.89,0,none
N01,2026-01-01T00:16:01,26.29,53.17,1006.37,0,none
N02,2026-01-01T00:16:01,25.23,56.51,1007.53,0,none
N03,2026-01-01T00:16:01,26.97,52.82,1006.59,0,none
N04,2026-01-01T00:16:01,24.9,54.54,1007.41,0,none
N05,2026-01-01T00:16:01,24.9,53.64,1008.16,0,none
N06,2026-01-01T00:16:01,25.86,54.64,1008.05,0,none
N07,2026-01-01T00:16:01,26.48,53.03,1008.11,0,none
N08,2026-01-01T00:16:01,26.27,54.12,1006.29,0,none
N09,2026-01-01T00:16:01,26.53,54.73,1006.35,0,none
N10,2026-01-01T00:16:01,25.41,57.32,1007.02,0,none
N01,2026-01-01T00:16:02,25.95,53.32,1006.27,0,none
N02,2026-01-01T00:16:02,25.3,56.45,1007.29,0,none
N03,2026-01-01T00:16:02,26.32,53.19,1007.21,0,none
N04,2026-01-01T00:16:02,24.79,53.72,1006.68,0,none
N05,2026-01-01T00:16:02,25.1,53.67,1007.64,0,none
N06,2026-01-01T00:16:02,25.85,54.22,1007.14,0,none
N07,2026-01-01T00:16:02,26.24,52.37,1007.6,0,none
N08,2026-01-01T00:16:02,25.91,54.43,1005.49,0,none
N09,2026-01-01T00:16:02,26.29,54.61,1006.21,0,none
N10,2026-01-01T00:16:02,25.04,56.77,1007.48,0,none
N01,2026-01-01T00:16:03,25.83,52.3,1006.49,0,none
N02,2026-01-01T00:16:03,24.92,56.27,1007.86,0,none
N03,2026-01-01T00:16:03,26.42,52.57,1006.94,0,none
N04,2026-01-01T00:16:03,24.95,53.77,1007.29,0,none
N05,2026-01-01T00:16:03,24.77,53.12,1007.21,0,none
N06,2026-01-01T00:16:03,25.67,53.49,1007.04,0,none
N07,2026-01-01T00:16:03,26.38,53.01,1007.83,0,none
N08,2026-01-01T00:16:03,25.98,54.18,1005.75,0,none
N09,2026-01-01T00:16:03,26.45,55.02,1006.02,0,none
N10,2026-01-01T00:16:03,24.99,56.7,1007.23,0,none
N01,2026-01-01T00:16:04,25.89,53.4,1006.03,0,none
N02,2026-01-01T00:16:04,25.24,56.1,1007.68,0,none
N03,2026-01-01T00:16:04,26.1,53.53,1006.89,0,none
N04,2026-01-01T00:16:04,25.05,54.65,1007.11,0,none
N05,2026-01-01T00:16:04,24.74,53.95,1007.05,0,none
N06,2026-01-01T00:16:04,25.93,54.53,1007.49,0,none
N07,2026-01-01T00:16:04,26.13,52.94,1008.4,0,none
N08,2026-01-01T00:16:04,26.07,54.7,1005.81,0,none
N09,2026-01-01T00:16:04,26.61,55.14,1006.52,0,none
N10,2026-01-01T00:16:04,25.01,56.94,1007.11,0,none
N01,2026-01-01T00:16:05,25.73,53.06,1006.54,0,none
N02,2026-01-01T00:16:05,25.29,56.1,1007.66,0,none
N03,2026-01-01T00:16:05,26.53,52.81,1006.36,0,none
N04,2026-01-01T00:16:05,25.11,53.77,1007.7,0,none
N05,2026-01-01T00:16:05,24.94,53.78,1007.66,0,none
N06,2026-01-01T00:16:05,25.9,52.93,1007.12,0,none
N07,2026-01-01T00:16:05,26.23,52.48,1007.35,0,none
N08,2026-01-01T00:16:05,26.32,53.09,1005.54,0,none
N09,2026-01-01T00:16:05,26.48,54.95,1006.07,0,none
N10,2026-01-01T00:16:05,25.15,57.29,1006.92,0,none
N01,2026-01-01T00:16:06,25.87,53.84,1006.84,0,none
N02,2026-01-01T00:16:06,25.18,55.99,1007.64,0,none
N03,2026-01-01T00:16:06,26.49,52.71,1006.45,0,none
N04,2026-01-01T00:16:06,24.85,53.13,1006.96,0,none
N05,2026-01-01T00:16:06,24.63,53.07,1007.5,0,none
N06,2026-01-01T00:16:06,25.86,54.45,1006.42,0,none
N07,2026-01-01T00:16:06,26.25,52.56,1007.83,0,none
N08,2026-01-01T00:16:06,26.08,53.66,1006.18,0,none
N09,2026-01-01T00:16:06,26.54,54.27,1006.06,0,none
N10,2026-01-01T00:16:06,25.1,56.84,1007.56,0,none
N01,2026-01-01T00:16:07,26.08,52.15,1006.97,0,none
N02,2026-01-01T00:16:07,25.45,57.18,1007.11,0,none
N03,2026-01-01T00:16:07,26.38,52.69,1007.31,0,none
N04,2026-01-01T00:16:07,24.58,53.53,1007.29,0,none
N05,2026-01-01T00:16:07,24.86,52.86,1006.95,0,none
N06,2026-01-01T00:16:07,25.85,54.09,1007.07,0,none
N07,2026-01-01T00:16:07,26.51,52.65,1007.65,0,none
N08,2026-01-01T00:16:07,25.95,53.39,1005.96,0,none
N09,2026-01-01T00:16:07,26.61,53.33,1006.44,0,none
N10,2026-01-01T00:16:07,24.96,57.13,1007.51,0,none
N01,2026-01-01T00:16:08,25.89,52.64,1006.11,0,none
N02,2026-01-01T00:16:08,25.14,55.21,1006.97,0,none
N03,2026-01-01T00:16:08,26.31,52.24,1007.07,0,none
N04,2026-01-01T00:16:08,24.91,54.11,1006.51,0,none
N05,2026-01-01T00:16:08,24.71,53.54,1006.9,0,none
N06,2026-01-01T00:16:08,25.93,53.35,1007.0,0,none
N07,2026-01-01T00:16:08,26.14,51.95,1007.79,0,none
N08,2026-01-01T00:16:08,26.02,54.06,1005.93,0,none
N09,2026-01-01T00:16:08,26.44,54.32,1006.44,0,none
N10,2026-01-01T00:16:08,25.09,55.48,1007.17,0,none
N01,2026-01-01T00:16:09,25.94,53.09,1005.84,0,none
N02,2026-01-01T00:16:09,25.07,55.74,1007.88,0,none
N03,2026-01-01T00:16:09,26.25,52.95,1007.05,0,none
N04,2026-01-01T00:16:09,24.72,53.88,1007.21,0,none
N05,2026-01-01T00:16:09,24.58,53.33,1007.19,0,none
N06,2026-01-01T00:16:09,25.75,53.82,1006.72,0,none
N07,2026-01-01T00:16:09,26.27,52.54,1007.8,0,none
N08,2026-01-01T00:16:09,25.82,52.96,1006.26,0,none
N09,2026-01-01T00:16:09,26.44,54.37,1005.71,0,none
N10,2026-01-01T00:16:09,24.85,57.07,1006.7,0,none
N01,2026-01-01T00:16:10,25.69,52.57,1006.42,0,none
N02,2026-01-01T00:16:10,25.26,56.4,1007.17,0,none
N03,2026-01-01T00:16:10,26.49,53.44,1006.33,0,none
N04,2026-01-01T00:16:10,24.68,53.88,1007.12,0,none
N05,2026-01-01T00:16:10,24.57,54.13,1007.27,0,none
N06,2026-01-01T00:16:10,25.75,54.11,1007.53,0,none
N07,2026-01-01T00:16:10,26.25,52.59,1007.24,0,none
N08,2026-01-01T00:16:10,26.0,55.07,1007.17,0,none
N09,2026-01-01T00:16:10,26.38,54.55,1005.91,0,none
N10,2026-01-01T00:16:10,24.96,56.46,1007.34,0,none
N01,2026-01-01T00:16:11,25.36,52.71,1006.03,0,none
N02,2026-01-01T00:16:11,24.81,56.71,1007.45,0,none
N03,2026-01-01T00:16:11,26.14,53.35,1006.86,0,none
N04,2026-01-01T00:16:11,24.51,54.6,1006.34,0,none
N05,2026-01-01T00:16:11,24.78,54.16,1007.25,0,none
N06,2026-01-01T00:16:11,25.62,53.72,1006.84,0,none
N07,2026-01-01T00:16:11,26.15,52.66,1007.77,0,none
N08,2026-01-01T00:16:11,25.76,55.2,1006.55,0,none
N09,2026-01-01T00:16:11,26.18,55.11,1005.93,0,none
N10,2026-01-01T00:16:11,24.96,56.08,1007.4,0,none
N01,2026-01-01T00:16:12,25.79,53.27,1006.77,0,none
N02,2026-01-01T00:16:12,25.05,55.13,1007.37,0,none
N03,2026-01-01T00:16:12,26.01,53.67,1006.09,0,none
N04,2026-01-01T00:16:12,24.75,53.14,1006.09,0,none
N05,2026-01-01T00:16:12,24.59,53.55,1007.18,0,none
N06,2026-01-01T00:16:12,25.58,54.14,1007.12,0,none
N07,2026-01-01T00:16:12,25.66,53.53,1007.51,0,none
N08,2026-01-01T00:16:12,25.99,53.64,1005.79,0,none
N09,2026-01-01T00:16:12,26.41,54.13,1005.82,0,none
N10,2026-01-01T00:16:12,24.63,56.42,1007.28,0,none
N01,2026-01-01T00:16:13,25.88,52.54,1006.18,0,none
N02,2026-01-01T00:16:13,24.87,55.05,1007.03,0,none
N03,2026-01-01T00:16:13,26.34,53.39,1006.45,0,none
N04,2026-01-01T00:16:13,24.36,54.27,1006.59,0,none
N05,2026-01-01T00:16:13,24.69,53.42,1006.83,0,none
N06,2026-01-01T00:16:13,25.31,52.97,1006.39,0,none
N07,2026-01-01T00:16:13,26.02,53.02,1007.25,0,none
N08,2026-01-01T00:16:13,25.95,53.96,1006.28,0,none
N09,2026-01-01T00:16:13,26.02,53.75,1005.68,0,none
N10,2026-01-01T00:16:13,24.73,55.86,1006.77,0,none
N01,2026-01-01T00:16:14,25.65,53.25,1006.23,0,none
N02,2026-01-01T00:16:14,24.83,56.38,1006.68,0,none
N03,2026-01-01T00:16:14,26.17,52.84,1005.99,0,none
N04,2026-01-01T00:16:14,24.65,52.98,1007.02,0,none
N05,2026-01-01T00:16:14,24.45,53.22,1006.89,0,none
N06,2026-01-01T00:16:14,25.56,53.42,1007.0,0,none
N07,2026-01-01T00:16:14,26.1,52.63,1007.06,0,none
N08,2026-01-01T00:16:14,25.53,54.52,1005.54,0,none
N09,2026-01-01T00:16:14,26.5,54.24,1005.27,0,none
N10,2026-01-01T00:16:14,24.86,57.24,1006.54,0,none
N01,2026-01-01T00:16:15,25.82,52.22,1005.74,0,none
N02,2026-01-01T00:16:15,24.62,55.96,1006.92,0,none
N03,2026-01-01T00:16:15,26.26,51.68,1006.29,0,none
N04,2026-01-01T00:16:15,24.72,52.91,1006.76,0,none
N05,2026-01-01T00:16:15,24.78,52.93,1007.21,0,none
N06,2026-01-01T00:16:15,25.38,54.3,1006.82,0,none
N07,2026-01-01T00:16:15,26.09,51.5,1007.32,0,none
N08,2026-01-01T00:16:15,25.65,54.24,1005.5,0,none
N09,2026-01-01T00:16:15,26.1,54.24,1005.22,0,none
N10,2026-01-01T00:16:15,24.9,56.46,1006.56,0,none
N01,2026-01-01T00:16:16,25.39,52.35,1005.67,0,none
N02,2026-01-01T00:16:16,24.65,55.06,1007.03,0,none
N03,2026-01-01T00:16:16,25.75,52.36,1006.45,0,none
N04,2026-01-01T00:16:16,24.41,52.16,1006.64,0,none
N05,2026-01-01T00:16:16,24.48,53.32,1006.42,0,none
N06,2026-01-01T00:16:16,25.36,53.23,1006.16,0,none
N07,2026-01-01T00:16:16,26.0,53.02,1007.0,0,none
N08,2026-01-01T00:16:16,25.78,53.74,1005.22,0,none
N09,2026-01-01T00:16:16,26.03,54.49,1005.87,0,none
N10,2026-01-01T00:16:16,24.59,55.92,1006.32,0,none
N01,2026-01-01T00:16:17,25.27,52.3,1005.52,0,none
N02,2026-01-01T00:16:17,24.89,55.25,1006.45,0,none
N03,2026-01-01T00:16:17,26.13,52.66,1006.2,0,none
N04,2026-01-01T00:16:17,24.45,52.43,1006.44,0,none
N05,2026-01-01T00:16:17,24.28,52.64,1007.17,0,none
N06,2026-01-01T00:16:17,25.64,53.14,1006.8,0,none
N07,2026-01-01T00:16:17,25.69,51.79,1007.52,0,none
N08,2026-01-01T00:16:17,25.82,53.67,1006.07,0,none
N09,2026-01-01T00:16:17,25.8,53.11,1005.83,0,none
N10,2026-01-01T00:16:17,24.68,57.21,1006.52,0,none
N01,2026-01-01T00:16:18,25.28,51.99,1005.14,0,none
N02,2026-01-01T00:16:18,24.65,55.4,1006.72,0,none
N03,2026-01-01T00:16:18,26.14,52.4,1006.13,0,none
N04,2026-01-01T00:16:18,24.49,53.58,1006.53,0,none
N05,2026-01-01T00:16:18,24.54,53.74,1006.8,0,none
N06,2026-01-01T00:16:18,25.26,53.62,1006.7,0,none
N07,2026-01-01T00:16:18,25.92,52.18,1006.55,0,none
N08,2026-01-01T00:16:18,25.4,53.65,1005.8,0,none
N09,2026-01-01T00:16:18,25.99,53.96,1005.27,0,none
N10,2026-01-01T00:16:18,24.37,55.97,1007.23,0,none
N01,2026-01-01T00:16:19,25.52,53.21,1005.99,0,none
N02,2026-01-01T00:16:19,24.51,56.5,1006.69,0,none
N03,2026-01-01T00:16:19,26.25,53.05,1006.43,0,none
N04,2026-01-01T00:16:19,24.42,53.07,1006.15,0,none
N05,2026-01-01T00:16:19,24.41,52.75,1006.5,0,none
N06,2026-01-01T00:16:19,25.19,53.16,1006.49,0,none
N07,2026-01-01T00:16:19,25.73,52.85,1006.92,0,none
N08,2026-01-01T00:16:19,25.93,54.54,1005.68,0,none
N09,2026-01-01T00:16:19,25.97,53.53,1005.03,0,none
N10,2026-01-01T00:16:19,24.42,56.15,1006.38,0,none
N01,2026-01-01T00:16:20,25.66,51.51,1005.68,0,none
N02,2026-01-01T00:16:20,24.87,55.08,1007.03,0,none
N03,2026-01-01T00:16:20,25.65,52.54,1006.24,0,none
N04,2026-01-01T00:16:20,24.42,52.73,1006.58,0,none
N05,2026-01-01T00:16:20,24.29,52.89,1006.61,0,none
N06,2026-01-01T00:16:20,25.32,53.0,1006.34,0,none
N07,2026-01-01T00:16:20,25.8,52.51,1007.09,0,none
N08,2026-01-01T00:16:20,25.64,53.25,1005.86,0,none
N09,2026-01-01T00:16:20,26.16,53.58,1005.34,0,none
N10,2026-01-01T00:16:20,24.68,55.74,1006.16,0,none
N01,2026-01-01T00:16:21,25.43,52.07,1006.07,0,none
N02,2026-01-01T00:16:21,24.72,55.32,1006.89,0,none
N03,2026-01-01T00:16:21,25.78,52.96,1006.68,0,none
N04,2026-01-01T00:16:21,24.37,53.3,1007.06,0,none
N05,2026-01-01T00:16:21,24.5,53.8,1006.84,0,none
N06,2026-01-01T00:16:21,25.51,52.59,1006.81,0,none
N07,2026-01-01T00:16:21,25.68,52.47,1007.22,0,none
N08,2026-01-01T00:16:21,25.72,53.37,1005.6,0,none
N09,2026-01-01T00:16:21,25.9,53.61,1005.79,0,none
N10,2026-01-01T00:16:21,24.58,56.59,1006.55,0,none
N01,2026-01-01T00:16:22,25.57,52.62,1006.07,0,none
N02,2026-01-01T00:16:22,24.64,55.22,1006.64,0,none
N03,2026-01-01T00:16:22,25.93,52.47,1006.14,0,none
N04,2026-01-01T00:16:22,23.99,52.71,1006.42,0,none
N05,2026-01-01T00:16:22,24.46,52.5,1006.87,0,none
N06,2026-01-01T00:16:22,25.16,52.7,1006.33,0,none
N07,2026-01-01T00:16:22,25.81,51.24,1006.88,0,none
N08,2026-01-01T00:16:22,25.66,53.5,1004.97,0,none
N09,2026-01-01T00:16:22,26.0,53.71,1005.7,0,none
N10,2026-01-01T00:16:22,24.66,56.09,1006.1,0,none
N01,2026-01-01T00:16:23,25.78,51.3,1005.53,0,none
N02,2026-01-01T00:16:23,24.91,54.02,1006.86,0,none
N03,2026-01-01T00:16:23,26.01,52.34,1006.14,0,none
N04,2026-01-01T00:16:23,24.23,52.72,1006.44,0,none
N05,2026-01-01T00:16:23,24.34,52.91,1006.95,0,none
N06,2026-01-01T00:16:23,25.1,52.47,1006.24,0,none
N07,2026-01-01T00:16:23,25.74,51.07,1006.56,0,none
N08,2026-01-01T00:16:23,25.68,53.88,1005.01,0,none
N09,2026-01-01T00:16:23,26.28,53.46,1005.19,0,none
N10,2026-01-01T00:16:23,24.57,56.76,1006.53,0,none
N01,2026-01-01T00:16:24,25.49,53.18,1005.74,0,none
N02,2026-01-01T00:16:24,24.57,54.65,1006.5,0,none
N03,2026-01-01T00:16:24,26.04,53.24,1005.84,0,none
N04,2026-01-01T00:16:24,24.58,53.77,1006.54,0,none
N05,2026-01-01T00:16:24,24.59,52.8,1006.78,0,none
N06,2026-01-01T00:16:24,25.28,52.18,1006.97,0,none
N07,2026-01-01T00:16:24,25.83,52.26,1006.99,0,none
N08,2026-01-01T00:16:24,25.51,53.09,1005.39,0,none
N09,2026-01-01T00:16:24,25.93,53.16,1005.2,0,none
N10,2026-01-01T00:16:24,24.72,56.23,1006.34,0,none
N01,2026-01-01T00:16:25,25.29,52.32,1006.05,0,none
N02,2026-01-01T00:16:25,24.66,55.0,1006.78,0,none
N03,2026-01-01T00:16:25,25.81,52.52,1006.08,0,none
N04,2026-01-01T00:16:25,24.38,52.1,1006.45,0,none
N05,2026-01-01T00:16:25,24.41,52.2,1006.49,0,none
N06,2026-01-01T00:16:25,25.39,53.26,1006.68,0,none
N07,2026-01-01T00:16:25,25.61,51.84,1007.38,0,none
N08,2026-01-01T00:16:25,25.56,52.17,1006.01,0,none
N09,2026-01-01T00:16:25,25.8,53.1,1005.48,0,none
N10,2026-01-01T00:16:25,24.53,56.17,1006.54,0,none
N01,2026-01-01T00:16:26,25.29,52.06,1006.08,0,none
N02,2026-01-01T00:16:26,24.8,55.44,1006.76,0,none
N03,2026-01-01T00:16:26,25.76,52.81,1006.41,0,none
N04,2026-01-01T00:16:26,24.22,52.78,1006.23,0,none
N05,2026-01-01T00:16:26,24.36,52.53,1006.32,0,none
N06,2026-01-01T00:16:26,25.46,52.84,1006.82,0,none
N07,2026-01-01T00:16:26,25.56,51.91,1007.16,0,none
N08,2026-01-01T00:16:26,25.33,53.61,1005.43,0,none
N09,2026-01-01T00:16:26,26.25,53.65,1005.7,0,none
N10,2026-01-01T00:16:26,23.96,56.6,1006.75,0,none
N01,2026-01-01T00:16:27,25.2,51.78,1005.83,0,none
N02,2026-01-01T00:16:27,24.75,55.68,1006.79,0,none
N03,2026-01-01T00:16:27,25.81,52.24,1005.88,0,none
N04,2026-01-01T00:16:27,24.43,52.44,1006.27,0,none
N05,2026-01-01T00:16:27,24.5,52.42,1006.99,0,none
N06,2026-01-01T00:16:27,25.18,52.24,1006.72,0,none
N07,2026-01-01T00:16:27,25.7,51.8,1007.01,0,none
N08,2026-01-01T00:16:27,25.48,53.45,1005.73,0,none
N09,2026-01-01T00:16:27,25.71,53.73,1005.39,0,none
N10,2026-01-01T00:16:27,24.2,56.31,1007.29,0,none
N01,2026-01-01T00:16:28,25.32,51.64,1005.8,0,none
N02,2026-01-01T00:16:28,24.43,56.08,1007.5,0,none
N03,2026-01-01T00:16:28,25.81,52.24,1006.21,0,none
N04,2026-01-01T00:16:28,24.16,53.73,1006.35,0,none
N05,2026-01-01T00:16:28,24.3,52.43,1006.84,0,none
N06,2026-01-01T00:16:28,25.38,53.06,1006.85,0,none
N07,2026-01-01T00:16:28,25.8,51.5,1007.31,0,none
N08,2026-01-01T00:16:28,25.43,53.6,1005.87,0,none
N09,2026-01-01T00:16:28,26.13,53.9,1006.01,0,none
N10,2026-01-01T00:16:28,24.3,56.13,1007.24,0,none
N01,2026-01-01T00:16:29,25.26,51.06,1005.74,0,none
N02,2026-01-01T00:16:29,24.38,55.03,,0,none
N03,2026-01-01T00:16:29,25.7,51.99,1006.54,0,none
N04,2026-01-01T00:16:29,23.98,52.44,1006.15,0,none
N05,2026-01-01T00:16:29,23.95,52.33,1007.19,0,none
N06,2026-01-01T00:16:29,25.39,53.42,1006.72,0,none
N07,2026-01-01T00:16:29,25.88,52.08,1007.66,0,none
N08,2026-01-01T00:16:29,25.79,53.75,1006.03,0,none
N09,2026-01-01T00:16:29,25.66,53.99,1005.2,0,none
N10,2026-01-01T00:16:29,24.27,56.01,1006.66,0,none
N01,2026-01-01T00:16:30,25.49,52.54,1005.45,0,none
N02,2026-01-01T00:16:30,24.62,55.88,1006.5,0,none
N03,2026-01-01T00:16:30,25.59,51.86,1006.58,0,none
N04,2026-01-01T00:16:30,24.09,52.14,1006.87,0,none
N05,2026-01-01T00:16:30,24.47,53.0,1007.8,0,none
N06,2026-01-01T00:16:30,25.19,52.73,1006.15,0,none
N07,2026-01-01T00:16:30,25.79,52.24,1006.57,0,none
N08,2026-01-01T00:16:30,25.18,54.36,1005.71,0,none
N09,2026-01-01T00:16:30,25.88,53.9,1005.1,0,none
N10,2026-01-01T00:16:30,24.39,55.72,1006.52,0,none
N01,2026-01-01T00:16:31,24.97,51.23,1005.86,0,none
N02,2026-01-01T00:16:31,24.73,56.29,1006.68,0,none
N03,2026-01-01T00:16:31,25.72,51.02,1006.27,0,none
N04,2026-01-01T00:16:31,24.31,53.49,1006.54,0,none
N05,2026-01-01T00:16:31,24.22,52.76,1007.26,0,none
N06,2026-01-01T00:16:31,24.78,53.03,1007.01,0,none
N07,2026-01-01T00:16:31,25.51,50.91,1007.28,0,none
N08,2026-01-01T00:16:31,25.45,53.42,1005.99,0,none
N09,2026-01-01T00:16:31,26.36,53.49,1005.43,0,none
N10,2026-01-01T00:16:31,24.28,56.46,1006.47,0,none
N01,2026-01-01T00:16:32,25.06,51.92,1005.5,0,none
N02,2026-01-01T00:16:32,24.42,56.03,1006.97,0,none
N03,2026-01-01T00:16:32,25.72,51.63,1005.58,0,none
N04,2026-01-01T00:16:32,24.04,53.54,1006.17,0,none
N05,2026-01-01T00:16:32,23.97,52.16,1006.86,0,none
N06,2026-01-01T00:16:32,25.16,52.74,1006.16,0,none
N07,2026-01-01T00:16:32,25.53,52.36,1007.06,0,none
N08,2026-01-01T00:16:32,25.32,53.92,1005.87,0,none
N09,2026-01-01T00:16:32,25.75,53.05,1005.42,0,none
N10,2026-01-01T00:16:32,24.13,54.99,1006.46,0,none
N01,2026-01-01T00:16:33,25.19,51.93,1005.39,0,none
N02,2026-01-01T00:16:33,24.51,55.35,1007.49,0,none
N03,2026-01-01T00:16:33,25.58,52.25,1006.52,0,none
N04,2026-01-01T00:16:33,24.14,53.22,1006.64,0,none
N05,2026-01-01T00:16:33,23.8,52.41,1007.04,0,none
N06,2026-01-01T00:16:33,25.22,52.86,1006.2,0,none
N07,2026-01-01T00:16:33,25.74,51.71,1007.08,0,none
N08,2026-01-01T00:16:33,25.48,52.95,1005.45,0,none
N09,2026-01-01T00:16:33,25.99,53.71,1005.13,0,none
N10,2026-01-01T00:16:33,24.17,56.31,1006.75,0,none
N01,2026-01-01T00:16:34,25.18,51.94,1006.17,0,none
N02,2026-01-01T00:16:34,24.38,56.3,1007.27,0,none
N03,2026-01-01T00:16:34,25.55,52.81,1006.58,0,none
N04,2026-01-01T00:16:34,23.94,52.31,1006.65,0,none
N05,2026-01-01T00:16:34,24.37,53.85,1006.69,0,none
N06,2026-01-01T00:16:34,25.25,52.99,1006.79,0,none
N07,2026-01-01T00:16:34,25.15,51.89,1006.88,0,none
N08,2026-01-01T00:16:34,25.3,52.96,1006.12,0,none
N09,2026-01-01T00:16:34,25.81,52.17,1006.02,0,none
N10,2026-01-01T00:16:34,24.0,55.3,1006.99,0,none
N01,2026-01-01T00:16:35,25.11,52.27,1005.54,0,none
N02,2026-01-01T00:16:35,24.2,55.75,1007.18,0,none
N03,2026-01-01T00:16:35,25.46,52.34,1006.66,0,none
N04,2026-01-01T00:16:35,24.07,53.8,1007.06,0,none
N05,2026-01-01T00:16:35,23.88,53.26,1007.11,0,none
N06,2026-01-01T00:16:35,24.83,53.02,1006.77,0,none
N07,2026-01-01T00:16:35,25.52,51.58,1006.94,0,none
N08,2026-01-01T00:16:35,25.21,52.89,1005.71,0,none
N09,2026-01-01T00:16:35,25.94,53.58,1005.55,0,none
N10,2026-01-01T00:16:35,24.13,56.89,1006.93,0,none
N01,2026-01-01T00:16:36,25.12,52.83,1006.27,0,none
N02,2026-01-01T00:16:36,24.36,54.9,1007.35,0,none
N03,2026-01-01T00:16:36,25.68,52.68,1006.48,0,none
N04,2026-01-01T00:16:36,23.97,53.43,1006.3,0,none
N05,2026-01-01T00:16:36,24.03,51.85,1006.87,0,none
N06,2026-01-01T00:16:36,24.62,52.67,1006.48,0,none
N07,2026-01-01T00:16:36,25.55,52.18,1007.61,0,none
N08,2026-01-01T00:16:36,25.07,54.61,1006.14,0,none
N09,2026-01-01T00:16:36,25.56,52.03,1005.84,0,none
N10,2026-01-01T00:16:36,23.99,55.33,1007.18,0,none
N01,2026-01-01T00:16:37,24.98,52.4,1005.67,0,none
N02,2026-01-01T00:16:37,24.31,55.81,1006.95,0,none
N03,2026-01-01T00:16:37,25.35,52.25,1006.77,0,none
N04,2026-01-01T00:16:37,23.69,54.12,1006.56,0,none
N05,2026-01-01T00:16:37,23.71,53.01,1006.9,0,none
N06,2026-01-01T00:16:37,24.72,52.95,1007.2,0,none
N07,2026-01-01T00:16:37,25.12,52.33,1007.09,0,none
N08,2026-01-01T00:16:37,25.43,53.87,1006.24,0,none
N09,2026-01-01T00:16:37,25.76,53.82,1006.19,0,none
N10,2026-01-01T00:16:37,24.11,56.03,1006.36,0,none
N01,2026-01-01T00:16:38,24.76,52.82,1005.87,0,none
N02,2026-01-01T00:16:38,24.12,55.78,1007.26,0,none
N03,2026-01-01T00:16:38,25.72,52.36,1007.46,1,drift
N04,2026-01-01T00:16:38,23.99,52.4,1006.19,1,drift
N05,2026-01-01T00:16:38,23.97,53.12,1006.64,0,none
N06,2026-01-01T00:16:38,25.07,52.95,1007.21,0,none
N07,2026-01-01T00:16:38,25.22,52.03,1006.81,0,none
N08,2026-01-01T00:16:38,25.26,53.83,1005.92,0,none
N09,2026-01-01T00:16:38,25.82,53.44,1005.59,0,none
N10,2026-01-01T00:16:38,23.98,55.54,1007.04,0,none
N01,2026-01-01T00:16:39,24.87,51.62,1005.48,0,none
N02,2026-01-01T00:16:39,24.27,55.89,1007.03,0,none
N03,2026-01-01T00:16:39,26.08,53.92,1007.7,1,drift
N04,2026-01-01T00:16:39,23.29,51.37,1005.42,1,drift
N05,2026-01-01T00:16:39,23.81,52.72,1007.1,0,none
N06,2026-01-01T00:16:39,24.98,53.67,1006.99,0,none
N07,2026-01-01T00:16:39,25.14,51.35,1007.5,0,none
N08,2026-01-01T00:16:39,24.73,53.35,1005.71,0,none
N09,2026-01-01T00:16:39,25.67,53.33,1005.84,0,none
N10,2026-01-01T00:16:39,23.91,56.72,1007.07,0,none
